Class,Algorithm,Parameter,ARI,Num_Clusters
Graph_based,fast_greedy,sim.cutoff=0.2,0.039658575577407366,4
Graph_based,louvain,sim.cutoff=0.2,0.06488535799679436,4
Graph_based,walktrap,sim.cutoff=0.2,0.022614860828866316,2
Graph_based,infomap,sim.cutoff=0.2,7.059178088590345e-17,1
Graph_based,label_prop,sim.cutoff=0.2,7.059178088590345e-17,1
Graph_based,leading_eigen,sim.cutoff=0.2,0.02910123527949632,2
Graph_based,leiden,sim.cutoff=0.2,NA,NA
Graph_based,edge_betweenness,sim.cutoff=0.2,NA,NA
Graph_based,spinglass,sim.cutoff=0.2,0.06513376353869574,4
Graph_based,fluid_community,sim.cutoff=0.2,0.027751369132950798,3
Graph_based,fast_greedy,sim.cutoff=0.21,0.03711746648628243,4
Graph_based,louvain,sim.cutoff=0.21,0.06243773125315988,4
Graph_based,walktrap,sim.cutoff=0.21,0.028190233297236012,2
Graph_based,infomap,sim.cutoff=0.21,7.059178088590345e-17,1
Graph_based,label_prop,sim.cutoff=0.21,7.059178088590345e-17,1
Graph_based,leading_eigen,sim.cutoff=0.21,0.029768793183213575,2
Graph_based,leiden,sim.cutoff=0.21,NA,NA
Graph_based,edge_betweenness,sim.cutoff=0.21,NA,NA
Graph_based,spinglass,sim.cutoff=0.21,0.06529040737016847,4
Graph_based,fluid_community,sim.cutoff=0.21,0.027245601843172346,3
Graph_based,fast_greedy,sim.cutoff=0.22,0.034952209900856464,3
Graph_based,louvain,sim.cutoff=0.22,0.06788292251933455,4
Graph_based,walktrap,sim.cutoff=0.22,0.02148891618281014,2
Graph_based,infomap,sim.cutoff=0.22,7.059178088590345e-17,1
Graph_based,label_prop,sim.cutoff=0.22,7.059178088590345e-17,1
Graph_based,leading_eigen,sim.cutoff=0.22,0.0291833895158071,2
Graph_based,leiden,sim.cutoff=0.22,NA,NA
Graph_based,edge_betweenness,sim.cutoff=0.22,NA,NA
Graph_based,spinglass,sim.cutoff=0.22,0.06671260133811269,5
Graph_based,fluid_community,sim.cutoff=0.22,0.04103545589519155,4
Graph_based,fast_greedy,sim.cutoff=0.23,0.03542380669025456,3
Graph_based,louvain,sim.cutoff=0.23,0.09137920755080675,5
Graph_based,walktrap,sim.cutoff=0.23,0.025506866085902233,2
Graph_based,infomap,sim.cutoff=0.23,7.059178088590345e-17,1
Graph_based,label_prop,sim.cutoff=0.23,7.059178088590345e-17,1
Graph_based,leading_eigen,sim.cutoff=0.23,0.028572840145259758,2
Graph_based,leiden,sim.cutoff=0.23,NA,NA
Graph_based,edge_betweenness,sim.cutoff=0.23,NA,NA
Graph_based,spinglass,sim.cutoff=0.23,0.06732822336602322,4
Graph_based,fluid_community,sim.cutoff=0.23,0.027150643958840565,3
Graph_based,fast_greedy,sim.cutoff=0.24,0.03129696251130147,3
Graph_based,louvain,sim.cutoff=0.24,0.08852470482145332,5
Graph_based,walktrap,sim.cutoff=0.24,0.02826738554927658,2
Graph_based,infomap,sim.cutoff=0.24,7.059178088590345e-17,1
Graph_based,label_prop,sim.cutoff=0.24,7.059178088590345e-17,1
Graph_based,leading_eigen,sim.cutoff=0.24,0.028593103730593997,2
Graph_based,leiden,sim.cutoff=0.24,NA,NA
Graph_based,edge_betweenness,sim.cutoff=0.24,NA,NA
Graph_based,spinglass,sim.cutoff=0.24,0.06647236028318926,4
Graph_based,fluid_community,sim.cutoff=0.24,0.03089757419956252,3
Graph_based,fast_greedy,sim.cutoff=0.25,0.028593103730593997,2
Graph_based,louvain,sim.cutoff=0.25,0.08972576034120146,5
Graph_based,walktrap,sim.cutoff=0.25,0.027996890872627446,2
Graph_based,infomap,sim.cutoff=0.25,7.059178088590345e-17,1
Graph_based,label_prop,sim.cutoff=0.25,7.059178088590345e-17,1
Graph_based,leading_eigen,sim.cutoff=0.25,0.02890127465116965,2
Graph_based,leiden,sim.cutoff=0.25,NA,NA
Graph_based,edge_betweenness,sim.cutoff=0.25,NA,NA
Graph_based,spinglass,sim.cutoff=0.25,0.06871168016428071,5
Graph_based,fluid_community,sim.cutoff=0.25,0.02951003562287338,3
Graph_based,fast_greedy,sim.cutoff=0.26,0.04061802369361438,3
Graph_based,louvain,sim.cutoff=0.26,0.09099614289267349,5
Graph_based,walktrap,sim.cutoff=0.26,0.027493338448464213,2
Graph_based,infomap,sim.cutoff=0.26,7.059178088590345e-17,1
Graph_based,label_prop,sim.cutoff=0.26,7.059178088590345e-17,1
Graph_based,leading_eigen,sim.cutoff=0.26,0.028875833052535306,2
Graph_based,leiden,sim.cutoff=0.26,NA,NA
Graph_based,edge_betweenness,sim.cutoff=0.26,NA,NA
Graph_based,spinglass,sim.cutoff=0.26,0.06652316328829659,4
Graph_based,fluid_community,sim.cutoff=0.26,0.031776166694933126,3
Graph_based,fast_greedy,sim.cutoff=0.27,0.04148517525383883,3
Graph_based,louvain,sim.cutoff=0.27,0.06727266597929345,4
Graph_based,walktrap,sim.cutoff=0.27,0.03053160229527512,3
Graph_based,infomap,sim.cutoff=0.27,7.059178088590345e-17,1
Graph_based,label_prop,sim.cutoff=0.27,7.059178088590345e-17,1
Graph_based,leading_eigen,sim.cutoff=0.27,0.04454963015644563,3
Graph_based,leiden,sim.cutoff=0.27,NA,NA
Graph_based,edge_betweenness,sim.cutoff=0.27,NA,NA
Graph_based,spinglass,sim.cutoff=0.27,0.06713230224261883,5
Graph_based,fluid_community,sim.cutoff=0.27,0.0332383620199791,3
Graph_based,fast_greedy,sim.cutoff=0.28,0.04332882568448996,3
Graph_based,louvain,sim.cutoff=0.28,0.06588440837424617,4
Graph_based,walktrap,sim.cutoff=0.28,0.03389900949326899,3
Graph_based,infomap,sim.cutoff=0.28,7.059178088590345e-17,1
Graph_based,label_prop,sim.cutoff=0.28,7.059178088590345e-17,1
Graph_based,leading_eigen,sim.cutoff=0.28,0.04341820703228048,3
Graph_based,leiden,sim.cutoff=0.28,NA,NA
Graph_based,edge_betweenness,sim.cutoff=0.28,NA,NA
Graph_based,spinglass,sim.cutoff=0.28,0.06571537175868425,5
Graph_based,fluid_community,sim.cutoff=0.28,0.04251501245188735,4
Graph_based,fast_greedy,sim.cutoff=0.29,0.04301954602259283,3
Graph_based,louvain,sim.cutoff=0.29,0.09249248069090216,5
Graph_based,walktrap,sim.cutoff=0.29,0.03640157621202609,4
Graph_based,infomap,sim.cutoff=0.29,7.059178088590345e-17,1
Graph_based,label_prop,sim.cutoff=0.29,7.059178088590345e-17,1
Graph_based,leading_eigen,sim.cutoff=0.29,0.04390517398406341,4
Graph_based,leiden,sim.cutoff=0.29,NA,NA
Graph_based,edge_betweenness,sim.cutoff=0.29,NA,NA
Graph_based,spinglass,sim.cutoff=0.29,0.09139834739031612,5
Graph_based,fluid_community,sim.cutoff=0.29,0.04128830952625747,4
Graph_based,fast_greedy,sim.cutoff=0.3,0.030186672253806477,3
Graph_based,louvain,sim.cutoff=0.3,0.09929232683431263,5
Graph_based,walktrap,sim.cutoff=0.3,0.03877669922402741,4
Graph_based,infomap,sim.cutoff=0.3,7.059178088590345e-17,1
Graph_based,label_prop,sim.cutoff=0.3,7.059178088590345e-17,1
Graph_based,leading_eigen,sim.cutoff=0.3,0.043023171242197095,3
Graph_based,leiden,sim.cutoff=0.3,NA,NA
Graph_based,edge_betweenness,sim.cutoff=0.3,NA,NA
Graph_based,spinglass,sim.cutoff=0.3,0.09390639724973068,6
Graph_based,fluid_community,sim.cutoff=0.3,0.035992085347616325,3
Graph_based,fast_greedy,sim.cutoff=0.31,0.03551561660998548,3
Graph_based,louvain,sim.cutoff=0.31,0.09246723328426287,5
Graph_based,walktrap,sim.cutoff=0.31,0.031464712794636036,3
Graph_based,infomap,sim.cutoff=0.31,7.059178088590345e-17,1
Graph_based,label_prop,sim.cutoff=0.31,7.059178088590345e-17,1
Graph_based,leading_eigen,sim.cutoff=0.31,0.043375623561274036,3
Graph_based,leiden,sim.cutoff=0.31,NA,NA
Graph_based,edge_betweenness,sim.cutoff=0.31,NA,NA
Graph_based,spinglass,sim.cutoff=0.31,0.09068856310835646,5
Graph_based,fluid_community,sim.cutoff=0.31,0.04432247765670691,4
Graph_based,fast_greedy,sim.cutoff=0.32,0.04444625069203314,3
Graph_based,louvain,sim.cutoff=0.32,0.09119228936211,5
Graph_based,walktrap,sim.cutoff=0.32,0.03465291207624854,4
Graph_based,infomap,sim.cutoff=0.32,7.059178088590345e-17,1
Graph_based,label_prop,sim.cutoff=0.32,7.059178088590345e-17,1
Graph_based,leading_eigen,sim.cutoff=0.32,0.04296920121545285,3
Graph_based,leiden,sim.cutoff=0.32,NA,NA
Graph_based,edge_betweenness,sim.cutoff=0.32,NA,NA
Graph_based,spinglass,sim.cutoff=0.32,0.09168108493096169,6
Graph_based,fluid_community,sim.cutoff=0.32,0.07264180338382425,6
Graph_based,fast_greedy,sim.cutoff=0.33,0.033610332982218466,3
Graph_based,louvain,sim.cutoff=0.33,0.09812282522701236,5
Graph_based,walktrap,sim.cutoff=0.33,0.03904126337375071,5
Graph_based,infomap,sim.cutoff=0.33,0.041479997467640264,6
Graph_based,label_prop,sim.cutoff=0.33,7.059178088590345e-17,1
Graph_based,leading_eigen,sim.cutoff=0.33,0.06632420707531965,4
Graph_based,leiden,sim.cutoff=0.33,NA,NA
Graph_based,edge_betweenness,sim.cutoff=0.33,NA,NA
Graph_based,spinglass,sim.cutoff=0.33,0.09360161502614617,5
Graph_based,fluid_community,sim.cutoff=0.33,0.1052463819080319,9
Graph_based,fast_greedy,sim.cutoff=0.34,0.03398396143853704,3
Graph_based,louvain,sim.cutoff=0.34,0.09205335722971165,5
Graph_based,walktrap,sim.cutoff=0.34,0.03969155185712327,5
Graph_based,infomap,sim.cutoff=0.34,0.04140607818185433,6
Graph_based,label_prop,sim.cutoff=0.34,7.059178088590345e-17,1
Graph_based,leading_eigen,sim.cutoff=0.34,0.06319113789605345,4
Graph_based,leiden,sim.cutoff=0.34,NA,NA
Graph_based,edge_betweenness,sim.cutoff=0.34,NA,NA
Graph_based,spinglass,sim.cutoff=0.34,0.0842982521818753,4
Graph_based,fluid_community,sim.cutoff=0.34,0.06962775206285877,5
Graph_based,fast_greedy,sim.cutoff=0.35,0.04914350221639187,5
Graph_based,louvain,sim.cutoff=0.35,0.10259683879385201,5
Graph_based,walktrap,sim.cutoff=0.35,0.07419736870665762,28
Graph_based,infomap,sim.cutoff=0.35,0.04313553158037876,7
Graph_based,label_prop,sim.cutoff=0.35,7.059178088590345e-17,1
Graph_based,leading_eigen,sim.cutoff=0.35,0.04994769593518572,3
Graph_based,leiden,sim.cutoff=0.35,NA,NA
Graph_based,edge_betweenness,sim.cutoff=0.35,NA,NA
Graph_based,spinglass,sim.cutoff=0.35,0.09271972199554093,5
Graph_based,fluid_community,sim.cutoff=0.35,0.10703645922828767,7
Graph_based,fast_greedy,sim.cutoff=0.36,0.048073321038919106,4
Graph_based,louvain,sim.cutoff=0.36,0.09593734765435537,5
Graph_based,walktrap,sim.cutoff=0.36,0.07740646985171773,21
Graph_based,infomap,sim.cutoff=0.36,0.04200992754358142,7
Graph_based,label_prop,sim.cutoff=0.36,0.0014587673867751353,2
Graph_based,leading_eigen,sim.cutoff=0.36,0.06171586005153768,4
Graph_based,leiden,sim.cutoff=0.36,NA,NA
Graph_based,edge_betweenness,sim.cutoff=0.36,NA,NA
Graph_based,spinglass,sim.cutoff=0.36,0.09350651340900522,9
Graph_based,fluid_community,sim.cutoff=0.36,0.11461088509590252,7
Graph_based,fast_greedy,sim.cutoff=0.37,0.05574766928357156,5
Graph_based,louvain,sim.cutoff=0.37,0.09685617924374076,5
Graph_based,walktrap,sim.cutoff=0.37,0.07894137955434265,26
Graph_based,infomap,sim.cutoff=0.37,0.044426080112362605,8
Graph_based,label_prop,sim.cutoff=0.37,0.005759122488435609,3
Graph_based,leading_eigen,sim.cutoff=0.37,0.06546938165768688,4
Graph_based,leiden,sim.cutoff=0.37,NA,NA
Graph_based,edge_betweenness,sim.cutoff=0.37,NA,NA
Graph_based,spinglass,sim.cutoff=0.37,0.11400813678300162,6
Graph_based,fluid_community,sim.cutoff=0.37,0.11494739412025061,7
Graph_based,fast_greedy,sim.cutoff=0.38,0.06669078543530557,5
Graph_based,louvain,sim.cutoff=0.38,0.09840133829274235,5
Graph_based,walktrap,sim.cutoff=0.38,0.12035497809341525,36
Graph_based,infomap,sim.cutoff=0.38,0.044593215779366924,8
Graph_based,label_prop,sim.cutoff=0.38,0.005759122488435609,3
Graph_based,leading_eigen,sim.cutoff=0.38,0.0686307256766941,4
Graph_based,leiden,sim.cutoff=0.38,NA,NA
Graph_based,edge_betweenness,sim.cutoff=0.38,NA,NA
Graph_based,spinglass,sim.cutoff=0.38,0.11493114351976894,7
Graph_based,fluid_community,sim.cutoff=0.38,0.10911326425217656,6
Graph_based,fast_greedy,sim.cutoff=0.39,0.06926335922282176,6
Graph_based,louvain,sim.cutoff=0.39,0.1130745833669942,6
Graph_based,walktrap,sim.cutoff=0.39,0.11529183011505477,31
Graph_based,infomap,sim.cutoff=0.39,0.05073470203139814,11
Graph_based,label_prop,sim.cutoff=0.39,0.006438750134782227,4
Graph_based,leading_eigen,sim.cutoff=0.39,0.0685481271917371,4
Graph_based,leiden,sim.cutoff=0.39,NA,NA
Graph_based,edge_betweenness,sim.cutoff=0.39,NA,NA
Graph_based,spinglass,sim.cutoff=0.39,0.11319252929557395,6
Graph_based,fluid_community,sim.cutoff=0.39,0.12066607662549593,8
Graph_based,fast_greedy,sim.cutoff=0.4,0.08841901866943047,6
Graph_based,louvain,sim.cutoff=0.4,0.11320733891961761,6
Graph_based,walktrap,sim.cutoff=0.4,0.1274184596903173,28
Graph_based,infomap,sim.cutoff=0.4,0.05105138778406963,11
Graph_based,label_prop,sim.cutoff=0.4,0.0017582094834701135,3
Graph_based,leading_eigen,sim.cutoff=0.4,0.07117600636855675,4
Graph_based,leiden,sim.cutoff=0.4,NA,NA
Graph_based,edge_betweenness,sim.cutoff=0.4,NA,NA
Graph_based,spinglass,sim.cutoff=0.4,0.1150466622239754,8
Graph_based,fluid_community,sim.cutoff=0.4,0.1168625191745731,7
Graph_based,fast_greedy,sim.cutoff=0.41,0.09437425103471198,6
Graph_based,louvain,sim.cutoff=0.41,0.09594804159971447,5
Graph_based,walktrap,sim.cutoff=0.41,0.1268842307211433,26
Graph_based,infomap,sim.cutoff=0.41,0.05191303912859624,11
Graph_based,label_prop,sim.cutoff=0.41,0.013452115113931986,6
Graph_based,leading_eigen,sim.cutoff=0.41,0.09180543827416852,5
Graph_based,leiden,sim.cutoff=0.41,NA,NA
Graph_based,edge_betweenness,sim.cutoff=0.41,NA,NA
Graph_based,spinglass,sim.cutoff=0.41,0.1149934725267235,8
Graph_based,fluid_community,sim.cutoff=0.41,0.10967682979355788,6
Graph_based,fast_greedy,sim.cutoff=0.42,0.06790141919220834,5
Graph_based,louvain,sim.cutoff=0.42,0.11171324446568305,7
Graph_based,walktrap,sim.cutoff=0.42,0.13015663947256534,31
Graph_based,infomap,sim.cutoff=0.42,0.1237519286474433,13
Graph_based,label_prop,sim.cutoff=0.42,0.02707883150894746,8
Graph_based,leading_eigen,sim.cutoff=0.42,0.0791953095017079,6
Graph_based,leiden,sim.cutoff=0.42,NA,NA
Graph_based,edge_betweenness,sim.cutoff=0.42,NA,NA
Graph_based,spinglass,sim.cutoff=0.42,NA,NA
Graph_based,fluid_community,sim.cutoff=0.42,NA,NA
Graph_based,fast_greedy,sim.cutoff=0.43,0.07127931064680787,5
Graph_based,louvain,sim.cutoff=0.43,0.11399555522337557,7
Graph_based,walktrap,sim.cutoff=0.43,0.1183930521649747,24
Graph_based,infomap,sim.cutoff=0.43,0.12145798894708114,14
Graph_based,label_prop,sim.cutoff=0.43,0.018262883094491544,8
Graph_based,leading_eigen,sim.cutoff=0.43,0.0979053151267395,8
Graph_based,leiden,sim.cutoff=0.43,NA,NA
Graph_based,edge_betweenness,sim.cutoff=0.43,NA,NA
Graph_based,spinglass,sim.cutoff=0.43,NA,NA
Graph_based,fluid_community,sim.cutoff=0.43,NA,NA
Graph_based,fast_greedy,sim.cutoff=0.44,0.08759103127378803,7
Graph_based,louvain,sim.cutoff=0.44,0.16648507409143892,9
Graph_based,walktrap,sim.cutoff=0.44,0.12117627641751343,22
Graph_based,infomap,sim.cutoff=0.44,0.1285252191400065,18
Graph_based,label_prop,sim.cutoff=0.44,0.03577279833797621,11
Graph_based,leading_eigen,sim.cutoff=0.44,0.15353206012082002,10
Graph_based,leiden,sim.cutoff=0.44,NA,NA
Graph_based,edge_betweenness,sim.cutoff=0.44,0.12373807505521234,29
Graph_based,spinglass,sim.cutoff=0.44,NA,NA
Graph_based,fluid_community,sim.cutoff=0.44,NA,NA
Graph_based,fast_greedy,sim.cutoff=0.45,0.088322448216046,7
Graph_based,louvain,sim.cutoff=0.45,0.16659996702947183,9
Graph_based,walktrap,sim.cutoff=0.45,0.1141432951219467,23
Graph_based,infomap,sim.cutoff=0.45,0.12867684624530315,19
Graph_based,label_prop,sim.cutoff=0.45,0.0377723098358042,13
Graph_based,leading_eigen,sim.cutoff=0.45,0.1473196416252907,10
Graph_based,leiden,sim.cutoff=0.45,NA,NA
Graph_based,edge_betweenness,sim.cutoff=0.45,0.1315747785587873,45
Graph_based,spinglass,sim.cutoff=0.45,NA,NA
Graph_based,fluid_community,sim.cutoff=0.45,NA,NA
Graph_based,fast_greedy,sim.cutoff=0.46,0.12347902649391382,8
Graph_based,louvain,sim.cutoff=0.46,0.16294918374110087,9
Graph_based,walktrap,sim.cutoff=0.46,0.10473749549563727,27
Graph_based,infomap,sim.cutoff=0.46,0.1270181320168718,19
Graph_based,label_prop,sim.cutoff=0.46,0.03221873960862317,12
Graph_based,leading_eigen,sim.cutoff=0.46,0.1533957300020731,9
Graph_based,leiden,sim.cutoff=0.46,NA,NA
Graph_based,edge_betweenness,sim.cutoff=0.46,0.13304326503655603,42
Graph_based,spinglass,sim.cutoff=0.46,NA,NA
Graph_based,fluid_community,sim.cutoff=0.46,NA,NA
Graph_based,fast_greedy,sim.cutoff=0.47,0.11561852560565958,11
Graph_based,louvain,sim.cutoff=0.47,0.1913333088442364,11
Graph_based,walktrap,sim.cutoff=0.47,0.1138531216206095,26
Graph_based,infomap,sim.cutoff=0.47,0.12006734543477954,22
Graph_based,label_prop,sim.cutoff=0.47,0.04143154477268866,12
Graph_based,leading_eigen,sim.cutoff=0.47,0.15037547960723716,9
Graph_based,leiden,sim.cutoff=0.47,NA,NA
Graph_based,edge_betweenness,sim.cutoff=0.47,0.13864124116963342,32
Graph_based,spinglass,sim.cutoff=0.47,NA,NA
Graph_based,fluid_community,sim.cutoff=0.47,NA,NA
Graph_based,fast_greedy,sim.cutoff=0.48,0.1102516895158551,10
Graph_based,louvain,sim.cutoff=0.48,0.192855050214484,12
Graph_based,walktrap,sim.cutoff=0.48,0.10702548252684485,28
Graph_based,infomap,sim.cutoff=0.48,0.12792332922840874,22
Graph_based,label_prop,sim.cutoff=0.48,0.0604384503796102,20
Graph_based,leading_eigen,sim.cutoff=0.48,0.17594258001473898,21
Graph_based,leiden,sim.cutoff=0.48,NA,NA
Graph_based,edge_betweenness,sim.cutoff=0.48,0.12590726577632042,25
Graph_based,spinglass,sim.cutoff=0.48,NA,NA
Graph_based,fluid_community,sim.cutoff=0.48,NA,NA
Graph_based,fast_greedy,sim.cutoff=0.49,0.11460525129007751,11
Graph_based,louvain,sim.cutoff=0.49,0.1878362439587808,12
Graph_based,walktrap,sim.cutoff=0.49,0.1002899772948428,32
Graph_based,infomap,sim.cutoff=0.49,0.1299782806855651,23
Graph_based,label_prop,sim.cutoff=0.49,0.05809915720897087,20
Graph_based,leading_eigen,sim.cutoff=0.49,0.17337489147443566,15
Graph_based,leiden,sim.cutoff=0.49,NA,NA
Graph_based,edge_betweenness,sim.cutoff=0.49,0.13854099750363694,30
Graph_based,spinglass,sim.cutoff=0.49,NA,NA
Graph_based,fluid_community,sim.cutoff=0.49,NA,NA
Graph_based,fast_greedy,sim.cutoff=0.5,0.10358680621547127,12
Graph_based,louvain,sim.cutoff=0.5,0.1887056136373814,14
Graph_based,walktrap,sim.cutoff=0.5,0.170181817196823,98
Graph_based,infomap,sim.cutoff=0.5,0.12712522857960665,26
Graph_based,label_prop,sim.cutoff=0.5,0.07050227530070263,27
Graph_based,leading_eigen,sim.cutoff=0.5,0.13868859992749777,13
Graph_based,leiden,sim.cutoff=0.5,NA,NA
Graph_based,edge_betweenness,sim.cutoff=0.5,0.22616235646744162,53
Graph_based,spinglass,sim.cutoff=0.5,NA,NA
Graph_based,fluid_community,sim.cutoff=0.5,NA,NA
Graph_based,fast_greedy,sim.cutoff=0.51,0.11605282634308607,19
Graph_based,louvain,sim.cutoff=0.51,0.19700418990851204,17
Graph_based,walktrap,sim.cutoff=0.51,0.17362349475024474,91
Graph_based,infomap,sim.cutoff=0.51,0.11801936243257208,32
Graph_based,label_prop,sim.cutoff=0.51,0.12736571865071547,26
Graph_based,leading_eigen,sim.cutoff=0.51,0.12584681749861737,20
Graph_based,leiden,sim.cutoff=0.51,NA,NA
Graph_based,edge_betweenness,sim.cutoff=0.51,0.21815602523937663,56
Graph_based,spinglass,sim.cutoff=0.51,NA,NA
Graph_based,fluid_community,sim.cutoff=0.51,NA,NA
Graph_based,fast_greedy,sim.cutoff=0.52,0.12624151942047104,25
Graph_based,louvain,sim.cutoff=0.52,0.19885667640657761,23
Graph_based,walktrap,sim.cutoff=0.52,0.1752616869020139,85
Graph_based,infomap,sim.cutoff=0.52,0.11185528261482414,35
Graph_based,label_prop,sim.cutoff=0.52,0.12631348514483384,37
Graph_based,leading_eigen,sim.cutoff=0.52,0.14444869996918724,22
Graph_based,leiden,sim.cutoff=0.52,NA,NA
Graph_based,edge_betweenness,sim.cutoff=0.52,0.20988636538113373,51
Graph_based,spinglass,sim.cutoff=0.52,NA,NA
Graph_based,fluid_community,sim.cutoff=0.52,NA,NA
Graph_based,fast_greedy,sim.cutoff=0.53,0.11910862457791976,28
Graph_based,louvain,sim.cutoff=0.53,0.186601337946248,27
Graph_based,walktrap,sim.cutoff=0.53,0.17861987473520458,80
Graph_based,infomap,sim.cutoff=0.53,0.19477073987079208,38
Graph_based,label_prop,sim.cutoff=0.53,0.06926908156626055,38
Graph_based,leading_eigen,sim.cutoff=0.53,0.13686405199302626,28
Graph_based,leiden,sim.cutoff=0.53,NA,NA
Graph_based,edge_betweenness,sim.cutoff=0.53,0.21691043737249446,51
Graph_based,spinglass,sim.cutoff=0.53,NA,NA
Graph_based,fluid_community,sim.cutoff=0.53,NA,NA
Graph_based,fast_greedy,sim.cutoff=0.54,0.11779976174617234,40
Graph_based,louvain,sim.cutoff=0.54,0.20953895793435215,41
Graph_based,walktrap,sim.cutoff=0.54,0.17931333560572152,78
Graph_based,infomap,sim.cutoff=0.54,0.23813122286449492,51
Graph_based,label_prop,sim.cutoff=0.54,0.08439602581180676,48
Graph_based,leading_eigen,sim.cutoff=0.54,0.10613532212844191,37
Graph_based,leiden,sim.cutoff=0.54,NA,NA
Graph_based,edge_betweenness,sim.cutoff=0.54,0.204362294081518,55
Graph_based,spinglass,sim.cutoff=0.54,NA,NA
Graph_based,fluid_community,sim.cutoff=0.54,NA,NA
Graph_based,fast_greedy,sim.cutoff=0.55,0.12983982087110502,42
Graph_based,louvain,sim.cutoff=0.55,0.19082609279916263,43
Graph_based,walktrap,sim.cutoff=0.55,0.19830745658396373,84
Graph_based,infomap,sim.cutoff=0.55,0.23209327319892553,55
Graph_based,label_prop,sim.cutoff=0.55,0.09546368576018191,53
Graph_based,leading_eigen,sim.cutoff=0.55,0.1668083761729079,47
Graph_based,leiden,sim.cutoff=0.55,NA,NA
Graph_based,edge_betweenness,sim.cutoff=0.55,0.21434402934468877,59
Graph_based,spinglass,sim.cutoff=0.55,NA,NA
Graph_based,fluid_community,sim.cutoff=0.55,NA,NA
Graph_based,fast_greedy,sim.cutoff=0.56,0.1334875832271473,49
Graph_based,louvain,sim.cutoff=0.56,0.21071387883149673,49
Graph_based,walktrap,sim.cutoff=0.56,0.19640938270580902,83
Graph_based,infomap,sim.cutoff=0.56,0.22669670221071642,58
Graph_based,label_prop,sim.cutoff=0.56,0.13766963732306686,58
Graph_based,leading_eigen,sim.cutoff=0.56,0.09782219719907954,42
Graph_based,leiden,sim.cutoff=0.56,NA,NA
Graph_based,edge_betweenness,sim.cutoff=0.56,0.21247553031847052,67
Graph_based,spinglass,sim.cutoff=0.56,NA,NA
Graph_based,fluid_community,sim.cutoff=0.56,NA,NA
Graph_based,fast_greedy,sim.cutoff=0.57,0.1486977186402253,55
Graph_based,louvain,sim.cutoff=0.57,0.19844006620670543,55
Graph_based,walktrap,sim.cutoff=0.57,0.17960383565479154,73
Graph_based,infomap,sim.cutoff=0.57,0.249018235831396,63
Graph_based,label_prop,sim.cutoff=0.57,0.10467706013363098,60
Graph_based,leading_eigen,sim.cutoff=0.57,0.1556267036040876,56
Graph_based,leiden,sim.cutoff=0.57,NA,NA
Graph_based,edge_betweenness,sim.cutoff=0.57,0.19682415956459817,77
Graph_based,spinglass,sim.cutoff=0.57,NA,NA
Graph_based,fluid_community,sim.cutoff=0.57,NA,NA
Graph_based,fast_greedy,sim.cutoff=0.58,0.13714873901965707,62
Graph_based,louvain,sim.cutoff=0.58,0.16737591139159025,59
Graph_based,walktrap,sim.cutoff=0.58,0.18454571121462032,77
Graph_based,infomap,sim.cutoff=0.58,0.2369164197116057,69
Graph_based,label_prop,sim.cutoff=0.58,0.09631180564680185,62
Graph_based,leading_eigen,sim.cutoff=0.58,0.18718494797522006,66
Graph_based,leiden,sim.cutoff=0.58,NA,NA
Graph_based,edge_betweenness,sim.cutoff=0.58,0.22380559551714574,82
Graph_based,spinglass,sim.cutoff=0.58,NA,NA
Graph_based,fluid_community,sim.cutoff=0.58,NA,NA
Graph_based,fast_greedy,sim.cutoff=0.59,0.15951679067321256,68
Graph_based,louvain,sim.cutoff=0.59,0.19865255288779515,67
Graph_based,walktrap,sim.cutoff=0.59,0.17976590976165668,80
Graph_based,infomap,sim.cutoff=0.59,0.24462057333549475,78
Graph_based,label_prop,sim.cutoff=0.59,0.08564366273424916,70
Graph_based,leading_eigen,sim.cutoff=0.59,0.14807394976511964,71
Graph_based,leiden,sim.cutoff=0.59,NA,NA
Graph_based,edge_betweenness,sim.cutoff=0.59,0.23221305058440733,95
Graph_based,spinglass,sim.cutoff=0.59,NA,NA
Graph_based,fluid_community,sim.cutoff=0.59,NA,NA
Graph_based,fast_greedy,sim.cutoff=0.6,0.16043849207585809,73
Graph_based,louvain,sim.cutoff=0.6,0.20888599789311105,72
Graph_based,walktrap,sim.cutoff=0.6,0.1747901573353578,86
Graph_based,infomap,sim.cutoff=0.6,0.24830866190986273,81
Graph_based,label_prop,sim.cutoff=0.6,0.1238584365847261,76
Graph_based,leading_eigen,sim.cutoff=0.6,0.17966440539535472,78
Graph_based,leiden,sim.cutoff=0.6,NA,NA
Graph_based,edge_betweenness,sim.cutoff=0.6,0.20978888324588926,88
Graph_based,spinglass,sim.cutoff=0.6,NA,NA
Graph_based,fluid_community,sim.cutoff=0.6,NA,NA
Graph_based,fast_greedy,sim.cutoff=0.61,0.15134809300224308,80
Graph_based,louvain,sim.cutoff=0.61,0.21308209290800456,78
Graph_based,walktrap,sim.cutoff=0.61,0.19962688923460145,92
Graph_based,infomap,sim.cutoff=0.61,0.24878067762336473,87
Graph_based,label_prop,sim.cutoff=0.61,0.12265040435743513,81
Graph_based,leading_eigen,sim.cutoff=0.61,0.16816351781391495,85
Graph_based,leiden,sim.cutoff=0.61,NA,NA
Graph_based,edge_betweenness,sim.cutoff=0.61,0.23033307877722026,98
Graph_based,spinglass,sim.cutoff=0.61,NA,NA
Graph_based,fluid_community,sim.cutoff=0.61,NA,NA
Graph_based,fast_greedy,sim.cutoff=0.62,0.16247758174007254,87
Graph_based,louvain,sim.cutoff=0.62,0.20732873131971627,86
Graph_based,walktrap,sim.cutoff=0.62,0.1721785961666654,97
Graph_based,infomap,sim.cutoff=0.62,0.23353463438989164,93
Graph_based,label_prop,sim.cutoff=0.62,0.12578630095657672,88
Graph_based,leading_eigen,sim.cutoff=0.62,0.18734612190714614,93
Graph_based,leiden,sim.cutoff=0.62,NA,NA
Graph_based,edge_betweenness,sim.cutoff=0.62,0.21187429901549482,99
Graph_based,spinglass,sim.cutoff=0.62,NA,NA
Graph_based,fluid_community,sim.cutoff=0.62,NA,NA
Graph_based,fast_greedy,sim.cutoff=0.63,0.1630713536974441,93
Graph_based,louvain,sim.cutoff=0.63,0.2223575910671615,93
Graph_based,walktrap,sim.cutoff=0.63,0.19222362600454604,110
Graph_based,infomap,sim.cutoff=0.63,0.2430481979250836,103
Graph_based,label_prop,sim.cutoff=0.63,0.16369330331776213,102
Graph_based,leading_eigen,sim.cutoff=0.63,0.17075836834376285,98
Graph_based,leiden,sim.cutoff=0.63,NA,NA
Graph_based,edge_betweenness,sim.cutoff=0.63,0.21412887216147883,106
Graph_based,spinglass,sim.cutoff=0.63,NA,NA
Graph_based,fluid_community,sim.cutoff=0.63,NA,NA
Graph_based,fast_greedy,sim.cutoff=0.64,0.17034041234734598,99
Graph_based,louvain,sim.cutoff=0.64,0.23151795520853843,99
Graph_based,walktrap,sim.cutoff=0.64,0.241095540144087,116
Graph_based,infomap,sim.cutoff=0.64,0.2603539623658275,109
Graph_based,label_prop,sim.cutoff=0.64,0.1205135343202058,106
Graph_based,leading_eigen,sim.cutoff=0.64,0.20001022465392498,103
Graph_based,leiden,sim.cutoff=0.64,NA,NA
Graph_based,edge_betweenness,sim.cutoff=0.64,0.20978926396150038,107
Graph_based,spinglass,sim.cutoff=0.64,NA,NA
Graph_based,fluid_community,sim.cutoff=0.64,NA,NA
Graph_based,fast_greedy,sim.cutoff=0.65,0.16603788272240913,102
Graph_based,louvain,sim.cutoff=0.65,0.23365392557826473,101
Graph_based,walktrap,sim.cutoff=0.65,0.23239612636842344,120
Graph_based,infomap,sim.cutoff=0.65,0.29852885801467016,114
Graph_based,label_prop,sim.cutoff=0.65,0.17184364318859605,109
Graph_based,leading_eigen,sim.cutoff=0.65,0.20710414063241506,106
Graph_based,leiden,sim.cutoff=0.65,NA,NA
Graph_based,edge_betweenness,sim.cutoff=0.65,0.20178254829135953,108
Graph_based,spinglass,sim.cutoff=0.65,NA,NA
Graph_based,fluid_community,sim.cutoff=0.65,NA,NA
Graph_based,fast_greedy,sim.cutoff=0.66,0.14949083227494214,113
Graph_based,louvain,sim.cutoff=0.66,0.24542831313155344,112
Graph_based,walktrap,sim.cutoff=0.66,0.2437136890636352,123
Graph_based,infomap,sim.cutoff=0.66,0.30390895025925985,122
Graph_based,label_prop,sim.cutoff=0.66,0.23278740025806352,120
Graph_based,leading_eigen,sim.cutoff=0.66,0.2553058354398818,116
Graph_based,leiden,sim.cutoff=0.66,NA,NA
Graph_based,edge_betweenness,sim.cutoff=0.66,0.23602652769128332,117
Graph_based,spinglass,sim.cutoff=0.66,NA,NA
Graph_based,fluid_community,sim.cutoff=0.66,NA,NA
Graph_based,fast_greedy,sim.cutoff=0.67,0.2439848425742761,118
Graph_based,louvain,sim.cutoff=0.67,0.26279368703430556,118
Graph_based,walktrap,sim.cutoff=0.67,0.29225395342042854,132
Graph_based,infomap,sim.cutoff=0.67,0.342173485583494,127
Graph_based,label_prop,sim.cutoff=0.67,0.22891930380471115,126
Graph_based,leading_eigen,sim.cutoff=0.67,0.27487722230135564,124
Graph_based,leiden,sim.cutoff=0.67,NA,NA
Graph_based,edge_betweenness,sim.cutoff=0.67,0.27652885150318596,121
Graph_based,spinglass,sim.cutoff=0.67,NA,NA
Graph_based,fluid_community,sim.cutoff=0.67,NA,NA
Graph_based,fast_greedy,sim.cutoff=0.68,0.23759716752325927,129
Graph_based,louvain,sim.cutoff=0.68,0.2724406154914746,129
Graph_based,walktrap,sim.cutoff=0.68,0.29134117808105786,145
Graph_based,infomap,sim.cutoff=0.68,0.3058601076391415,139
Graph_based,label_prop,sim.cutoff=0.68,0.21916970585471318,138
Graph_based,leading_eigen,sim.cutoff=0.68,0.2577798909784083,129
Graph_based,leiden,sim.cutoff=0.68,NA,NA
Graph_based,edge_betweenness,sim.cutoff=0.68,0.21899967643178758,128
Graph_based,spinglass,sim.cutoff=0.68,NA,NA
Graph_based,fluid_community,sim.cutoff=0.68,NA,NA
Graph_based,fast_greedy,sim.cutoff=0.69,0.21985407204773094,143
Graph_based,louvain,sim.cutoff=0.69,0.26081487689504934,143
Graph_based,walktrap,sim.cutoff=0.69,0.25535365599880816,152
Graph_based,infomap,sim.cutoff=0.69,0.2972175499701647,151
Graph_based,label_prop,sim.cutoff=0.69,0.2781714207536617,153
Graph_based,leading_eigen,sim.cutoff=0.69,0.2845581471721898,148
Graph_based,leiden,sim.cutoff=0.69,NA,NA
Graph_based,edge_betweenness,sim.cutoff=0.69,0.24487480112971807,144
Graph_based,spinglass,sim.cutoff=0.69,NA,NA
Graph_based,fluid_community,sim.cutoff=0.69,NA,NA
Graph_based,fast_greedy,sim.cutoff=0.7,0.22829134483647778,152
Graph_based,louvain,sim.cutoff=0.7,0.22602678532830325,150
Graph_based,walktrap,sim.cutoff=0.7,0.24206581609756136,159
Graph_based,infomap,sim.cutoff=0.7,0.2966916938035096,162
Graph_based,label_prop,sim.cutoff=0.7,0.25852051406615834,161
Graph_based,leading_eigen,sim.cutoff=0.7,0.2438016405978055,154
Graph_based,leiden,sim.cutoff=0.7,NA,NA
Graph_based,edge_betweenness,sim.cutoff=0.7,0.25832936922163335,154
Graph_based,spinglass,sim.cutoff=0.7,NA,NA
Graph_based,fluid_community,sim.cutoff=0.7,NA,NA
Graph_based,fast_greedy,sim.cutoff=0.71,0.24386377543506096,157
Graph_based,louvain,sim.cutoff=0.71,0.2547912928603837,159
Graph_based,walktrap,sim.cutoff=0.71,0.3485463234091589,173
Graph_based,infomap,sim.cutoff=0.71,0.3415560375052515,167
Graph_based,label_prop,sim.cutoff=0.71,0.3489200650619033,173
Graph_based,leading_eigen,sim.cutoff=0.71,0.24716021220689857,161
Graph_based,leiden,sim.cutoff=0.71,NA,NA
Graph_based,edge_betweenness,sim.cutoff=0.71,0.2882039130057206,161
Graph_based,spinglass,sim.cutoff=0.71,NA,NA
Graph_based,fluid_community,sim.cutoff=0.71,NA,NA
Graph_based,fast_greedy,sim.cutoff=0.72,0.256776746029496,166
Graph_based,louvain,sim.cutoff=0.72,0.2913055678144787,168
Graph_based,walktrap,sim.cutoff=0.72,0.3170382062425093,175
Graph_based,infomap,sim.cutoff=0.72,0.34129067759943676,177
Graph_based,label_prop,sim.cutoff=0.72,0.34129248404966533,180
Graph_based,leading_eigen,sim.cutoff=0.72,0.2309371034733777,168
Graph_based,leiden,sim.cutoff=0.72,NA,NA
Graph_based,edge_betweenness,sim.cutoff=0.72,0.2608834958587409,165
Graph_based,spinglass,sim.cutoff=0.72,NA,NA
Graph_based,fluid_community,sim.cutoff=0.72,NA,NA
Graph_based,fast_greedy,sim.cutoff=0.73,0.24463445047367643,178
Graph_based,louvain,sim.cutoff=0.73,0.295407200909297,181
Graph_based,walktrap,sim.cutoff=0.73,0.3097444590338252,184
Graph_based,infomap,sim.cutoff=0.73,0.31666333397801627,184
Graph_based,label_prop,sim.cutoff=0.73,0.3324313821700177,190
Graph_based,leading_eigen,sim.cutoff=0.73,0.2226714751110705,179
Graph_based,leiden,sim.cutoff=0.73,NA,NA
Graph_based,edge_betweenness,sim.cutoff=0.73,0.3057976366031281,182
Graph_based,spinglass,sim.cutoff=0.73,NA,NA
Graph_based,fluid_community,sim.cutoff=0.73,NA,NA
Graph_based,fast_greedy,sim.cutoff=0.74,0.2420095160575908,186
Graph_based,louvain,sim.cutoff=0.74,0.26612823549014997,187
Graph_based,walktrap,sim.cutoff=0.74,0.2700455699452891,190
Graph_based,infomap,sim.cutoff=0.74,0.29307525308843513,192
Graph_based,label_prop,sim.cutoff=0.74,0.29913579253166434,197
Graph_based,leading_eigen,sim.cutoff=0.74,0.23695569156457405,186
Graph_based,leiden,sim.cutoff=0.74,NA,NA
Graph_based,edge_betweenness,sim.cutoff=0.74,0.2847340300100496,188
Graph_based,spinglass,sim.cutoff=0.74,NA,NA
Graph_based,fluid_community,sim.cutoff=0.74,NA,NA
Graph_based,fast_greedy,sim.cutoff=0.75,0.27519047044603384,199
Graph_based,louvain,sim.cutoff=0.75,0.25742190179506386,199
Graph_based,walktrap,sim.cutoff=0.75,0.26037352226219584,202
Graph_based,infomap,sim.cutoff=0.75,0.2820957169304048,204
Graph_based,label_prop,sim.cutoff=0.75,0.2932399227025768,208
Graph_based,leading_eigen,sim.cutoff=0.75,0.24718484383611317,199
Graph_based,leiden,sim.cutoff=0.75,NA,NA
Graph_based,edge_betweenness,sim.cutoff=0.75,0.2595590485388813,199
Graph_based,spinglass,sim.cutoff=0.75,NA,NA
Graph_based,fluid_community,sim.cutoff=0.75,NA,NA
Graph_based,fast_greedy,sim.cutoff=0.76,0.2751090772604609,202
Graph_based,louvain,sim.cutoff=0.76,0.2751090772604609,202
Graph_based,walktrap,sim.cutoff=0.76,0.25287107353564015,204
Graph_based,infomap,sim.cutoff=0.76,0.2618849610954803,206
Graph_based,label_prop,sim.cutoff=0.76,0.26757408064986166,213
Graph_based,leading_eigen,sim.cutoff=0.76,0.25954961455917336,201
Graph_based,leiden,sim.cutoff=0.76,NA,NA
Graph_based,edge_betweenness,sim.cutoff=0.76,0.2713421619977917,203
Graph_based,spinglass,sim.cutoff=0.76,NA,NA
Graph_based,fluid_community,sim.cutoff=0.76,NA,NA
Graph_based,fast_greedy,sim.cutoff=0.77,0.26316988824508675,213
Graph_based,louvain,sim.cutoff=0.77,0.2534249917478634,213
Graph_based,walktrap,sim.cutoff=0.77,0.2582510035698808,215
Graph_based,infomap,sim.cutoff=0.77,0.2563348082301635,215
Graph_based,label_prop,sim.cutoff=0.77,0.2573537612929978,219
Graph_based,leading_eigen,sim.cutoff=0.77,0.27006820866517095,213
Graph_based,leiden,sim.cutoff=0.77,NA,NA
Graph_based,edge_betweenness,sim.cutoff=0.77,0.26316988824508675,213
Graph_based,spinglass,sim.cutoff=0.77,NA,NA
Graph_based,fluid_community,sim.cutoff=0.77,NA,NA
Graph_based,fast_greedy,sim.cutoff=0.78,0.25837084609508965,217
Graph_based,louvain,sim.cutoff=0.78,0.251210024877193,218
Graph_based,walktrap,sim.cutoff=0.78,0.24025995917067178,217
Graph_based,infomap,sim.cutoff=0.78,0.25284905191339035,219
Graph_based,label_prop,sim.cutoff=0.78,0.24369948603314937,225
Graph_based,leading_eigen,sim.cutoff=0.78,0.2734252118136112,218
Graph_based,leiden,sim.cutoff=0.78,NA,NA
Graph_based,edge_betweenness,sim.cutoff=0.78,0.25284905191339035,219
Graph_based,spinglass,sim.cutoff=0.78,NA,NA
Graph_based,fluid_community,sim.cutoff=0.78,NA,NA
Graph_based,fast_greedy,sim.cutoff=0.79,0.24837945691795255,222
Graph_based,louvain,sim.cutoff=0.79,0.25413974317522287,222
Graph_based,walktrap,sim.cutoff=0.79,0.2478810871226402,222
Graph_based,infomap,sim.cutoff=0.79,0.26088982582964043,223
Graph_based,label_prop,sim.cutoff=0.79,0.24851998543349443,230
Graph_based,leading_eigen,sim.cutoff=0.79,0.25413974317522287,222
Graph_based,leiden,sim.cutoff=0.79,NA,NA
Graph_based,edge_betweenness,sim.cutoff=0.79,0.26905897862934197,223
Graph_based,spinglass,sim.cutoff=0.79,NA,NA
Graph_based,fluid_community,sim.cutoff=0.79,NA,NA
Graph_based,fast_greedy,sim.cutoff=0.8,0.20270016217500333,231
Graph_based,louvain,sim.cutoff=0.8,0.20270016217500333,231
Graph_based,walktrap,sim.cutoff=0.8,0.22519715753098693,231
Graph_based,infomap,sim.cutoff=0.8,0.20840794783243244,232
Graph_based,label_prop,sim.cutoff=0.8,0.20391135265593516,238
Graph_based,leading_eigen,sim.cutoff=0.8,0.20270016217500333,231
Graph_based,leiden,sim.cutoff=0.8,NA,NA
Graph_based,edge_betweenness,sim.cutoff=0.8,0.20747637356789933,232
Graph_based,spinglass,sim.cutoff=0.8,NA,NA
Graph_based,fluid_community,sim.cutoff=0.8,NA,NA
Graph_based,fast_greedy,sim.cutoff=0.81,0.18009056020018285,246
Graph_based,louvain,sim.cutoff=0.81,0.18009056020018285,246
Graph_based,walktrap,sim.cutoff=0.81,0.18009056020018285,246
Graph_based,infomap,sim.cutoff=0.81,0.1835700711716532,247
Graph_based,label_prop,sim.cutoff=0.81,0.1720787230348876,251
Graph_based,leading_eigen,sim.cutoff=0.81,0.18009056020018285,246
Graph_based,leiden,sim.cutoff=0.81,NA,NA
Graph_based,edge_betweenness,sim.cutoff=0.81,0.18009056020018285,246
Graph_based,spinglass,sim.cutoff=0.81,NA,NA
Graph_based,fluid_community,sim.cutoff=0.81,NA,NA
Graph_based,fast_greedy,sim.cutoff=0.82,0.14400963852123344,258
Graph_based,louvain,sim.cutoff=0.82,0.14702814827877844,259
Graph_based,walktrap,sim.cutoff=0.82,0.14702814827877844,259
Graph_based,infomap,sim.cutoff=0.82,0.14702814827877844,259
Graph_based,label_prop,sim.cutoff=0.82,0.14779872382020476,260
Graph_based,leading_eigen,sim.cutoff=0.82,0.14702814827877844,259
Graph_based,leiden,sim.cutoff=0.82,NA,NA
Graph_based,edge_betweenness,sim.cutoff=0.82,0.14400963852123344,258
Graph_based,spinglass,sim.cutoff=0.82,NA,NA
Graph_based,fluid_community,sim.cutoff=0.82,NA,NA
Graph_based,fast_greedy,sim.cutoff=0.83,0.13090272889051188,266
Graph_based,louvain,sim.cutoff=0.83,0.13373333615025237,267
Graph_based,walktrap,sim.cutoff=0.83,0.13373333615025237,267
Graph_based,infomap,sim.cutoff=0.83,0.13373333615025237,267
Graph_based,label_prop,sim.cutoff=0.83,0.13445611917498057,268
Graph_based,leading_eigen,sim.cutoff=0.83,0.13373333615025237,267
Graph_based,leiden,sim.cutoff=0.83,NA,NA
Graph_based,edge_betweenness,sim.cutoff=0.83,0.13090272889051188,266
Graph_based,spinglass,sim.cutoff=0.83,NA,NA
Graph_based,fluid_community,sim.cutoff=0.83,NA,NA
Graph_based,fast_greedy,sim.cutoff=0.84,0.1244121652723166,273
Graph_based,louvain,sim.cutoff=0.84,0.1244121652723166,273
Graph_based,walktrap,sim.cutoff=0.84,0.1244121652723166,273
Graph_based,infomap,sim.cutoff=0.84,0.1244121652723166,273
Graph_based,label_prop,sim.cutoff=0.84,0.1244121652723166,273
Graph_based,leading_eigen,sim.cutoff=0.84,0.1244121652723166,273
Graph_based,leiden,sim.cutoff=0.84,NA,NA
Graph_based,edge_betweenness,sim.cutoff=0.84,0.1244121652723166,273
Graph_based,spinglass,sim.cutoff=0.84,NA,NA
Graph_based,fluid_community,sim.cutoff=0.84,NA,NA
Graph_based,fast_greedy,sim.cutoff=0.85,0.1164801153935167,277
Graph_based,louvain,sim.cutoff=0.85,0.1164801153935167,277
Graph_based,walktrap,sim.cutoff=0.85,0.1164801153935167,277
Graph_based,infomap,sim.cutoff=0.85,0.1164801153935167,277
Graph_based,label_prop,sim.cutoff=0.85,0.1164801153935167,277
Graph_based,leading_eigen,sim.cutoff=0.85,0.1164801153935167,277
Graph_based,leiden,sim.cutoff=0.85,NA,NA
Graph_based,edge_betweenness,sim.cutoff=0.85,0.1164801153935167,277
Graph_based,spinglass,sim.cutoff=0.85,NA,NA
Graph_based,fluid_community,sim.cutoff=0.85,NA,NA
Graph_based,fast_greedy,sim.cutoff=0.86,0.11505173798573555,282
Graph_based,louvain,sim.cutoff=0.86,0.11505173798573555,282
Graph_based,walktrap,sim.cutoff=0.86,0.11505173798573555,282
Graph_based,infomap,sim.cutoff=0.86,0.11505173798573555,282
Graph_based,label_prop,sim.cutoff=0.86,0.11505173798573555,282
Graph_based,leading_eigen,sim.cutoff=0.86,0.11505173798573555,282
Graph_based,leiden,sim.cutoff=0.86,NA,NA
Graph_based,edge_betweenness,sim.cutoff=0.86,0.11505173798573555,282
Graph_based,spinglass,sim.cutoff=0.86,NA,NA
Graph_based,fluid_community,sim.cutoff=0.86,NA,NA
Graph_based,fast_greedy,sim.cutoff=0.87,0.09405446128048246,285
Graph_based,louvain,sim.cutoff=0.87,0.09405446128048246,285
Graph_based,walktrap,sim.cutoff=0.87,0.09405446128048246,285
Graph_based,infomap,sim.cutoff=0.87,0.09405446128048246,285
Graph_based,label_prop,sim.cutoff=0.87,0.06803712907253645,286
Graph_based,leading_eigen,sim.cutoff=0.87,0.09405446128048246,285
Graph_based,leiden,sim.cutoff=0.87,NA,NA
Graph_based,edge_betweenness,sim.cutoff=0.87,0.09405446128048246,285
Graph_based,spinglass,sim.cutoff=0.87,NA,NA
Graph_based,fluid_community,sim.cutoff=0.87,NA,NA
Graph_based,fast_greedy,sim.cutoff=0.88,0.0681526518807829,289
Graph_based,louvain,sim.cutoff=0.88,0.0681526518807829,289
Graph_based,walktrap,sim.cutoff=0.88,0.0681526518807829,289
Graph_based,infomap,sim.cutoff=0.88,0.0681526518807829,289
Graph_based,label_prop,sim.cutoff=0.88,0.05486653833694748,290
Graph_based,leading_eigen,sim.cutoff=0.88,0.0681526518807829,289
Graph_based,leiden,sim.cutoff=0.88,NA,NA
Graph_based,edge_betweenness,sim.cutoff=0.88,0.0681526518807829,289
Graph_based,spinglass,sim.cutoff=0.88,NA,NA
Graph_based,fluid_community,sim.cutoff=0.88,NA,NA
Graph_based,fast_greedy,sim.cutoff=0.89,0.057301541940545896,292
Graph_based,louvain,sim.cutoff=0.89,0.057301541940545896,292
Graph_based,walktrap,sim.cutoff=0.89,0.057301541940545896,292
Graph_based,infomap,sim.cutoff=0.89,0.057301541940545896,292
Graph_based,label_prop,sim.cutoff=0.89,0.04834486184508594,293
Graph_based,leading_eigen,sim.cutoff=0.89,0.057301541940545896,292
Graph_based,leiden,sim.cutoff=0.89,NA,NA
Graph_based,edge_betweenness,sim.cutoff=0.89,0.057301541940545896,292
Graph_based,spinglass,sim.cutoff=0.89,NA,NA
Graph_based,fluid_community,sim.cutoff=0.89,NA,NA
Graph_based,fast_greedy,sim.cutoff=0.9,0.0393066975603434,296
Graph_based,louvain,sim.cutoff=0.9,0.0393066975603434,296
Graph_based,walktrap,sim.cutoff=0.9,0.0393066975603434,296
Graph_based,infomap,sim.cutoff=0.9,0.0393066975603434,296
Graph_based,label_prop,sim.cutoff=0.9,0.0393066975603434,296
Graph_based,leading_eigen,sim.cutoff=0.9,0.0393066975603434,296
Graph_based,leiden,sim.cutoff=0.9,NA,NA
Graph_based,edge_betweenness,sim.cutoff=0.9,0.0393066975603434,296
Graph_based,spinglass,sim.cutoff=0.9,NA,NA
Graph_based,fluid_community,sim.cutoff=0.9,NA,NA
Distance_based,kmeans,centers=2,0.03211349590994179,2
Distance_based,kmeans,centers=3,0.041430199877816064,3
Distance_based,kmeans,centers=4,0.08010012285731628,4
Distance_based,kmeans,centers=5,0.09285978664706204,5
Distance_based,kmeans,centers=6,0.10955034643057468,6
Distance_based,kmeans,centers=7,0.1553155494750255,7
Distance_based,kmeans,centers=8,0.1698205881564964,8
Distance_based,kmeans,centers=9,0.17389795124935545,9
Distance_based,kmeans,centers=10,0.1999322216398845,10
Distance_based,kmeans,centers=11,0.20812167632351775,11
Distance_based,kmeans,centers=12,0.20243228451868753,12
Distance_based,kmeans,centers=13,0.24367629563015403,13
Distance_based,kmeans,centers=14,0.2627187793190838,14
Distance_based,kmeans,centers=15,0.23718293440518842,15
Distance_based,kmeans,centers=16,0.2809987405568161,16
Distance_based,kmeans,centers=17,0.27911153912858744,17
Distance_based,kmeans,centers=18,0.307617840338436,18
Distance_based,kmeans,centers=19,0.3409769953469886,19
Distance_based,kmeans,centers=20,0.3389289989178432,20
Distance_based,kmeans,centers=21,0.3136413161159936,21
Distance_based,kmeans,centers=22,0.3427645928131364,22
Distance_based,kmeans,centers=23,0.344457517693071,23
Distance_based,kmeans,centers=24,0.33316621396488616,24
Distance_based,kmeans,centers=25,0.32510051801843926,25
Distance_based,kmeans,centers=26,0.3359277653085684,26
Distance_based,kmeans,centers=27,0.35103536998785584,27
Distance_based,kmeans,centers=28,0.3897358744172016,28
Distance_based,kmeans,centers=29,0.37340207906377215,29
Distance_based,kmeans,centers=30,0.41428419041939013,30
Distance_based,kmeans,centers=31,0.4028567922562191,31
Distance_based,kmeans,centers=32,0.376262136975622,32
Distance_based,kmeans,centers=33,0.43151715002018043,33
Distance_based,kmeans,centers=34,0.4739290901687938,34
Distance_based,kmeans,centers=35,0.46698575365937195,35
Distance_based,kmeans,centers=36,0.442973815954827,36
Distance_based,kmeans,centers=37,0.4103355065171206,37
Distance_based,kmeans,centers=38,0.4580111097038015,38
Distance_based,kmeans,centers=39,0.4160471428050347,39
Distance_based,kmeans,centers=40,0.46486100102602007,40
Distance_based,kmeans,centers=41,0.4812873699699517,41
Distance_based,kmeans,centers=42,0.41709037931415777,42
Distance_based,kmeans,centers=43,0.48568782735603744,43
Distance_based,kmeans,centers=44,0.4969456062708243,44
Distance_based,kmeans,centers=45,0.46718732267948704,45
Distance_based,kmeans,centers=46,0.4780676921100466,46
Distance_based,kmeans,centers=47,0.4791558077873138,47
Distance_based,kmeans,centers=48,0.4675346968137224,48
Distance_based,kmeans,centers=49,0.4861890428220954,49
Distance_based,kmeans,centers=50,0.5251183614307678,50
Distance_based,kmeans,centers=51,0.5292640566286818,51
Distance_based,kmeans,centers=52,0.5085334903132116,52
Distance_based,kmeans,centers=53,0.43116254820468547,53
Distance_based,kmeans,centers=54,0.5011618077081207,54
Distance_based,kmeans,centers=55,0.485934833982682,55
Distance_based,kmeans,centers=56,0.4835293895443174,56
Distance_based,kmeans,centers=57,0.4999163103516487,57
Distance_based,kmeans,centers=58,0.5050412946484334,58
Distance_based,kmeans,centers=59,0.48640557934116363,59
Distance_based,kmeans,centers=60,0.5356529376386241,60
Distance_based,kmeans,centers=61,0.4585775067740464,61
Distance_based,kmeans,centers=62,0.5070243560767712,62
Distance_based,kmeans,centers=63,0.5054292336027628,63
Distance_based,kmeans,centers=64,0.48388439278304235,64
Distance_based,kmeans,centers=65,0.49300814379205854,65
Distance_based,kmeans,centers=66,0.5225054017673882,66
Distance_based,kmeans,centers=67,0.5163498129066599,67
Distance_based,kmeans,centers=68,0.5172798432544109,68
Distance_based,kmeans,centers=69,0.48978224586099645,69
Distance_based,kmeans,centers=70,0.5209890311509557,70
Distance_based,kmeans,centers=71,0.5455869032009893,71
Distance_based,kmeans,centers=72,0.4878437162886755,72
Distance_based,kmeans,centers=73,0.4876518350113674,73
Distance_based,kmeans,centers=74,0.526064247838674,74
Distance_based,kmeans,centers=75,0.5185809757523774,75
Distance_based,kmeans,centers=76,0.5025811760642181,76
Distance_based,kmeans,centers=77,0.5656266979689193,77
Distance_based,kmeans,centers=78,0.5222361681927099,78
Distance_based,kmeans,centers=79,0.49381491990326604,79
Distance_based,kmeans,centers=80,0.5101261464300247,80
Distance_based,kmeans,centers=81,0.5325855196746966,81
Distance_based,kmeans,centers=82,0.49969917655193474,82
Distance_based,kmeans,centers=83,0.47521245519012956,83
Distance_based,kmeans,centers=84,0.4889359490823504,84
Distance_based,kmeans,centers=85,0.4921968235778947,85
Distance_based,kmeans,centers=86,0.502322051578273,86
Distance_based,kmeans,centers=87,0.5001830696002929,87
Distance_based,kmeans,centers=88,0.4882286168557921,88
Distance_based,kmeans,centers=89,0.482859543613516,89
Distance_based,kmeans,centers=90,0.49416726845334474,90
Distance_based,kmeans,centers=91,0.5183908667475147,91
Distance_based,kmeans,centers=92,0.46974150962600514,92
Distance_based,kmeans,centers=93,0.4933275819806513,93
Distance_based,kmeans,centers=94,0.49250702836472593,94
Distance_based,kmeans,centers=95,0.4712881360955026,95
Distance_based,kmeans,centers=96,0.46332548868930407,96
Distance_based,kmeans,centers=97,0.4762018067875079,97
Distance_based,kmeans,centers=98,0.448336692552023,98
Distance_based,kmeans,centers=99,0.4430986108259768,99
Distance_based,kmeans,centers=100,0.4821104674735026,100
Distance_based,kmeans,centers=101,0.46616818964784756,101
Distance_based,kmeans,centers=102,0.46286329553080796,102
Distance_based,kmeans,centers=103,0.4790376825825457,103
Distance_based,kmeans,centers=104,0.4436703617119662,104
Distance_based,kmeans,centers=105,0.45893989280341074,105
Distance_based,kmeans,centers=106,0.45975946110469523,106
Distance_based,kmeans,centers=107,0.4726009259805864,107
Distance_based,kmeans,centers=108,0.4789568710153845,108
Distance_based,kmeans,centers=109,0.44274939679636,109
Distance_based,kmeans,centers=110,0.4468255499642265,110
Distance_based,kmeans,centers=111,0.41113902149215154,111
Distance_based,kmeans,centers=112,0.4020409050970431,112
Distance_based,kmeans,centers=113,0.4474559241739461,113
Distance_based,kmeans,centers=114,0.45115244060018145,114
Distance_based,kmeans,centers=115,0.44154961749632443,115
Distance_based,kmeans,centers=116,0.44773314985778634,116
Distance_based,kmeans,centers=117,0.4137723772282505,117
Distance_based,kmeans,centers=118,0.42417433207758154,118
Distance_based,kmeans,centers=119,0.42128586913908855,119
Distance_based,kmeans,centers=120,0.4393127296113116,120
Distance_based,kmeans,centers=121,0.46446192208427406,121
Distance_based,kmeans,centers=122,0.4238122697280094,122
Distance_based,kmeans,centers=123,0.4729160819534101,123
Distance_based,kmeans,centers=124,0.46223627242113946,124
Distance_based,kmeans,centers=125,0.4210657593583733,125
Distance_based,kmeans,centers=126,0.42930349500028786,126
Distance_based,kmeans,centers=127,0.4484571620951293,127
Distance_based,kmeans,centers=128,0.417929735115339,128
Distance_based,kmeans,centers=129,0.4210717422377621,129
Distance_based,kmeans,centers=130,0.40465182758222606,130
Distance_based,kmeans,centers=131,0.4163843738187316,131
Distance_based,kmeans,centers=132,0.42815101688054524,132
Distance_based,kmeans,centers=133,0.4502197644082107,133
Distance_based,kmeans,centers=134,0.41841710324506476,134
Distance_based,kmeans,centers=135,0.3781433817374125,135
Distance_based,kmeans,centers=136,0.39481814020795863,136
Distance_based,kmeans,centers=137,0.37884198004061065,137
Distance_based,kmeans,centers=138,0.3993848401474307,138
Distance_based,kmeans,centers=139,0.4341328190912378,139
Distance_based,kmeans,centers=140,0.4477832467330856,140
Distance_based,kmeans,centers=141,0.39545828478056655,141
Distance_based,kmeans,centers=142,0.38798718933193493,142
Distance_based,kmeans,centers=143,0.3641974486797383,143
Distance_based,kmeans,centers=144,0.3571110352528683,144
Distance_based,kmeans,centers=145,0.3718431531852172,145
Distance_based,kmeans,centers=146,0.37633337341326417,146
Distance_based,kmeans,centers=147,0.35417036962620074,147
Distance_based,kmeans,centers=148,0.4014234101150294,148
Distance_based,kmeans,centers=149,0.3568222923793527,149
Distance_based,kmeans,centers=150,0.3484619027850055,150
Distance_based,hclust_ward.D,k=2,0.025911973658531123,2
Distance_based,hclust_ward.D,k=3,0.04143248251142162,3
Distance_based,hclust_ward.D,k=4,0.05438842547787004,4
Distance_based,hclust_ward.D,k=5,0.07130571761793529,5
Distance_based,hclust_ward.D,k=6,0.09046934410477747,6
Distance_based,hclust_ward.D,k=7,0.11142389831149248,7
Distance_based,hclust_ward.D,k=8,0.13153299588087167,8
Distance_based,hclust_ward.D,k=9,0.14684845975427888,9
Distance_based,hclust_ward.D,k=10,0.18316271871872225,10
Distance_based,hclust_ward.D,k=11,0.19126615659875032,11
Distance_based,hclust_ward.D,k=12,0.20570322192563628,12
Distance_based,hclust_ward.D,k=13,0.2155293774845464,13
Distance_based,hclust_ward.D,k=14,0.23238491134608655,14
Distance_based,hclust_ward.D,k=15,0.24966488059137243,15
Distance_based,hclust_ward.D,k=16,0.2577429912945933,16
Distance_based,hclust_ward.D,k=17,0.2671307102037194,17
Distance_based,hclust_ward.D,k=18,0.2682942931525307,18
Distance_based,hclust_ward.D,k=19,0.27632503697175775,19
Distance_based,hclust_ward.D,k=20,0.2867329626409277,20
Distance_based,hclust_ward.D,k=21,0.30428581114816344,21
Distance_based,hclust_ward.D,k=22,0.3106713036333058,22
Distance_based,hclust_ward.D,k=23,0.30988317949129823,23
Distance_based,hclust_ward.D,k=24,0.32339986325205095,24
Distance_based,hclust_ward.D,k=25,0.3274602492479587,25
Distance_based,hclust_ward.D,k=26,0.32971305378790705,26
Distance_based,hclust_ward.D,k=27,0.3466934754023737,27
Distance_based,hclust_ward.D,k=28,0.35123125771548513,28
Distance_based,hclust_ward.D,k=29,0.356401380255736,29
Distance_based,hclust_ward.D,k=30,0.36037066100666615,30
Distance_based,hclust_ward.D,k=31,0.3719251333823715,31
Distance_based,hclust_ward.D,k=32,0.37360371836165496,32
Distance_based,hclust_ward.D,k=33,0.377058167868719,33
Distance_based,hclust_ward.D,k=34,0.3971102530046432,34
Distance_based,hclust_ward.D,k=35,0.39948384606023474,35
Distance_based,hclust_ward.D,k=36,0.41765911599306244,36
Distance_based,hclust_ward.D,k=37,0.41570423207690893,37
Distance_based,hclust_ward.D,k=38,0.42122120141978214,38
Distance_based,hclust_ward.D,k=39,0.4245966523834908,39
Distance_based,hclust_ward.D,k=40,0.43325778074738,40
Distance_based,hclust_ward.D,k=41,0.43801179839804305,41
Distance_based,hclust_ward.D,k=42,0.4363486061858576,42
Distance_based,hclust_ward.D,k=43,0.4393817849199578,43
Distance_based,hclust_ward.D,k=44,0.45450142209730937,44
Distance_based,hclust_ward.D,k=45,0.45997910692460436,45
Distance_based,hclust_ward.D,k=46,0.46731811475694524,46
Distance_based,hclust_ward.D,k=47,0.48690011671624256,47
Distance_based,hclust_ward.D,k=48,0.4909239491454414,48
Distance_based,hclust_ward.D,k=49,0.49398275660406676,49
Distance_based,hclust_ward.D,k=50,0.49099045828180576,50
Distance_based,hclust_ward.D,k=51,0.4503036198081686,51
Distance_based,hclust_ward.D,k=52,0.44960986664214525,52
Distance_based,hclust_ward.D,k=53,0.45217036731153665,53
Distance_based,hclust_ward.D,k=54,0.4463865522742392,54
Distance_based,hclust_ward.D,k=55,0.4324268643197339,55
Distance_based,hclust_ward.D,k=56,0.43444463668745864,56
Distance_based,hclust_ward.D,k=57,0.4326087695658165,57
Distance_based,hclust_ward.D,k=58,0.433623520395689,58
Distance_based,hclust_ward.D,k=59,0.4340276132655467,59
Distance_based,hclust_ward.D,k=60,0.42954537783927904,60
Distance_based,hclust_ward.D,k=61,0.43210027670144724,61
Distance_based,hclust_ward.D,k=62,0.438348155781246,62
Distance_based,hclust_ward.D,k=63,0.43914090541409206,63
Distance_based,hclust_ward.D,k=64,0.43456885988394445,64
Distance_based,hclust_ward.D,k=65,0.42944996537720137,65
Distance_based,hclust_ward.D,k=66,0.4208312763094919,66
Distance_based,hclust_ward.D,k=67,0.4312288110966892,67
Distance_based,hclust_ward.D,k=68,0.432599001965629,68
Distance_based,hclust_ward.D,k=69,0.43157319388220877,69
Distance_based,hclust_ward.D,k=70,0.4458208584597308,70
Distance_based,hclust_ward.D,k=71,0.44640887551518593,71
Distance_based,hclust_ward.D,k=72,0.4462322527264565,72
Distance_based,hclust_ward.D,k=73,0.45374016154120156,73
Distance_based,hclust_ward.D,k=74,0.452373960267859,74
Distance_based,hclust_ward.D,k=75,0.45298453892876867,75
Distance_based,hclust_ward.D,k=76,0.4476256014384577,76
Distance_based,hclust_ward.D,k=77,0.45983084285460535,77
Distance_based,hclust_ward.D,k=78,0.44400622530402994,78
Distance_based,hclust_ward.D,k=79,0.4469122615981918,79
Distance_based,hclust_ward.D,k=80,0.4454177872480507,80
Distance_based,hclust_ward.D,k=81,0.4449923878324726,81
Distance_based,hclust_ward.D,k=82,0.44283658135958265,82
Distance_based,hclust_ward.D,k=83,0.43633394962422267,83
Distance_based,hclust_ward.D,k=84,0.4389157477320875,84
Distance_based,hclust_ward.D,k=85,0.44284460915293766,85
Distance_based,hclust_ward.D,k=86,0.4474525573148369,86
Distance_based,hclust_ward.D,k=87,0.4477931452930286,87
Distance_based,hclust_ward.D,k=88,0.44667231808617713,88
Distance_based,hclust_ward.D,k=89,0.4448929891210906,89
Distance_based,hclust_ward.D,k=90,0.44035017136162613,90
Distance_based,hclust_ward.D,k=91,0.43806901641321855,91
Distance_based,hclust_ward.D,k=92,0.43463502282737015,92
Distance_based,hclust_ward.D,k=93,0.43435982611874463,93
Distance_based,hclust_ward.D,k=94,0.4362662696316219,94
Distance_based,hclust_ward.D,k=95,0.43199613120894864,95
Distance_based,hclust_ward.D,k=96,0.42490902592761065,96
Distance_based,hclust_ward.D,k=97,0.4238878400362901,97
Distance_based,hclust_ward.D,k=98,0.42199828959096275,98
Distance_based,hclust_ward.D,k=99,0.42027207905208613,99
Distance_based,hclust_ward.D,k=100,0.4176633436749598,100
Distance_based,hclust_ward.D,k=101,0.41523330942794345,101
Distance_based,hclust_ward.D,k=102,0.41279596325527235,102
Distance_based,hclust_ward.D,k=103,0.41114565354082167,103
Distance_based,hclust_ward.D,k=104,0.41318358318255144,104
Distance_based,hclust_ward.D,k=105,0.4094726912269905,105
Distance_based,hclust_ward.D,k=106,0.4098121062759415,106
Distance_based,hclust_ward.D,k=107,0.4093664681456272,107
Distance_based,hclust_ward.D,k=108,0.4056124916632301,108
Distance_based,hclust_ward.D,k=109,0.4031001954618849,109
Distance_based,hclust_ward.D,k=110,0.39551661546815475,110
Distance_based,hclust_ward.D,k=111,0.3878622355500353,111
Distance_based,hclust_ward.D,k=112,0.3872374999462641,112
Distance_based,hclust_ward.D,k=113,0.3804674214585793,113
Distance_based,hclust_ward.D,k=114,0.38442268156580844,114
Distance_based,hclust_ward.D,k=115,0.3850892198971489,115
Distance_based,hclust_ward.D,k=116,0.38377783054286807,116
Distance_based,hclust_ward.D,k=117,0.3824643552375441,117
Distance_based,hclust_ward.D,k=118,0.3814805121350142,118
Distance_based,hclust_ward.D,k=119,0.38016206395540475,119
Distance_based,hclust_ward.D,k=120,0.37884151190367277,120
Distance_based,hclust_ward.D,k=121,0.3791721873253014,121
Distance_based,hclust_ward.D,k=122,0.37386565064291943,122
Distance_based,hclust_ward.D,k=123,0.3698272268202429,123
Distance_based,hclust_ward.D,k=124,0.3684834186464833,124
Distance_based,hclust_ward.D,k=125,0.3697907834775888,125
Distance_based,hclust_ward.D,k=126,0.37044764591669255,126
Distance_based,hclust_ward.D,k=127,0.3711066421450559,127
Distance_based,hclust_ward.D,k=128,0.37143694368200186,128
Distance_based,hclust_ward.D,k=129,0.3687278804649781,129
Distance_based,hclust_ward.D,k=130,0.36464770432861016,130
Distance_based,hclust_ward.D,k=131,0.3615213652647397,131
Distance_based,hclust_ward.D,k=132,0.36163534113585516,132
Distance_based,hclust_ward.D,k=133,0.360243366787861,133
Distance_based,hclust_ward.D,k=134,0.35884907509718916,134
Distance_based,hclust_ward.D,k=135,0.3601657458563536,135
Distance_based,hclust_ward.D,k=136,0.35172938426257544,136
Distance_based,hclust_ward.D,k=137,0.35063926195649753,137
Distance_based,hclust_ward.D,k=138,0.34922163555342783,138
Distance_based,hclust_ward.D,k=139,0.3481245289366491,139
Distance_based,hclust_ward.D,k=140,0.34559704537958563,140
Distance_based,hclust_ward.D,k=141,0.3427364562178951,141
Distance_based,hclust_ward.D,k=142,0.3433775150185944,142
Distance_based,hclust_ward.D,k=143,0.3382551924768284,143
Distance_based,hclust_ward.D,k=144,0.33308021420678324,144
Distance_based,hclust_ward.D,k=145,0.33193563524621184,145
Distance_based,hclust_ward.D,k=146,0.3304727247935504,146
Distance_based,hclust_ward.D,k=147,0.32312031755511467,147
Distance_based,hclust_ward.D,k=148,0.32108531144728886,148
Distance_based,hclust_ward.D,k=149,0.3217038132005338,149
Distance_based,hclust_ward.D,k=150,0.32232446560236006,150
Distance_based,hclust_ward.D2,k=2,0.02881010768765905,2
Distance_based,hclust_ward.D2,k=3,0.03998694214438127,3
Distance_based,hclust_ward.D2,k=4,0.05992484036704386,4
Distance_based,hclust_ward.D2,k=5,0.09398723293196008,5
Distance_based,hclust_ward.D2,k=6,0.10202937973025498,6
Distance_based,hclust_ward.D2,k=7,0.11842872421228776,7
Distance_based,hclust_ward.D2,k=8,0.12969162020282407,8
Distance_based,hclust_ward.D2,k=9,0.13644053968509848,9
Distance_based,hclust_ward.D2,k=10,0.17934833246839235,10
Distance_based,hclust_ward.D2,k=11,0.18777294702454272,11
Distance_based,hclust_ward.D2,k=12,0.1962553094954077,12
Distance_based,hclust_ward.D2,k=13,0.21210303773602365,13
Distance_based,hclust_ward.D2,k=14,0.22128959714562993,14
Distance_based,hclust_ward.D2,k=15,0.24214947859016522,15
Distance_based,hclust_ward.D2,k=16,0.26026145821911795,16
Distance_based,hclust_ward.D2,k=17,0.2613800496060466,17
Distance_based,hclust_ward.D2,k=18,0.27572624403768303,18
Distance_based,hclust_ward.D2,k=19,0.2866040472184026,19
Distance_based,hclust_ward.D2,k=20,0.29823734948933966,20
Distance_based,hclust_ward.D2,k=21,0.3162428249348191,21
Distance_based,hclust_ward.D2,k=22,0.3265548976830551,22
Distance_based,hclust_ward.D2,k=23,0.3313480230905618,23
Distance_based,hclust_ward.D2,k=24,0.33553827765432376,24
Distance_based,hclust_ward.D2,k=25,0.33753364748708997,25
Distance_based,hclust_ward.D2,k=26,0.33990950951119747,26
Distance_based,hclust_ward.D2,k=27,0.3417113737882482,27
Distance_based,hclust_ward.D2,k=28,0.33902156559996294,28
Distance_based,hclust_ward.D2,k=29,0.35201774611747605,29
Distance_based,hclust_ward.D2,k=30,0.35431231384460243,30
Distance_based,hclust_ward.D2,k=31,0.35271598858153896,31
Distance_based,hclust_ward.D2,k=32,0.3567697953936501,32
Distance_based,hclust_ward.D2,k=33,0.3679670256488317,33
Distance_based,hclust_ward.D2,k=34,0.3741496598639456,34
Distance_based,hclust_ward.D2,k=35,0.38238293721177724,35
Distance_based,hclust_ward.D2,k=36,0.38913611372680057,36
Distance_based,hclust_ward.D2,k=37,0.3911650623256742,37
Distance_based,hclust_ward.D2,k=38,0.3905973934837522,38
Distance_based,hclust_ward.D2,k=39,0.39801466612376785,39
Distance_based,hclust_ward.D2,k=40,0.3957908674675549,40
Distance_based,hclust_ward.D2,k=41,0.395024766860927,41
Distance_based,hclust_ward.D2,k=42,0.3925490627336042,42
Distance_based,hclust_ward.D2,k=43,0.39533129796853383,43
Distance_based,hclust_ward.D2,k=44,0.4209952155943825,44
Distance_based,hclust_ward.D2,k=45,0.4185624343772716,45
Distance_based,hclust_ward.D2,k=46,0.37714099347717017,46
Distance_based,hclust_ward.D2,k=47,0.375435584772872,47
Distance_based,hclust_ward.D2,k=48,0.37845645768015546,48
Distance_based,hclust_ward.D2,k=49,0.38818983906176074,49
Distance_based,hclust_ward.D2,k=50,0.3903275981288546,50
Distance_based,hclust_ward.D2,k=51,0.386438251772942,51
Distance_based,hclust_ward.D2,k=52,0.37375857792163186,52
Distance_based,hclust_ward.D2,k=53,0.3872532133308912,53
Distance_based,hclust_ward.D2,k=54,0.3874899921622829,54
Distance_based,hclust_ward.D2,k=55,0.389655435301293,55
Distance_based,hclust_ward.D2,k=56,0.3880150076623628,56
Distance_based,hclust_ward.D2,k=57,0.3786227597400923,57
Distance_based,hclust_ward.D2,k=58,0.379917319320646,58
Distance_based,hclust_ward.D2,k=59,0.38517756298965355,59
Distance_based,hclust_ward.D2,k=60,0.3799404461083064,60
Distance_based,hclust_ward.D2,k=61,0.3803830295566068,61
Distance_based,hclust_ward.D2,k=62,0.3810486766184146,62
Distance_based,hclust_ward.D2,k=63,0.3993650659588659,63
Distance_based,hclust_ward.D2,k=64,0.394546349970632,64
Distance_based,hclust_ward.D2,k=65,0.39729246754948283,65
Distance_based,hclust_ward.D2,k=66,0.39878037757983076,66
Distance_based,hclust_ward.D2,k=67,0.3997780172454753,67
Distance_based,hclust_ward.D2,k=68,0.40109568372231724,68
Distance_based,hclust_ward.D2,k=69,0.40363223638632345,69
Distance_based,hclust_ward.D2,k=70,0.4034487609628626,70
Distance_based,hclust_ward.D2,k=71,0.40205523773344365,71
Distance_based,hclust_ward.D2,k=72,0.4016783010501026,72
Distance_based,hclust_ward.D2,k=73,0.40123178375351887,73
Distance_based,hclust_ward.D2,k=74,0.3993086418471512,74
Distance_based,hclust_ward.D2,k=75,0.4000772134021148,75
Distance_based,hclust_ward.D2,k=76,0.4066276202428715,76
Distance_based,hclust_ward.D2,k=77,0.405162823263324,77
Distance_based,hclust_ward.D2,k=78,0.40543481073072823,78
Distance_based,hclust_ward.D2,k=79,0.40341936275512297,79
Distance_based,hclust_ward.D2,k=80,0.4074283199508432,80
Distance_based,hclust_ward.D2,k=81,0.40333142796890004,81
Distance_based,hclust_ward.D2,k=82,0.41176977998124914,82
Distance_based,hclust_ward.D2,k=83,0.4250541856355827,83
Distance_based,hclust_ward.D2,k=84,0.4218579250918078,84
Distance_based,hclust_ward.D2,k=85,0.42459646200193013,85
Distance_based,hclust_ward.D2,k=86,0.42551661355056275,86
Distance_based,hclust_ward.D2,k=87,0.42366589327146165,87
Distance_based,hclust_ward.D2,k=88,0.427878958868586,88
Distance_based,hclust_ward.D2,k=89,0.4334064332542378,89
Distance_based,hclust_ward.D2,k=90,0.4311697308614512,90
Distance_based,hclust_ward.D2,k=91,0.43182194829230164,91
Distance_based,hclust_ward.D2,k=92,0.42942853449483664,92
Distance_based,hclust_ward.D2,k=93,0.4252328229326191,93
Distance_based,hclust_ward.D2,k=94,0.4229463971873613,94
Distance_based,hclust_ward.D2,k=95,0.41835400852130206,95
Distance_based,hclust_ward.D2,k=96,0.41867725923563176,96
Distance_based,hclust_ward.D2,k=97,0.40121120964520585,97
Distance_based,hclust_ward.D2,k=98,0.3988538463190191,98
Distance_based,hclust_ward.D2,k=99,0.391740769228926,99
Distance_based,hclust_ward.D2,k=100,0.39334594351486146,100
Distance_based,hclust_ward.D2,k=101,0.3927720752465348,101
Distance_based,hclust_ward.D2,k=102,0.39751994358320053,102
Distance_based,hclust_ward.D2,k=103,0.3972682604539653,103
Distance_based,hclust_ward.D2,k=104,0.38994673576916916,104
Distance_based,hclust_ward.D2,k=105,0.38815828642115774,105
Distance_based,hclust_ward.D2,k=106,0.38879438990739834,106
Distance_based,hclust_ward.D2,k=107,0.39265150996027254,107
Distance_based,hclust_ward.D2,k=108,0.3914055398006434,108
Distance_based,hclust_ward.D2,k=109,0.3904808728798015,109
Distance_based,hclust_ward.D2,k=110,0.38672377376990824,110
Distance_based,hclust_ward.D2,k=111,0.3854675902394764,111
Distance_based,hclust_ward.D2,k=112,0.38420949085167455,112
Distance_based,hclust_ward.D2,k=113,0.3845296262235053,113
Distance_based,hclust_ward.D2,k=114,0.386137660521168,114
Distance_based,hclust_ward.D2,k=115,0.3926949021114824,115
Distance_based,hclust_ward.D2,k=116,0.3953752934677531,116
Distance_based,hclust_ward.D2,k=117,0.3940904571577148,117
Distance_based,hclust_ward.D2,k=118,0.39022384001828675,118
Distance_based,hclust_ward.D2,k=119,0.38636862668558025,119
Distance_based,hclust_ward.D2,k=120,0.3867021169913034,120
Distance_based,hclust_ward.D2,k=121,0.3873706826905861,121
Distance_based,hclust_ward.D2,k=122,0.3847556863064136,122
Distance_based,hclust_ward.D2,k=123,0.3808175935181775,123
Distance_based,hclust_ward.D2,k=124,0.37686066349711134,124
Distance_based,hclust_ward.D2,k=125,0.3728847607618826,125
Distance_based,hclust_ward.D2,k=126,0.36584177526923234,126
Distance_based,hclust_ward.D2,k=127,0.3644969215957254,127
Distance_based,hclust_ward.D2,k=128,0.3631498994223117,128
Distance_based,hclust_ward.D2,k=129,0.3644389511785998,129
Distance_based,hclust_ward.D2,k=130,0.36508660999554293,130
Distance_based,hclust_ward.D2,k=131,0.36198532111079895,131
Distance_based,hclust_ward.D2,k=132,0.36393532820709407,132
Distance_based,hclust_ward.D2,k=133,0.3652460031111799,133
Distance_based,hclust_ward.D2,k=134,0.36250003399100644,134
Distance_based,hclust_ward.D2,k=135,0.36145009301637254,135
Distance_based,hclust_ward.D2,k=136,0.353138797620753,136
Distance_based,hclust_ward.D2,k=137,0.3506699254337502,137
Distance_based,hclust_ward.D2,k=138,0.342242331869235,138
Distance_based,hclust_ward.D2,k=139,0.3411436464088398,139
Distance_based,hclust_ward.D2,k=140,0.34177345953554095,140
Distance_based,hclust_ward.D2,k=141,0.34209756433883476,141
Distance_based,hclust_ward.D2,k=142,0.34066551970122955,142
Distance_based,hclust_ward.D2,k=143,0.3395483387058056,143
Distance_based,hclust_ward.D2,k=144,0.34018453039811297,144
Distance_based,hclust_ward.D2,k=145,0.332961234016643,145
Distance_based,hclust_ward.D2,k=146,0.33327533914842594,146
Distance_based,hclust_ward.D2,k=147,0.3303668073152327,147
Distance_based,hclust_ward.D2,k=148,0.3309927271663504,148
Distance_based,hclust_ward.D2,k=149,0.3295327685376704,149
Distance_based,hclust_ward.D2,k=150,0.3275393524337091,150
Distance_based,hclust_single,k=2,2.7844631807998e-4,2
Distance_based,hclust_single,k=3,3.346680861417566e-4,3
Distance_based,hclust_single,k=4,3.4813552580582446e-4,4
Distance_based,hclust_single,k=5,4.470573583064645e-4,5
Distance_based,hclust_single,k=6,0.001372919782288643,6
Distance_based,hclust_single,k=7,0.0014334914455920258,7
Distance_based,hclust_single,k=8,0.0014046578599357195,8
Distance_based,hclust_single,k=9,0.0019923746437181824,9
Distance_based,hclust_single,k=10,0.0015502425503610782,10
Distance_based,hclust_single,k=11,0.001460099606667893,11
Distance_based,hclust_single,k=12,0.0015649613164860127,12
Distance_based,hclust_single,k=13,0.0016703920191985131,13
Distance_based,hclust_single,k=14,0.002630153715637319,14
Distance_based,hclust_single,k=15,0.003062782816288588,15
Distance_based,hclust_single,k=16,0.00200423432720043,16
Distance_based,hclust_single,k=17,0.0025661189448361777,17
Distance_based,hclust_single,k=18,0.0026741648632616893,18
Distance_based,hclust_single,k=19,0.0022457350354861626,19
Distance_based,hclust_single,k=20,0.002130443873633404,20
Distance_based,hclust_single,k=21,0.0023461085749415696,21
Distance_based,hclust_single,k=22,0.0025078893472264196,22
Distance_based,hclust_single,k=23,0.002671007669999149,23
Distance_based,hclust_single,k=24,0.0024514982660310126,24
Distance_based,hclust_single,k=25,0.0026143883432712205,25
Distance_based,hclust_single,k=26,0.002558584719150154,26
Distance_based,hclust_single,k=27,0.0026078975296596873,27
Distance_based,hclust_single,k=28,0.0026141855843044193,28
Distance_based,hclust_single,k=29,0.0026632269493621625,29
Distance_based,hclust_single,k=30,0.002770053525255523,30
Distance_based,hclust_single,k=31,0.003914306451518807,31
Distance_based,hclust_single,k=32,0.003855568168203743,32
Distance_based,hclust_single,k=33,0.003969910371545028,33
Distance_based,hclust_single,k=34,0.0041456159412351186,34
Distance_based,hclust_single,k=35,0.003798141583802767,35
Distance_based,hclust_single,k=36,0.004394712275667934,36
Distance_based,hclust_single,k=37,0.004273600369250432,37
Distance_based,hclust_single,k=38,0.004275959357147677,38
Distance_based,hclust_single,k=39,0.0046866012833020635,39
Distance_based,hclust_single,k=40,0.004628299358862756,40
Distance_based,hclust_single,k=41,0.0071560151276723214,41
Distance_based,hclust_single,k=42,0.008183774623119141,42
Distance_based,hclust_single,k=43,0.008326274328992491,43
Distance_based,hclust_single,k=44,0.008262236031672105,44
Distance_based,hclust_single,k=45,0.008288722852461673,45
Distance_based,hclust_single,k=46,0.00885880464983865,46
Distance_based,hclust_single,k=47,0.009297014779563689,47
Distance_based,hclust_single,k=48,0.00966577489726243,48
Distance_based,hclust_single,k=49,0.009523157835046531,49
Distance_based,hclust_single,k=50,0.009454325584853825,50
Distance_based,hclust_single,k=51,0.009530959993124186,51
Distance_based,hclust_single,k=52,0.009395534129231147,52
Distance_based,hclust_single,k=53,0.009323000654762981,53
Distance_based,hclust_single,k=54,0.01122102440152417,54
Distance_based,hclust_single,k=55,0.011618413709364585,55
Distance_based,hclust_single,k=56,0.011389840392215255,56
Distance_based,hclust_single,k=57,0.011237429492594098,57
Distance_based,hclust_single,k=58,0.012776683860805698,58
Distance_based,hclust_single,k=59,0.012778604840564917,59
Distance_based,hclust_single,k=60,0.012697757625629063,60
Distance_based,hclust_single,k=61,0.013121487515117025,61
Distance_based,hclust_single,k=62,0.013041885625512409,62
Distance_based,hclust_single,k=63,0.019367307013835055,63
Distance_based,hclust_single,k=64,0.019880547790121935,64
Distance_based,hclust_single,k=65,0.020016040254244125,65
Distance_based,hclust_single,k=66,0.01982871622021515,66
Distance_based,hclust_single,k=67,0.01973504114340847,67
Distance_based,hclust_single,k=68,0.019867869640041193,68
Distance_based,hclust_single,k=69,0.01977330414600287,69
Distance_based,hclust_single,k=70,0.020199396302422845,70
Distance_based,hclust_single,k=71,0.02010394163792296,71
Distance_based,hclust_single,k=72,0.020768328506627638,72
Distance_based,hclust_single,k=73,0.020771034726384037,73
Distance_based,hclust_single,k=74,0.020479194517315263,74
Distance_based,hclust_single,k=75,0.020487273636569082,75
Distance_based,hclust_single,k=76,0.020215924023095373,76
Distance_based,hclust_single,k=77,0.02044939831221546,77
Distance_based,hclust_single,k=78,0.020786861214971964,78
Distance_based,hclust_single,k=79,0.020499568736668965,79
Distance_based,hclust_single,k=80,0.021177745922993364,80
Distance_based,hclust_single,k=81,0.02110300024918846,81
Distance_based,hclust_single,k=82,0.021000603609290975,82
Distance_based,hclust_single,k=83,0.020898196557598545,83
Distance_based,hclust_single,k=84,0.02071072189820206,84
Distance_based,hclust_single,k=85,0.020713596909808146,85
Distance_based,hclust_single,k=86,0.020734245770812378,86
Distance_based,hclust_single,k=87,0.02536357704022644,87
Distance_based,hclust_single,k=88,0.025380605996286276,88
Distance_based,hclust_single,k=89,0.025305576405769085,89
Distance_based,hclust_single,k=90,0.025312452917453564,90
Distance_based,hclust_single,k=91,0.025588629905596932,91
Distance_based,hclust_single,k=92,0.02574711433550197,92
Distance_based,hclust_single,k=93,0.026147853330782882,93
Distance_based,hclust_single,k=94,0.026960327153870114,94
Distance_based,hclust_single,k=95,0.02687367583217031,95
Distance_based,hclust_single,k=96,0.029351691127104996,96
Distance_based,hclust_single,k=97,0.028591934303389143,97
Distance_based,hclust_single,k=98,0.028632354505708654,98
Distance_based,hclust_single,k=99,0.029203940781988656,99
Distance_based,hclust_single,k=100,0.02978403585402872,100
Distance_based,hclust_single,k=101,0.02965742831650349,101
Distance_based,hclust_single,k=102,0.029731725311631863,102
Distance_based,hclust_single,k=103,0.03004511341277233,103
Distance_based,hclust_single,k=104,0.02979208800432164,104
Distance_based,hclust_single,k=105,0.02980087257133493,105
Distance_based,hclust_single,k=106,0.03053835323103156,106
Distance_based,hclust_single,k=107,0.03088917883319009,107
Distance_based,hclust_single,k=108,0.03135848751875444,108
Distance_based,hclust_single,k=109,0.03153806082589,109
Distance_based,hclust_single,k=110,0.03231562621875505,110
Distance_based,hclust_single,k=111,0.03233517507081286,111
Distance_based,hclust_single,k=112,0.03234006405067039,112
Distance_based,hclust_single,k=113,0.03237419500635978,113
Distance_based,hclust_single,k=114,0.03222766965013361,114
Distance_based,hclust_single,k=115,0.0320811228538193,115
Distance_based,hclust_single,k=116,0.032720682570058036,116
Distance_based,hclust_single,k=117,0.03257243649382876,117
Distance_based,hclust_single,k=118,0.03244491121353273,118
Distance_based,hclust_single,k=119,0.03200987100325869,119
Distance_based,hclust_single,k=120,0.03201491403952036,120
Distance_based,hclust_single,k=121,0.04308570791862425,121
Distance_based,hclust_single,k=122,0.043092547792398246,122
Distance_based,hclust_single,k=123,0.04317471950506197,123
Distance_based,hclust_single,k=124,0.043624750349452235,124
Distance_based,hclust_single,k=125,0.044264846436885774,125
Distance_based,hclust_single,k=126,0.04301503280807587,126
Distance_based,hclust_single,k=127,0.04346068753402439,127
Distance_based,hclust_single,k=128,0.04372018860174544,128
Distance_based,hclust_single,k=129,0.044558120004106624,129
Distance_based,hclust_single,k=130,0.04420916870739935,130
Distance_based,hclust_single,k=131,0.04444708900369576,131
Distance_based,hclust_single,k=132,0.04221006147525329,132
Distance_based,hclust_single,k=133,0.04307172587247646,133
Distance_based,hclust_single,k=134,0.04331057350828533,134
Distance_based,hclust_single,k=135,0.04331822952490238,135
Distance_based,hclust_single,k=136,0.04376029407474908,136
Distance_based,hclust_single,k=137,0.044413609933458574,137
Distance_based,hclust_single,k=138,0.043815832829222356,138
Distance_based,hclust_single,k=139,0.04387128747967189,139
Distance_based,hclust_single,k=140,0.04347230145366769,140
Distance_based,hclust_single,k=141,0.04227438353955599,141
Distance_based,hclust_single,k=142,0.04333027333324745,142
Distance_based,hclust_single,k=143,0.043767339693567754,143
Distance_based,hclust_single,k=144,0.044208245746926896,144
Distance_based,hclust_single,k=145,0.04755549386604598,145
Distance_based,hclust_single,k=146,0.04898317428666499,146
Distance_based,hclust_single,k=147,0.04899260472688425,147
Distance_based,hclust_single,k=148,0.049022763715625514,148
Distance_based,hclust_single,k=149,0.049520935710586744,149
Distance_based,hclust_single,k=150,0.05452611088799916,150
Distance_based,hclust_complete,k=2,0.019236485742001024,2
Distance_based,hclust_complete,k=3,0.039041552180538064,3
Distance_based,hclust_complete,k=4,0.043120924158969016,4
Distance_based,hclust_complete,k=5,0.04212505268131141,5
Distance_based,hclust_complete,k=6,0.07986378696874336,6
Distance_based,hclust_complete,k=7,0.088181637448415,7
Distance_based,hclust_complete,k=8,0.08934613204427641,8
Distance_based,hclust_complete,k=9,0.10020302988450505,9
Distance_based,hclust_complete,k=10,0.10065590955161051,10
Distance_based,hclust_complete,k=11,0.1366099707058253,11
Distance_based,hclust_complete,k=12,0.14349338370243772,12
Distance_based,hclust_complete,k=13,0.15677213764956818,13
Distance_based,hclust_complete,k=14,0.16087097569521042,14
Distance_based,hclust_complete,k=15,0.16179879583104087,15
Distance_based,hclust_complete,k=16,0.1639096310239623,16
Distance_based,hclust_complete,k=17,0.16701473263431302,17
Distance_based,hclust_complete,k=18,0.1683203440986705,18
Distance_based,hclust_complete,k=19,0.1711686980542785,19
Distance_based,hclust_complete,k=20,0.17127189968893458,20
Distance_based,hclust_complete,k=21,0.17700225856041982,21
Distance_based,hclust_complete,k=22,0.194421321308653,22
Distance_based,hclust_complete,k=23,0.19485789668394293,23
Distance_based,hclust_complete,k=24,0.19767203737921782,24
Distance_based,hclust_complete,k=25,0.19812504623063543,25
Distance_based,hclust_complete,k=26,0.2619738329996914,26
Distance_based,hclust_complete,k=27,0.26380199099573803,27
Distance_based,hclust_complete,k=28,0.24284733395147842,28
Distance_based,hclust_complete,k=29,0.24183308447382187,29
Distance_based,hclust_complete,k=30,0.23932704910142394,30
Distance_based,hclust_complete,k=31,0.24728150350583888,31
Distance_based,hclust_complete,k=32,0.2475269715266497,32
Distance_based,hclust_complete,k=33,0.24851312334444406,33
Distance_based,hclust_complete,k=34,0.2538633864841954,34
Distance_based,hclust_complete,k=35,0.25563924781420827,35
Distance_based,hclust_complete,k=36,0.2593707076668751,36
Distance_based,hclust_complete,k=37,0.2660141722126854,37
Distance_based,hclust_complete,k=38,0.25502213903593923,38
Distance_based,hclust_complete,k=39,0.2527638971054078,39
Distance_based,hclust_complete,k=40,0.25216134835676396,40
Distance_based,hclust_complete,k=41,0.253264649529571,41
Distance_based,hclust_complete,k=42,0.25549685749164397,42
Distance_based,hclust_complete,k=43,0.2618481514285725,43
Distance_based,hclust_complete,k=44,0.2591489040591316,44
Distance_based,hclust_complete,k=45,0.25409423568625417,45
Distance_based,hclust_complete,k=46,0.25307501384123443,46
Distance_based,hclust_complete,k=47,0.25142102074482287,47
Distance_based,hclust_complete,k=48,0.25230884087368166,48
Distance_based,hclust_complete,k=49,0.25375171265697194,49
Distance_based,hclust_complete,k=50,0.2516660214817682,50
Distance_based,hclust_complete,k=51,0.25124294661055574,51
Distance_based,hclust_complete,k=52,0.2527539615997805,52
Distance_based,hclust_complete,k=53,0.2779211290058862,53
Distance_based,hclust_complete,k=54,0.29314141511556885,54
Distance_based,hclust_complete,k=55,0.293674275829623,55
Distance_based,hclust_complete,k=56,0.29474520149675615,56
Distance_based,hclust_complete,k=57,0.2979416875211732,57
Distance_based,hclust_complete,k=58,0.2976062343799867,58
Distance_based,hclust_complete,k=59,0.2964391541903484,59
Distance_based,hclust_complete,k=60,0.2999616485510636,60
Distance_based,hclust_complete,k=61,0.3008170947512939,61
Distance_based,hclust_complete,k=62,0.3012464570881009,62
Distance_based,hclust_complete,k=63,0.29723055112796054,63
Distance_based,hclust_complete,k=64,0.2976575134504569,64
Distance_based,hclust_complete,k=65,0.29734074863681165,65
Distance_based,hclust_complete,k=66,0.31380455678618824,66
Distance_based,hclust_complete,k=67,0.3156997412697883,67
Distance_based,hclust_complete,k=68,0.31601760779080335,68
Distance_based,hclust_complete,k=69,0.3144591420089218,69
Distance_based,hclust_complete,k=70,0.3155722789192376,70
Distance_based,hclust_complete,k=71,0.31622908088857377,71
Distance_based,hclust_complete,k=72,0.3168724736594629,72
Distance_based,hclust_complete,k=73,0.31832875453468246,73
Distance_based,hclust_complete,k=74,0.32925643976371116,74
Distance_based,hclust_complete,k=75,0.3705798529361079,75
Distance_based,hclust_complete,k=76,0.3777027443762237,76
Distance_based,hclust_complete,k=77,0.3783833547034301,77
Distance_based,hclust_complete,k=78,0.3733545037276319,78
Distance_based,hclust_complete,k=79,0.3712730328993025,79
Distance_based,hclust_complete,k=80,0.367616944413669,80
Distance_based,hclust_complete,k=81,0.367844524948761,81
Distance_based,hclust_complete,k=82,0.36641297610673107,82
Distance_based,hclust_complete,k=83,0.36497492891573424,83
Distance_based,hclust_complete,k=84,0.36448054625645626,84
Distance_based,hclust_complete,k=85,0.3625790503914877,85
Distance_based,hclust_complete,k=86,0.35864793178946414,86
Distance_based,hclust_complete,k=87,0.35791131867129966,87
Distance_based,hclust_complete,k=88,0.35717301156064235,88
Distance_based,hclust_complete,k=89,0.35739877350418947,89
Distance_based,hclust_complete,k=90,0.35785107751545675,90
Distance_based,hclust_complete,k=91,0.3619691931010101,91
Distance_based,hclust_complete,k=92,0.36001934821192844,92
Distance_based,hclust_complete,k=93,0.36048051377595874,93
Distance_based,hclust_complete,k=94,0.3585243753641898,94
Distance_based,hclust_complete,k=95,0.3589848713104118,95
Distance_based,hclust_complete,k=96,0.3580042105697685,96
Distance_based,hclust_complete,k=97,0.3550553318131919,97
Distance_based,hclust_complete,k=98,0.37096027673119397,98
Distance_based,hclust_complete,k=99,0.36911325643211373,99
Distance_based,hclust_complete,k=100,0.36937012015219134,100
Distance_based,hclust_complete,k=101,0.3785705997877086,101
Distance_based,hclust_complete,k=102,0.3764153243735567,102
Distance_based,hclust_complete,k=103,0.3753355823901863,103
Distance_based,hclust_complete,k=104,0.37802576272949423,104
Distance_based,hclust_complete,k=105,0.3782967207711479,105
Distance_based,hclust_complete,k=106,0.37883970407083545,106
Distance_based,hclust_complete,k=107,0.3837914800242574,107
Distance_based,hclust_complete,k=108,0.3826936734168884,108
Distance_based,hclust_complete,k=109,0.3841051100836002,109
Distance_based,hclust_complete,k=110,0.3707384557026988,110
Distance_based,hclust_complete,k=111,0.3696147926298835,111
Distance_based,hclust_complete,k=112,0.3662346824852875,112
Distance_based,hclust_complete,k=113,0.3661919343396701,113
Distance_based,hclust_complete,k=114,0.3627864497218454,114
Distance_based,hclust_complete,k=115,0.359367040100985,115
Distance_based,hclust_complete,k=116,0.35734759657844745,116
Distance_based,hclust_complete,k=117,0.35788457841226523,117
Distance_based,hclust_complete,k=118,0.3552391414120385,118
Distance_based,hclust_complete,k=119,0.35203771393434224,119
Distance_based,hclust_complete,k=120,0.3656594578858585,120
Distance_based,hclust_complete,k=121,0.362545943883187,121
Distance_based,hclust_complete,k=122,0.3628360419289639,122
Distance_based,hclust_complete,k=123,0.3609065637253117,123
Distance_based,hclust_complete,k=124,0.3593150951978686,124
Distance_based,hclust_complete,k=125,0.35836968175539696,125
Distance_based,hclust_complete,k=126,0.3572620980251506,126
Distance_based,hclust_complete,k=127,0.35902323204009956,127
Distance_based,hclust_complete,k=128,0.3565126497936699,128
Distance_based,hclust_complete,k=129,0.3571003314171556,129
Distance_based,hclust_complete,k=130,0.3507835629809341,130
Distance_based,hclust_complete,k=131,0.3513657073174381,131
Distance_based,hclust_complete,k=132,0.3500951671081178,132
Distance_based,hclust_complete,k=133,0.34243147977610905,133
Distance_based,hclust_complete,k=134,0.34143316259917644,134
Distance_based,hclust_complete,k=135,0.34402453237064506,135
Distance_based,hclust_complete,k=136,0.34143525453997636,136
Distance_based,hclust_complete,k=137,0.333619632005874,137
Distance_based,hclust_complete,k=138,0.333903542936274,138
Distance_based,hclust_complete,k=139,0.3325931316644687,139
Distance_based,hclust_complete,k=140,0.33430105829810647,140
Distance_based,hclust_complete,k=141,0.33458725575406956,141
Distance_based,hclust_complete,k=142,0.33516098248398385,142
Distance_based,hclust_complete,k=143,0.33119600796418686,143
Distance_based,hclust_complete,k=144,0.3312962151279492,144
Distance_based,hclust_complete,k=145,0.32996430461213366,145
Distance_based,hclust_complete,k=146,0.330822794049685,146
Distance_based,hclust_complete,k=147,0.32871904854747513,147
Distance_based,hclust_complete,k=148,0.32737672987499977,148
Distance_based,hclust_complete,k=149,0.32660203390655573,149
Distance_based,hclust_complete,k=150,0.32553851136574363,150
Distance_based,hclust_average,k=2,5.519673213910343e-5,2
Distance_based,hclust_average,k=3,0.002178560114464784,3
Distance_based,hclust_average,k=4,0.010810791245494186,4
Distance_based,hclust_average,k=5,0.029211543009823423,5
Distance_based,hclust_average,k=6,0.04233479880291315,6
Distance_based,hclust_average,k=7,0.04357050477512226,7
Distance_based,hclust_average,k=8,0.04676677003971994,8
Distance_based,hclust_average,k=9,0.04683303338913716,9
Distance_based,hclust_average,k=10,0.04743425518925861,10
Distance_based,hclust_average,k=11,0.047798850771166815,11
Distance_based,hclust_average,k=12,0.04781339234381398,12
Distance_based,hclust_average,k=13,0.04766402220304544,13
Distance_based,hclust_average,k=14,0.0479012135065807,14
Distance_based,hclust_average,k=15,0.0469697022736422,15
Distance_based,hclust_average,k=16,0.047069306666610515,16
Distance_based,hclust_average,k=17,0.04711739234280483,17
Distance_based,hclust_average,k=18,0.04848603359131518,18
Distance_based,hclust_average,k=19,0.04859718989927228,19
Distance_based,hclust_average,k=20,0.04895113927790281,20
Distance_based,hclust_average,k=21,0.048509888369063406,21
Distance_based,hclust_average,k=22,0.07292189641995228,22
Distance_based,hclust_average,k=23,0.0730185468822669,23
Distance_based,hclust_average,k=24,0.07667788879518304,24
Distance_based,hclust_average,k=25,0.09685645843163769,25
Distance_based,hclust_average,k=26,0.09690632471825891,26
Distance_based,hclust_average,k=27,0.0967483458613055,27
Distance_based,hclust_average,k=28,0.1447783833692846,28
Distance_based,hclust_average,k=29,0.1447660405153072,29
Distance_based,hclust_average,k=30,0.1448652352318652,30
Distance_based,hclust_average,k=31,0.14122605685673614,31
Distance_based,hclust_average,k=32,0.1471839873071688,32
Distance_based,hclust_average,k=33,0.13445475643721944,33
Distance_based,hclust_average,k=34,0.1342436045249618,34
Distance_based,hclust_average,k=35,0.13464637456841855,35
Distance_based,hclust_average,k=36,0.13535584660863179,36
Distance_based,hclust_average,k=37,0.13388173255223462,37
Distance_based,hclust_average,k=38,0.13165570624892325,38
Distance_based,hclust_average,k=39,0.1311355335548085,39
Distance_based,hclust_average,k=40,0.13132446316960958,40
Distance_based,hclust_average,k=41,0.13142462655304618,41
Distance_based,hclust_average,k=42,0.13149982816277073,42
Distance_based,hclust_average,k=43,0.13009229844075157,43
Distance_based,hclust_average,k=44,0.143177666025869,44
Distance_based,hclust_average,k=45,0.14479537859638858,45
Distance_based,hclust_average,k=46,0.15017503646515049,46
Distance_based,hclust_average,k=47,0.16344117241969766,47
Distance_based,hclust_average,k=48,0.16238727847547302,48
Distance_based,hclust_average,k=49,0.15707228601567275,49
Distance_based,hclust_average,k=50,0.16910837462342035,50
Distance_based,hclust_average,k=51,0.17121100666053427,51
Distance_based,hclust_average,k=52,0.17174882204998004,52
Distance_based,hclust_average,k=53,0.17201878168258802,53
Distance_based,hclust_average,k=54,0.17215402568437438,54
Distance_based,hclust_average,k=55,0.1766820510264438,55
Distance_based,hclust_average,k=56,0.17558046364316063,56
Distance_based,hclust_average,k=57,0.1764302639630924,57
Distance_based,hclust_average,k=58,0.17522801928666992,58
Distance_based,hclust_average,k=59,0.22235828500299196,59
Distance_based,hclust_average,k=60,0.29064136332316093,60
Distance_based,hclust_average,k=61,0.2871451091607807,61
Distance_based,hclust_average,k=62,0.29002139621687345,62
Distance_based,hclust_average,k=63,0.2887230108061355,63
Distance_based,hclust_average,k=64,0.2861204357481736,64
Distance_based,hclust_average,k=65,0.28660007626237055,65
Distance_based,hclust_average,k=66,0.2873222272564054,66
Distance_based,hclust_average,k=67,0.28890601570598085,67
Distance_based,hclust_average,k=68,0.2891055061306343,68
Distance_based,hclust_average,k=69,0.2877722188408396,69
Distance_based,hclust_average,k=70,0.2871048113836386,70
Distance_based,hclust_average,k=71,0.2849199882918967,71
Distance_based,hclust_average,k=72,0.28382254713800514,72
Distance_based,hclust_average,k=73,0.2839450271174276,73
Distance_based,hclust_average,k=74,0.28419026935824454,74
Distance_based,hclust_average,k=75,0.28321127743075397,75
Distance_based,hclust_average,k=76,0.28253671788776635,76
Distance_based,hclust_average,k=77,0.28803772056867294,77
Distance_based,hclust_average,k=78,0.28428996160812836,78
Distance_based,hclust_average,k=79,0.28384564037829874,79
Distance_based,hclust_average,k=80,0.28269903844074623,80
Distance_based,hclust_average,k=81,0.28572487813767844,81
Distance_based,hclust_average,k=82,0.28501579612938976,82
Distance_based,hclust_average,k=83,0.28527563463853645,83
Distance_based,hclust_average,k=84,0.2849553494639069,84
Distance_based,hclust_average,k=85,0.28184058087931413,85
Distance_based,hclust_average,k=86,0.2881873684955733,86
Distance_based,hclust_average,k=87,0.28745860927152317,87
Distance_based,hclust_average,k=88,0.2859992653915656,88
Distance_based,hclust_average,k=89,0.28526867921087784,89
Distance_based,hclust_average,k=90,0.2785093143122842,90
Distance_based,hclust_average,k=91,0.2777795207767057,91
Distance_based,hclust_average,k=92,0.279271348923449,92
Distance_based,hclust_average,k=93,0.2783186278890582,93
Distance_based,hclust_average,k=94,0.29633530800300567,94
Distance_based,hclust_average,k=95,0.2966428794572897,95
Distance_based,hclust_average,k=96,0.2950288101478045,96
Distance_based,hclust_average,k=97,0.29859198402537296,97
Distance_based,hclust_average,k=98,0.30242979724796587,98
Distance_based,hclust_average,k=99,0.2999152040702046,99
Distance_based,hclust_average,k=100,0.29739330228176175,100
Distance_based,hclust_average,k=101,0.2948640599727863,101
Distance_based,hclust_average,k=102,0.2950242971069827,102
Distance_based,hclust_average,k=103,0.29647919395093214,103
Distance_based,hclust_average,k=104,0.3111962490859298,104
Distance_based,hclust_average,k=105,0.3120997791885178,105
Distance_based,hclust_average,k=106,0.30812782171782876,106
Distance_based,hclust_average,k=107,0.3092061122973377,107
Distance_based,hclust_average,k=108,0.31069487721752126,108
Distance_based,hclust_average,k=109,0.3078805340331909,109
Distance_based,hclust_average,k=110,0.3071267365645336,110
Distance_based,hclust_average,k=111,0.318322887668932,111
Distance_based,hclust_average,k=112,0.31658196265712196,112
Distance_based,hclust_average,k=113,0.31561004229074563,113
Distance_based,hclust_average,k=114,0.3136629001119168,114
Distance_based,hclust_average,k=115,0.3107339051446764,115
Distance_based,hclust_average,k=116,0.3109302420149456,116
Distance_based,hclust_average,k=117,0.30995125029107107,117
Distance_based,hclust_average,k=118,0.31034370390052474,118
Distance_based,hclust_average,k=119,0.30798369104541806,119
Distance_based,hclust_average,k=120,0.30440392856057463,120
Distance_based,hclust_average,k=121,0.3262005170556263,121
Distance_based,hclust_average,k=122,0.32664287126128017,122
Distance_based,hclust_average,k=123,0.327308436252651,123
Distance_based,hclust_average,k=124,0.32775350786020524,124
Distance_based,hclust_average,k=125,0.32565497523729514,125
Distance_based,hclust_average,k=126,0.32249748691533026,126
Distance_based,hclust_average,k=127,0.3214423974213214,127
Distance_based,hclust_average,k=128,0.31958334101661023,128
Distance_based,hclust_average,k=129,0.32050463560776254,129
Distance_based,hclust_average,k=130,0.31943514215653246,130
Distance_based,hclust_average,k=131,0.31987816263525626,131
Distance_based,hclust_average,k=132,0.31880627286825336,132
Distance_based,hclust_average,k=133,0.32103274218673633,133
Distance_based,hclust_average,k=134,0.3230606405408119,134
Distance_based,hclust_average,k=135,0.3232873883496432,135
Distance_based,hclust_average,k=136,0.310188351891076,136
Distance_based,hclust_average,k=137,0.3104087676474933,137
Distance_based,hclust_average,k=138,0.30930756544563426,138
Distance_based,hclust_average,k=139,0.30952770014424813,139
Distance_based,hclust_average,k=140,0.3086443783401812,140
Distance_based,hclust_average,k=141,0.30199218418146295,141
Distance_based,hclust_average,k=142,0.3008784985686587,142
Distance_based,hclust_average,k=143,0.2997633808887181,143
Distance_based,hclust_average,k=144,0.2986468283776623,144
Distance_based,hclust_average,k=145,0.2988618006206295,145
Distance_based,hclust_average,k=146,0.29907704982652517,146
Distance_based,hclust_average,k=147,0.3217055300543107,147
Distance_based,hclust_average,k=148,0.31454750750898275,148
Distance_based,hclust_average,k=149,0.3135917427067263,149
Distance_based,hclust_average,k=150,0.31191492906641655,150
Distance_based,hclust_mcquitty,k=2,5.519673213910343e-5,2
Distance_based,hclust_mcquitty,k=3,0.0045675892435520895,3
Distance_based,hclust_mcquitty,k=4,0.004663605057236905,4
Distance_based,hclust_mcquitty,k=5,0.020566168150251588,5
Distance_based,hclust_mcquitty,k=6,0.021018959170774974,6
Distance_based,hclust_mcquitty,k=7,0.04264400679529966,7
Distance_based,hclust_mcquitty,k=8,0.05657390281002762,8
Distance_based,hclust_mcquitty,k=9,0.09560691550503841,9
Distance_based,hclust_mcquitty,k=10,0.1014690041167717,10
Distance_based,hclust_mcquitty,k=11,0.10098201792180672,11
Distance_based,hclust_mcquitty,k=12,0.10143467137317465,12
Distance_based,hclust_mcquitty,k=13,0.10313081282409148,13
Distance_based,hclust_mcquitty,k=14,0.10323519241819884,14
Distance_based,hclust_mcquitty,k=15,0.14744698287649188,15
Distance_based,hclust_mcquitty,k=16,0.14677912550376104,16
Distance_based,hclust_mcquitty,k=17,0.15138660610389,17
Distance_based,hclust_mcquitty,k=18,0.15202113889365607,18
Distance_based,hclust_mcquitty,k=19,0.16676632503001176,19
Distance_based,hclust_mcquitty,k=20,0.16751846804308834,20
Distance_based,hclust_mcquitty,k=21,0.1700656603318952,21
Distance_based,hclust_mcquitty,k=22,0.18128613975150856,22
Distance_based,hclust_mcquitty,k=23,0.18719171705547133,23
Distance_based,hclust_mcquitty,k=24,0.18777184355764429,24
Distance_based,hclust_mcquitty,k=25,0.1882381276792226,25
Distance_based,hclust_mcquitty,k=26,0.19906204254725732,26
Distance_based,hclust_mcquitty,k=27,0.19744352642583454,27
Distance_based,hclust_mcquitty,k=28,0.19711078842570376,28
Distance_based,hclust_mcquitty,k=29,0.1974311991054859,29
Distance_based,hclust_mcquitty,k=30,0.17904723524730967,30
Distance_based,hclust_mcquitty,k=31,0.17901977265287278,31
Distance_based,hclust_mcquitty,k=32,0.17922777711428986,32
Distance_based,hclust_mcquitty,k=33,0.17895059424266585,33
Distance_based,hclust_mcquitty,k=34,0.17911717044987185,34
Distance_based,hclust_mcquitty,k=35,0.19452769707925913,35
Distance_based,hclust_mcquitty,k=36,0.1898308387765826,36
Distance_based,hclust_mcquitty,k=37,0.19329383820944757,37
Distance_based,hclust_mcquitty,k=38,0.1974711272272999,38
Distance_based,hclust_mcquitty,k=39,0.2006016191304576,39
Distance_based,hclust_mcquitty,k=40,0.19913727470450185,40
Distance_based,hclust_mcquitty,k=41,0.1984292286581332,41
Distance_based,hclust_mcquitty,k=42,0.19900725721946352,42
Distance_based,hclust_mcquitty,k=43,0.1984064222499683,43
Distance_based,hclust_mcquitty,k=44,0.1980231707271775,44
Distance_based,hclust_mcquitty,k=45,0.20762517296597555,45
Distance_based,hclust_mcquitty,k=46,0.20636651258128394,46
Distance_based,hclust_mcquitty,k=47,0.2065933929429594,47
Distance_based,hclust_mcquitty,k=48,0.20682069973601958,48
Distance_based,hclust_mcquitty,k=49,0.21381430414503882,49
Distance_based,hclust_mcquitty,k=50,0.2071643024406836,50
Distance_based,hclust_mcquitty,k=51,0.20806662561471917,51
Distance_based,hclust_mcquitty,k=52,0.2682445118640776,52
Distance_based,hclust_mcquitty,k=53,0.26881641875639883,53
Distance_based,hclust_mcquitty,k=54,0.2685406499464037,54
Distance_based,hclust_mcquitty,k=55,0.26970384391206176,55
Distance_based,hclust_mcquitty,k=56,0.2699960354039135,56
Distance_based,hclust_mcquitty,k=57,0.268867824814926,57
Distance_based,hclust_mcquitty,k=58,0.2672695767024048,58
Distance_based,hclust_mcquitty,k=59,0.2694188951518053,59
Distance_based,hclust_mcquitty,k=60,0.27806399317535657,60
Distance_based,hclust_mcquitty,k=61,0.2747483529647776,61
Distance_based,hclust_mcquitty,k=62,0.2732428245721712,62
Distance_based,hclust_mcquitty,k=63,0.28280477819455185,63
Distance_based,hclust_mcquitty,k=64,0.28274518803107623,64
Distance_based,hclust_mcquitty,k=65,0.28145530381719036,65
Distance_based,hclust_mcquitty,k=66,0.27886983078505917,66
Distance_based,hclust_mcquitty,k=67,0.27792077841559276,67
Distance_based,hclust_mcquitty,k=68,0.27838403423936814,68
Distance_based,hclust_mcquitty,k=69,0.2790814931885052,69
Distance_based,hclust_mcquitty,k=70,0.27693777967019256,70
Distance_based,hclust_mcquitty,k=71,0.2756296607072771,71
Distance_based,hclust_mcquitty,k=72,0.2932259377075904,72
Distance_based,hclust_mcquitty,k=73,0.2921130627520234,73
Distance_based,hclust_mcquitty,k=74,0.2914266014934044,74
Distance_based,hclust_mcquitty,k=75,0.2940201850809653,75
Distance_based,hclust_mcquitty,k=76,0.2922087619505445,76
Distance_based,hclust_mcquitty,k=77,0.29107236581819024,77
Distance_based,hclust_mcquitty,k=78,0.29120341285958473,78
Distance_based,hclust_mcquitty,k=79,0.29089588461471944,79
Distance_based,hclust_mcquitty,k=80,0.2911584696106925,80
Distance_based,hclust_mcquitty,k=81,0.29045614415188764,81
Distance_based,hclust_mcquitty,k=82,0.28931142035615853,82
Distance_based,hclust_mcquitty,k=83,0.28900935959301877,83
Distance_based,hclust_mcquitty,k=84,0.28914213744489814,84
Distance_based,hclust_mcquitty,k=85,0.2885353033101293,85
Distance_based,hclust_mcquitty,k=86,0.28460795325128224,86
Distance_based,hclust_mcquitty,k=87,0.2848762767564548,87
Distance_based,hclust_mcquitty,k=88,0.321136356912978,88
Distance_based,hclust_mcquitty,k=89,0.3254321121774236,89
Distance_based,hclust_mcquitty,k=90,0.3246058402560813,90
Distance_based,hclust_mcquitty,k=91,0.32295089835687885,91
Distance_based,hclust_mcquitty,k=92,0.3161043791399432,92
Distance_based,hclust_mcquitty,k=93,0.3152500678006033,93
Distance_based,hclust_mcquitty,k=94,0.3178825347758887,94
Distance_based,hclust_mcquitty,k=95,0.31823652078201514,95
Distance_based,hclust_mcquitty,k=96,0.3165137513191576,96
Distance_based,hclust_mcquitty,k=97,0.31392310542966045,97
Distance_based,hclust_mcquitty,k=98,0.3121988659590266,98
Distance_based,hclust_mcquitty,k=99,0.3140117148617808,99
Distance_based,hclust_mcquitty,k=100,0.31135728357390124,100
Distance_based,hclust_mcquitty,k=101,0.30761506964407187,101
Distance_based,hclust_mcquitty,k=102,0.304925891391274,102
Distance_based,hclust_mcquitty,k=103,0.3052365069914507,103
Distance_based,hclust_mcquitty,k=104,0.32392528452623814,104
Distance_based,hclust_mcquitty,k=105,0.32877300031556755,105
Distance_based,hclust_mcquitty,k=106,0.32897782960931976,106
Distance_based,hclust_mcquitty,k=107,0.32609288658262803,107
Distance_based,hclust_mcquitty,k=108,0.32150420249553474,108
Distance_based,hclust_mcquitty,k=109,0.31975880691894765,109
Distance_based,hclust_mcquitty,k=110,0.31682855067723864,110
Distance_based,hclust_mcquitty,k=111,0.318559785267032,111
Distance_based,hclust_mcquitty,k=112,0.3309518766007433,112
Distance_based,hclust_mcquitty,k=113,0.3354171693660644,113
Distance_based,hclust_mcquitty,k=114,0.3346058882076357,114
Distance_based,hclust_mcquitty,k=115,0.33625707629801277,115
Distance_based,hclust_mcquitty,k=116,0.3352039756388248,116
Distance_based,hclust_mcquitty,k=117,0.33728229892608935,117
Distance_based,hclust_mcquitty,k=118,0.3351629183911486,118
Distance_based,hclust_mcquitty,k=119,0.33539425017969904,119
Distance_based,hclust_mcquitty,k=120,0.3343320558228231,120
Distance_based,hclust_mcquitty,k=121,0.33479454813972753,121
Distance_based,hclust_mcquitty,k=122,0.33525819932826534,122
Distance_based,hclust_mcquitty,k=123,0.33153028269134016,123
Distance_based,hclust_mcquitty,k=124,0.3322261637830059,124
Distance_based,hclust_mcquitty,k=125,0.3326915532149275,125
Distance_based,hclust_mcquitty,k=126,0.330532761103267,126
Distance_based,hclust_mcquitty,k=127,0.3315456636582981,127
Distance_based,hclust_mcquitty,k=128,0.33006905165995676,128
Distance_based,hclust_mcquitty,k=129,0.32678843894016546,129
Distance_based,hclust_mcquitty,k=130,0.32569209446260755,130
Distance_based,hclust_mcquitty,k=131,0.32459434202701554,131
Distance_based,hclust_mcquitty,k=132,0.32267436271546335,132
Distance_based,hclust_mcquitty,k=133,0.32313732983587673,133
Distance_based,hclust_mcquitty,k=134,0.32202939992979634,134
Distance_based,hclust_mcquitty,k=135,0.32226076564417533,135
Distance_based,hclust_mcquitty,k=136,0.3088459504477118,136
Distance_based,hclust_mcquitty,k=137,0.3045498841414557,137
Distance_based,hclust_mcquitty,k=138,0.304772526496981,138
Distance_based,hclust_mcquitty,k=139,0.30363803003405865,139
Distance_based,hclust_mcquitty,k=140,0.3038603663127654,140
Distance_based,hclust_mcquitty,k=141,0.30294580941862365,141
Distance_based,hclust_mcquitty,k=142,0.29609120118545834,142
Distance_based,hclust_mcquitty,k=143,0.2891821320090431,143
Distance_based,hclust_mcquitty,k=144,0.28802528006171,144
Distance_based,hclust_mcquitty,k=145,0.2868668941879733,145
Distance_based,hclust_mcquitty,k=146,0.2857069713349474,146
Distance_based,hclust_mcquitty,k=147,0.2859200607789276,147
Distance_based,hclust_mcquitty,k=148,0.2861334333316732,148
Distance_based,hclust_mcquitty,k=149,0.2872045625398197,149
Distance_based,hclust_mcquitty,k=150,0.2891506944105605,150
Distance_based,hclust_median,k=2,5.519673213910343e-5,2
Distance_based,hclust_median,k=3,1.1037412762138889e-4,3
Distance_based,hclust_median,k=4,8.059334612379535e-5,4
Distance_based,hclust_median,k=5,1.779173565003661e-4,5
Distance_based,hclust_median,k=6,3.187640146346529e-4,6
Distance_based,hclust_median,k=7,3.3081362241262356e-4,7
Distance_based,hclust_median,k=8,3.85835951099884e-4,8
Distance_based,hclust_median,k=9,4.846629101516498e-4,9
Distance_based,hclust_median,k=10,5.398782348279961e-4,10
Distance_based,hclust_median,k=11,6.39463089419885e-4,11
Distance_based,hclust_median,k=12,6.50155974346571e-4,12
Distance_based,hclust_median,k=13,9.405923937627811e-4,13
Distance_based,hclust_median,k=14,9.967003571165704e-4,14
Distance_based,hclust_median,k=15,0.0012927062292007745,15
Distance_based,hclust_median,k=16,0.0012473232942471406,16
Distance_based,hclust_median,k=17,0.0012019383340541301,17
Distance_based,hclust_median,k=18,0.0013049744250173152,18
Distance_based,hclust_median,k=19,0.0014085601477395193,19
Distance_based,hclust_median,k=20,0.0015598301939849623,20
Distance_based,hclust_median,k=21,0.0017597379179964958,21
Distance_based,hclust_median,k=22,0.0018181887549741159,22
Distance_based,hclust_median,k=23,0.0019246589806805078,23
Distance_based,hclust_median,k=24,0.001983289989093064,24
Distance_based,hclust_median,k=25,0.0020905879934466653,25
Distance_based,hclust_median,k=26,0.0021984676424950723,26
Distance_based,hclust_median,k=27,0.002109277265212199,27
Distance_based,hclust_median,k=28,0.002216974695062659,28
Distance_based,hclust_median,k=29,0.0017240929505693324,29
Distance_based,hclust_median,k=30,0.003397070593167651,30
Distance_based,hclust_median,k=31,0.003412898258173267,31
Distance_based,hclust_median,k=32,0.0034168571986632887,32
Distance_based,hclust_median,k=33,0.0033648838550467595,33
Distance_based,hclust_median,k=34,0.003261915139664649,34
Distance_based,hclust_median,k=35,0.003210917208767494,35
Distance_based,hclust_median,k=36,0.0032119019538383894,36
Distance_based,hclust_median,k=37,0.0027387590278672414,37
Distance_based,hclust_median,k=38,0.0023115933280272198,38
Distance_based,hclust_median,k=39,0.0019314296653880974,39
Distance_based,hclust_median,k=40,0.0020898358954984523,40
Distance_based,hclust_median,k=41,0.0017554820155316442,41
Distance_based,hclust_median,k=42,0.0014705834725708257,42
Distance_based,hclust_median,k=43,0.001108708650149904,43
Distance_based,hclust_median,k=44,0.0017408482728817653,44
Distance_based,hclust_median,k=45,0.001841252955042751,45
Distance_based,hclust_median,k=46,0.0018839163584516484,46
Distance_based,hclust_median,k=47,0.002144102035330791,47
Distance_based,hclust_median,k=48,0.0025876670286523267,48
Distance_based,hclust_median,k=49,0.0024699537642660406,49
Distance_based,hclust_median,k=50,0.0024110920193441553,50
Distance_based,hclust_median,k=51,0.0023522268655416546,51
Distance_based,hclust_median,k=52,0.0023949629542135338,52
Distance_based,hclust_median,k=53,0.0035505552802698793,53
Distance_based,hclust_median,k=54,0.004017782775792805,54
Distance_based,hclust_median,k=55,0.005922572029293778,55
Distance_based,hclust_median,k=56,0.005933624027210815,56
Distance_based,hclust_median,k=57,0.005865580725134212,57
Distance_based,hclust_median,k=58,0.005866960406557066,58
Distance_based,hclust_median,k=59,0.005668289229403678,59
Distance_based,hclust_median,k=60,0.005464057307366759,60
Distance_based,hclust_median,k=61,0.0054722590157227965,61
Distance_based,hclust_median,k=62,0.005340143359031857,62
Distance_based,hclust_median,k=63,0.005345596182380895,63
Distance_based,hclust_median,k=64,0.005351050469852529,64
Distance_based,hclust_median,k=65,0.005282916814876098,65
Distance_based,hclust_median,k=66,0.005332086396766678,66
Distance_based,hclust_median,k=67,0.0054513070292787555,67
Distance_based,hclust_median,k=68,0.005642293815397571,68
Distance_based,hclust_median,k=69,0.006046945103221563,69
Distance_based,hclust_median,k=70,0.005977763828251554,70
Distance_based,hclust_median,k=71,0.005980696715507325,71
Distance_based,hclust_median,k=72,0.0060284260336932625,72
Distance_based,hclust_median,k=73,0.006225123780676513,73
Distance_based,hclust_median,k=74,0.007639774276100115,74
Distance_based,hclust_median,k=75,0.014610270046105902,75
Distance_based,hclust_median,k=76,0.014134342969599194,76
Distance_based,hclust_median,k=77,0.014153766148719897,77
Distance_based,hclust_median,k=78,0.014426627380045335,78
Distance_based,hclust_median,k=79,0.015349430564610687,79
Distance_based,hclust_median,k=80,0.03660006326395567,80
Distance_based,hclust_median,k=81,0.03678220235333087,81
Distance_based,hclust_median,k=82,0.03669084007947439,82
Distance_based,hclust_median,k=83,0.038301149570434505,83
Distance_based,hclust_median,k=84,0.038364902388861914,84
Distance_based,hclust_median,k=85,0.03856175966569286,85
Distance_based,hclust_median,k=86,0.038166293402754105,86
Distance_based,hclust_median,k=87,0.038181024773114594,87
Distance_based,hclust_median,k=88,0.037780385574654636,88
Distance_based,hclust_median,k=89,0.03751320346104882,89
Distance_based,hclust_median,k=90,0.03738444573369663,90
Distance_based,hclust_median,k=91,0.03652544369607751,91
Distance_based,hclust_median,k=92,0.036588950046426136,92
Distance_based,hclust_median,k=93,0.03697409397555483,93
Distance_based,hclust_median,k=94,0.037013231904557575,94
Distance_based,hclust_median,k=95,0.03620595461129673,95
Distance_based,hclust_median,k=96,0.03553343828939795,96
Distance_based,hclust_median,k=97,0.03472949385265801,97
Distance_based,hclust_median,k=98,0.03446762534033732,98
Distance_based,hclust_median,k=99,0.03409809302475943,99
Distance_based,hclust_median,k=100,0.034211293221153065,100
Distance_based,hclust_median,k=101,0.03339938740318267,101
Distance_based,hclust_median,k=102,0.03274149376799353,102
Distance_based,hclust_median,k=103,0.03219615297226005,103
Distance_based,hclust_median,k=104,0.031786952416646246,104
Distance_based,hclust_median,k=105,0.03151405915180298,105
Distance_based,hclust_median,k=106,0.03137758463966262,106
Distance_based,hclust_median,k=107,0.031382125006420854,107
Distance_based,hclust_median,k=108,0.03171194287733722,108
Distance_based,hclust_median,k=109,0.03218891983420888,109
Distance_based,hclust_median,k=110,0.032198323095881144,110
Distance_based,hclust_median,k=111,0.03205872915767694,111
Distance_based,hclust_median,k=112,0.03184278966835615,112
Distance_based,hclust_median,k=113,0.034053209879888746,113
Distance_based,hclust_median,k=114,0.03406344648775494,114
Distance_based,hclust_median,k=115,0.03391570448611696,115
Distance_based,hclust_median,k=116,0.03376794066845105,116
Distance_based,hclust_median,k=117,0.03377303904273442,117
Distance_based,hclust_median,k=118,0.03363033145720146,118
Distance_based,hclust_median,k=119,0.03363542079818414,119
Distance_based,hclust_median,k=120,0.03367547400495725,120
Distance_based,hclust_median,k=121,0.03355470715597884,121
Distance_based,hclust_median,k=122,0.03342578107600669,122
Distance_based,hclust_median,k=123,0.03346152264433998,123
Distance_based,hclust_median,k=124,0.0341289322875398,124
Distance_based,hclust_median,k=125,0.046037904909208,125
Distance_based,hclust_median,k=126,0.04635247461242234,126
Distance_based,hclust_median,k=127,0.04617586641609731,127
Distance_based,hclust_median,k=128,0.04619162920733429,128
Distance_based,hclust_median,k=129,0.04599915568320474,129
Distance_based,hclust_median,k=130,0.045252276364350676,130
Distance_based,hclust_median,k=131,0.04469726329246652,131
Distance_based,hclust_median,k=132,0.0445454462793063,132
Distance_based,hclust_median,k=133,0.05120786853553372,133
Distance_based,hclust_median,k=134,0.052027377541585075,134
Distance_based,hclust_median,k=135,0.057680770904328424,135
Distance_based,hclust_median,k=136,0.07825470143820305,136
Distance_based,hclust_median,k=137,0.11991048809161718,137
Distance_based,hclust_median,k=138,0.12489728356231922,138
Distance_based,hclust_median,k=139,0.12265368677182796,139
Distance_based,hclust_median,k=140,0.1222253607092805,140
Distance_based,hclust_median,k=141,0.12147349390353478,141
Distance_based,hclust_median,k=142,0.11960384257824606,142
Distance_based,hclust_median,k=143,0.11955605779561138,143
Distance_based,hclust_median,k=144,0.11760105998446506,144
Distance_based,hclust_median,k=145,0.11798210902463006,145
Distance_based,hclust_median,k=146,0.11550882583737665,146
Distance_based,hclust_median,k=147,0.11400527854910156,147
Distance_based,hclust_median,k=148,0.11224842402305309,148
Distance_based,hclust_median,k=149,0.11092867314464372,149
Distance_based,hclust_median,k=150,0.11004783240188504,150
Distance_based,hclust_centroid,k=2,-4.0607110464469556e-4,2
Distance_based,hclust_centroid,k=3,-3.116181599864436e-4,3
Distance_based,hclust_centroid,k=4,-2.1667941710387588e-4,4
Distance_based,hclust_centroid,k=5,-1.6398982744201214e-4,5
Distance_based,hclust_centroid,k=6,-2.5330722818359908e-5,6
Distance_based,hclust_centroid,k=7,-4.050807274442186e-4,7
Distance_based,hclust_centroid,k=8,-3.547964788432963e-4,8
Distance_based,hclust_centroid,k=9,-6.992332996060122e-4,9
Distance_based,hclust_centroid,k=10,-6.516890053212354e-4,10
Distance_based,hclust_centroid,k=11,-5.598495090460423e-4,11
Distance_based,hclust_centroid,k=12,-4.6755999033931797e-4,12
Distance_based,hclust_centroid,k=13,-7.798276529128609e-4,13
Distance_based,hclust_centroid,k=14,-0.0010516592323075741,14
Distance_based,hclust_centroid,k=15,-9.174778560443481e-4,15
Distance_based,hclust_centroid,k=16,-8.7407428370375e-4,16
Distance_based,hclust_centroid,k=17,-9.23262222707677e-4,17
Distance_based,hclust_centroid,k=18,-8.343555170730827e-4,18
Distance_based,hclust_centroid,k=19,-3.7332280788541394e-4,19
Distance_based,hclust_centroid,k=20,-6.134132198784986e-4,20
Distance_based,hclust_centroid,k=21,-9.142230434342729e-4,21
Distance_based,hclust_centroid,k=22,-9.615133477513379e-4,22
Distance_based,hclust_centroid,k=23,-8.740399262799503e-4,23
Distance_based,hclust_centroid,k=24,-8.836720704003683e-4,24
Distance_based,hclust_centroid,k=25,-8.451745620488192e-4,25
Distance_based,hclust_centroid,k=26,-7.575577781202929e-4,26
Distance_based,hclust_centroid,k=27,-6.695642083835167e-4,27
Distance_based,hclust_centroid,k=28,-5.310969820167253e-4,28
Distance_based,hclust_centroid,k=29,-4.41998958014855e-4,29
Distance_based,hclust_centroid,k=30,-2.509318936546388e-4,30
Distance_based,hclust_centroid,k=31,-1.0920954566595539e-4,31
Distance_based,hclust_centroid,k=32,-1.7880877430016005e-5,32
Distance_based,hclust_centroid,k=33,1.2571260502228912e-4,33
Distance_based,hclust_centroid,k=34,9.288996305038663e-6,34
Distance_based,hclust_centroid,k=35,-1.261915283909527e-4,35
Distance_based,hclust_centroid,k=36,-1.782634918878943e-4,36
Distance_based,hclust_centroid,k=37,-1.9538215775702922e-4,37
Distance_based,hclust_centroid,k=38,-5.2469889893336126e-5,38
Distance_based,hclust_centroid,k=39,9.157218374762864e-5,39
Distance_based,hclust_centroid,k=40,2.3675713422408376e-4,40
Distance_based,hclust_centroid,k=41,2.1841217563694728e-4,41
Distance_based,hclust_centroid,k=42,4.200237010429917e-4,42
Distance_based,hclust_centroid,k=43,3.451378505130181e-4,43
Distance_based,hclust_centroid,k=44,8.662891303010761e-4,44
Distance_based,hclust_centroid,k=45,8.107652436518997e-4,45
Distance_based,hclust_centroid,k=46,7.690927316431562e-4,46
Distance_based,hclust_centroid,k=47,7.127465352768617e-4,47
Distance_based,hclust_centroid,k=48,9.788669389091027e-4,48
Distance_based,hclust_centroid,k=49,0.0015189217584839483,49
Distance_based,hclust_centroid,k=50,0.001461333146181455,50
Distance_based,hclust_centroid,k=51,0.0015587515795735152,51
Distance_based,hclust_centroid,k=52,0.00171608755234433,52
Distance_based,hclust_centroid,k=53,0.001754805785092964,53
Distance_based,hclust_centroid,k=54,0.0017930297216116893,54
Distance_based,hclust_centroid,k=55,0.002013358906669231,55
Distance_based,hclust_centroid,k=56,0.00205194013474128,56
Distance_based,hclust_centroid,k=57,0.0020899977901468825,57
Distance_based,hclust_centroid,k=58,0.0024143651720305347,58
Distance_based,hclust_centroid,k=59,0.002352750739415894,59
Distance_based,hclust_centroid,k=60,0.0026816349373914123,60
Distance_based,hclust_centroid,k=61,0.00268280344170146,61
Distance_based,hclust_centroid,k=62,0.0025287900386056017,62
Distance_based,hclust_centroid,k=63,0.002630104992567003,63
Distance_based,hclust_centroid,k=64,0.0026013413770052773,64
Distance_based,hclust_centroid,k=65,0.0027024253520031008,65
Distance_based,hclust_centroid,k=66,0.0030027113682602985,66
Distance_based,hclust_centroid,k=67,0.0031061441386325975,67
Distance_based,hclust_centroid,k=68,0.0038254646592551,68
Distance_based,hclust_centroid,k=69,0.0038648151166580853,69
Distance_based,hclust_centroid,k=70,0.003973005535082395,70
Distance_based,hclust_centroid,k=71,0.004471936970337191,71
Distance_based,hclust_centroid,k=72,0.005789222280219471,72
Distance_based,hclust_centroid,k=73,0.00557456991085718,73
Distance_based,hclust_centroid,k=74,0.005431443103901683,74
Distance_based,hclust_centroid,k=75,0.005622909032883868,75
Distance_based,hclust_centroid,k=76,0.00665612007394671,76
Distance_based,hclust_centroid,k=77,0.006782340981589004,77
Distance_based,hclust_centroid,k=78,0.006678886115011175,78
Distance_based,hclust_centroid,k=79,0.007209526405226901,79
Distance_based,hclust_centroid,k=80,0.007134018562820953,80
Distance_based,hclust_centroid,k=81,0.007500068297004262,81
Distance_based,hclust_centroid,k=82,0.007840653267014875,82
Distance_based,hclust_centroid,k=83,0.01006378505111353,83
Distance_based,hclust_centroid,k=84,0.00956777687665735,84
Distance_based,hclust_centroid,k=85,0.009404818906216566,85
Distance_based,hclust_centroid,k=86,0.009547605008875524,86
Distance_based,hclust_centroid,k=87,0.009604385257430684,87
Distance_based,hclust_centroid,k=88,0.010832519986003646,88
Distance_based,hclust_centroid,k=89,0.0121748297484185,89
Distance_based,hclust_centroid,k=90,0.011903991107824129,90
Distance_based,hclust_centroid,k=91,0.011723391723952651,91
Distance_based,hclust_centroid,k=92,0.011633079941737665,92
Distance_based,hclust_centroid,k=93,0.011883993564579238,93
Distance_based,hclust_centroid,k=94,0.012676451443671547,94
Distance_based,hclust_centroid,k=95,0.013587009483311476,95
Distance_based,hclust_centroid,k=96,0.013589294926547384,96
Distance_based,hclust_centroid,k=97,0.015000216185016176,97
Distance_based,hclust_centroid,k=98,0.015184554672206514,98
Distance_based,hclust_centroid,k=99,0.015370007522100632,99
Distance_based,hclust_centroid,k=100,0.015454017749161329,100
Distance_based,hclust_centroid,k=101,0.015744277098218087,101
Distance_based,hclust_centroid,k=102,0.017782708434020172,102
Distance_based,hclust_centroid,k=103,0.018413242959545176,103
Distance_based,hclust_centroid,k=104,0.01830620957722468,104
Distance_based,hclust_centroid,k=105,0.018627147293191128,105
Distance_based,hclust_centroid,k=106,0.01872746542282597,106
Distance_based,hclust_centroid,k=107,0.018940160225591147,107
Distance_based,hclust_centroid,k=108,0.018829847174651308,108
Distance_based,hclust_centroid,k=109,0.019157251794891642,109
Distance_based,hclust_centroid,k=110,0.0196040258663204,110
Distance_based,hclust_centroid,k=111,0.019607090989056566,111
Distance_based,hclust_centroid,k=112,0.01994329413484673,112
Distance_based,hclust_centroid,k=113,0.020401435888951318,113
Distance_based,hclust_centroid,k=114,0.020746713485001702,114
Distance_based,hclust_centroid,k=115,0.0212165734115765,115
Distance_based,hclust_centroid,k=116,0.023645497759660253,116
Distance_based,hclust_centroid,k=117,0.023278976215200725,117
Distance_based,hclust_centroid,k=118,0.023160322260619325,118
Distance_based,hclust_centroid,k=119,0.023029074714522733,119
Distance_based,hclust_centroid,k=120,0.028273475532960855,120
Distance_based,hclust_centroid,k=121,0.029591007227430677,121
Distance_based,hclust_centroid,k=122,0.029599988338408694,122
Distance_based,hclust_centroid,k=123,0.029604479826492818,123
Distance_based,hclust_centroid,k=124,0.029769659793403756,124
Distance_based,hclust_centroid,k=125,0.02977421505910812,125
Distance_based,hclust_centroid,k=126,0.030378681144977833,126
Distance_based,hclust_centroid,k=127,0.031140889840384038,127
Distance_based,hclust_centroid,k=128,0.03209229913871021,128
Distance_based,hclust_centroid,k=129,0.0325799127272049,129
Distance_based,hclust_centroid,k=130,0.03153911234977945,130
Distance_based,hclust_centroid,k=131,0.041608943447508824,131
Distance_based,hclust_centroid,k=132,0.041505354560432736,132
Distance_based,hclust_centroid,k=133,0.04139239756823721,133
Distance_based,hclust_centroid,k=134,0.0420046113311494,134
Distance_based,hclust_centroid,k=135,0.041827735482674225,135
Distance_based,hclust_centroid,k=136,0.042501813580395106,136
Distance_based,hclust_centroid,k=137,0.0435131598973508,137
Distance_based,hclust_centroid,k=138,0.042446395488146986,138
Distance_based,hclust_centroid,k=139,0.041561684877997704,139
Distance_based,hclust_centroid,k=140,0.04085977852743592,140
Distance_based,hclust_centroid,k=141,0.05584132597801384,141
Distance_based,hclust_centroid,k=142,0.056297376457942326,142
Distance_based,hclust_centroid,k=143,0.05551761998216755,143
Distance_based,hclust_centroid,k=144,0.05534754869658639,144
Distance_based,hclust_centroid,k=145,0.055398086906545026,145
Distance_based,hclust_centroid,k=146,0.05455453736861751,146
Distance_based,hclust_centroid,k=147,0.05393085103631315,147
Distance_based,hclust_centroid,k=148,0.056018098033888956,148
Distance_based,hclust_centroid,k=149,0.05536672817961816,149
Distance_based,hclust_centroid,k=150,0.05491122747458678,150
Distance_based,binary_cut,cutoff=0.5,0,313
Distance_based,binary_cut,cutoff=0.51,0.0023601460068656465,312
Distance_based,binary_cut,cutoff=0.52,0.014079243412271672,307
Distance_based,binary_cut,cutoff=0.53,0.10515480416690916,288
Distance_based,binary_cut,cutoff=0.54,0.10923196838689796,285
Distance_based,binary_cut,cutoff=0.55,0.16791959174762325,270
Distance_based,binary_cut,cutoff=0.56,0.27594654199478535,238
Distance_based,binary_cut,cutoff=0.57,0.32220765171914645,217
Distance_based,binary_cut,cutoff=0.58,0.35371953702088055,215
Distance_based,binary_cut,cutoff=0.59,0.3950183660177253,189
Distance_based,binary_cut,cutoff=0.6,0.32465070709387356,153
Distance_based,binary_cut,cutoff=0.61,0.2614991272035712,132
Distance_based,binary_cut,cutoff=0.62,0.27639473549517674,105
Distance_based,binary_cut,cutoff=0.63,0.28428176436282465,93
Distance_based,binary_cut,cutoff=0.64,0.28365265319698224,81
Distance_based,binary_cut,cutoff=0.65,0.14083159648259025,59
Distance_based,binary_cut,cutoff=0.66,0.14180693466184438,54
Distance_based,binary_cut,cutoff=0.67,0.13713062778435758,53
Distance_based,binary_cut,cutoff=0.68,0.13787380665090795,46
Distance_based,binary_cut,cutoff=0.69,0.13574578539701537,35
Distance_based,binary_cut,cutoff=0.7,0.056560203729490506,12
Distance_based,binary_cut,cutoff=0.71,0.05488797947002894,8
Distance_based,binary_cut,cutoff=0.72,0.05488797947002894,8
Distance_based,binary_cut,cutoff=0.73,0.05488797947002894,8
Distance_based,binary_cut,cutoff=0.74,0,1
Distance_based,binary_cut,cutoff=0.75,0,1
Distance_based,binary_cut,cutoff=0.76,0,1
Distance_based,binary_cut,cutoff=0.77,0,1
Distance_based,binary_cut,cutoff=0.78,0,1
Distance_based,binary_cut,cutoff=0.79,0,1
Distance_based,binary_cut,cutoff=0.8,0,1
Distance_based,binary_cut,cutoff=0.81,0,1
Distance_based,binary_cut,cutoff=0.82,0,1
Distance_based,binary_cut,cutoff=0.83,0,1
Distance_based,binary_cut,cutoff=0.84,0,1
Distance_based,binary_cut,cutoff=0.85,0,1
Distance_based,binary_cut,cutoff=0.86,0,1
Distance_based,binary_cut,cutoff=0.87,0,1
Distance_based,binary_cut,cutoff=0.88,0,1
Distance_based,binary_cut,cutoff=0.89,0,1
Distance_based,binary_cut,cutoff=0.9,0,1
Distance_based,binary_cut,cutoff=0.91,0,1
Distance_based,binary_cut,cutoff=0.92,0,1
Distance_based,binary_cut,cutoff=0.93,0,1
Distance_based,binary_cut,cutoff=0.94,0,1
Distance_based,binary_cut,cutoff=0.95,0,1
Distance_based,hdbscan,minPts=2,0.08168455415379608,165
Distance_based,hdbscan,minPts=3,0.03575683079044219,192
Distance_based,hdbscan,minPts=4,0.032222289307856325,102
Distance_based,hdbscan,minPts=5,0.033411545172831375,130
Distance_based,hdbscan,minPts=6,0.033563482863945046,139
Distance_based,hdbscan,minPts=7,0.030666847910462158,134
Distance_based,hdbscan,minPts=8,0.0025982603903077018,290
Distance_based,hdbscan,minPts=9,0,313
Distance_based,hdbscan,minPts=10,0,313
Distance_based,hdbscan,minPts=11,0,313
Distance_based,hdbscan,minPts=12,0,313
Distance_based,hdbscan,minPts=13,0,313
Distance_based,hdbscan,minPts=14,0,313
Distance_based,hdbscan,minPts=15,0,313
Distance_based,hdbscan,minPts=16,0,313
Distance_based,hdbscan,minPts=17,0,313
Distance_based,hdbscan,minPts=18,0,313
Distance_based,hdbscan,minPts=19,0,313
Distance_based,hdbscan,minPts=20,0,313
Distance_based,hdbscan,minPts=21,0,313
Distance_based,hdbscan,minPts=22,0,313
Distance_based,hdbscan,minPts=23,0,313
Distance_based,hdbscan,minPts=24,0,313
Distance_based,hdbscan,minPts=25,0,313
Distance_based,hdbscan,minPts=26,0,313
Distance_based,hdbscan,minPts=27,0,313
Distance_based,hdbscan,minPts=28,0,313
Distance_based,hdbscan,minPts=29,0,313
Distance_based,hdbscan,minPts=30,0,313
Distance_based,hdbscan,minPts=31,0,313
Distance_based,hdbscan,minPts=32,0,313
Distance_based,hdbscan,minPts=33,0,313
Distance_based,hdbscan,minPts=34,0,313
Distance_based,hdbscan,minPts=35,0,313
Distance_based,hdbscan,minPts=36,0,313
Distance_based,hdbscan,minPts=37,0,313
Distance_based,hdbscan,minPts=38,0,313
Distance_based,hdbscan,minPts=39,0,313
Distance_based,hdbscan,minPts=40,0,313
Distance_based,hdbscan,minPts=41,0,313
Distance_based,hdbscan,minPts=42,0,313
Distance_based,hdbscan,minPts=43,0,313
Distance_based,hdbscan,minPts=44,0,313
Distance_based,hdbscan,minPts=45,0,313
Distance_based,hdbscan,minPts=46,0,313
Distance_based,hdbscan,minPts=47,0,313
Distance_based,hdbscan,minPts=48,0,313
Distance_based,hdbscan,minPts=49,0,313
Distance_based,hdbscan,minPts=50,0,313
Distance_based,hdbscan,minPts=51,0,313
Distance_based,hdbscan,minPts=52,0,313
Distance_based,hdbscan,minPts=53,0,313
Distance_based,hdbscan,minPts=54,0,313
Distance_based,hdbscan,minPts=55,0,313
Distance_based,hdbscan,minPts=56,0,313
Distance_based,hdbscan,minPts=57,0,313
Distance_based,hdbscan,minPts=58,0,313
Distance_based,hdbscan,minPts=59,0,313
Distance_based,hdbscan,minPts=60,0,313
Distance_based,hdbscan,minPts=61,0,313
Distance_based,hdbscan,minPts=62,0,313
Distance_based,hdbscan,minPts=63,0,313
Distance_based,hdbscan,minPts=64,0,313
Distance_based,hdbscan,minPts=65,0,313
Distance_based,hdbscan,minPts=66,0,313
Distance_based,hdbscan,minPts=67,0,313
Distance_based,hdbscan,minPts=68,0,313
Distance_based,hdbscan,minPts=69,0,313
Distance_based,hdbscan,minPts=70,0,313
Distance_based,hdbscan,minPts=71,0,313
Distance_based,hdbscan,minPts=72,0,313
Distance_based,hdbscan,minPts=73,0,313
Distance_based,hdbscan,minPts=74,0,313
Distance_based,hdbscan,minPts=75,0,313
Distance_based,hdbscan,minPts=76,0,313
Distance_based,hdbscan,minPts=77,0,313
Distance_based,hdbscan,minPts=78,0,313
Distance_based,hdbscan,minPts=79,0,313
Distance_based,hdbscan,minPts=80,0,313
Distance_based,hdbscan,minPts=81,0,313
Distance_based,hdbscan,minPts=82,0,313
Distance_based,hdbscan,minPts=83,0,313
Distance_based,hdbscan,minPts=84,0,313
Distance_based,hdbscan,minPts=85,0,313
Distance_based,hdbscan,minPts=86,0,313
Distance_based,hdbscan,minPts=87,0,313
Distance_based,hdbscan,minPts=88,0,313
Distance_based,hdbscan,minPts=89,0,313
Distance_based,hdbscan,minPts=90,0,313
Distance_based,hdbscan,minPts=91,0,313
Distance_based,hdbscan,minPts=92,0,313
Distance_based,hdbscan,minPts=93,0,313
Distance_based,hdbscan,minPts=94,0,313
Distance_based,hdbscan,minPts=95,0,313
Distance_based,hdbscan,minPts=96,0,313
Distance_based,hdbscan,minPts=97,0,313
Distance_based,hdbscan,minPts=98,0,313
Distance_based,hdbscan,minPts=99,0,313
Distance_based,hdbscan,minPts=100,0,313
Distance_based,affinity_propagation,p=0.2,0.3865672775935546,42
Distance_based,affinity_propagation,p=0.21,0.3865672775935546,42
Distance_based,affinity_propagation,p=0.22,0.3746451519289225,43
Distance_based,affinity_propagation,p=0.23,0.3687537317600162,44
Distance_based,affinity_propagation,p=0.24,0.3687537317600162,44
Distance_based,affinity_propagation,p=0.25,0.3687537317600162,44
Distance_based,affinity_propagation,p=0.26,0.3687537317600162,44
Distance_based,affinity_propagation,p=0.27,0.37161585136263203,45
Distance_based,affinity_propagation,p=0.28,0.37161585136263203,45
Distance_based,affinity_propagation,p=0.29,0.3707508166667295,47
Distance_based,affinity_propagation,p=0.3,0.3759566733599788,48
Distance_based,affinity_propagation,p=0.31,0.3773776653286804,49
Distance_based,affinity_propagation,p=0.32,0.3941726469776428,52
Distance_based,affinity_propagation,p=0.33,0.3941726469776428,52
Distance_based,affinity_propagation,p=0.34,0.37490733973917334,53
Distance_based,affinity_propagation,p=0.35,0.3605686397232048,54
Distance_based,affinity_propagation,p=0.36,0.3558362407808152,55
Distance_based,affinity_propagation,p=0.37,0.3558362407808152,55
Distance_based,affinity_propagation,p=0.38,0.35286392146942214,56
Distance_based,affinity_propagation,p=0.39,0.35557045561381967,58
Distance_based,affinity_propagation,p=0.4,0.37644960538166794,60
Distance_based,affinity_propagation,p=0.41,0.37692522246802923,61
Distance_based,affinity_propagation,p=0.42,0.37596683129108577,62
Distance_based,affinity_propagation,p=0.43,0.37596683129108577,62
Distance_based,affinity_propagation,p=0.44,0.37596683129108577,62
Distance_based,affinity_propagation,p=0.45,0.37596683129108577,62
Distance_based,affinity_propagation,p=0.46,0.3819771619705545,63
Distance_based,affinity_propagation,p=0.47,0.376134460162243,65
Distance_based,affinity_propagation,p=0.48,0.3765902529237238,70
Distance_based,affinity_propagation,p=0.49,0.3801146713285004,74
Distance_based,affinity_propagation,p=0.5,0.3924567450888524,75
Distance_based,affinity_propagation,p=0.51,0.3947837419265374,79
Distance_based,affinity_propagation,p=0.52,0.3916195153348748,81
Distance_based,affinity_propagation,p=0.53,0.37911173073093013,86
Distance_based,affinity_propagation,p=0.54,0.378015067377218,93
Distance_based,affinity_propagation,p=0.55,0.3768751690772158,96
Distance_based,affinity_propagation,p=0.56,0.3754255662474262,100
Distance_based,affinity_propagation,p=0.57,0.3577741667614429,106
Distance_based,affinity_propagation,p=0.58,0.3693620720954674,112
Distance_based,affinity_propagation,p=0.59,0.36378053271142746,116
Distance_based,affinity_propagation,p=0.6,0.36410003331771823,124
Distance_based,affinity_propagation,p=0.61,0.36119716236382443,128
Distance_based,affinity_propagation,p=0.62,0.33395380428941746,137
Distance_based,affinity_propagation,p=0.63,0.32324503206229543,144
Distance_based,affinity_propagation,p=0.64,0.32373215715570186,151
Distance_based,affinity_propagation,p=0.65,0.3212397221943205,151
Distance_based,affinity_propagation,p=0.66,0.31060223497207684,162
Distance_based,affinity_propagation,p=0.67,0.3094312297521035,166
Distance_based,affinity_propagation,p=0.68,0.30821525483548085,176
Distance_based,affinity_propagation,p=0.69,0.30330637571705826,181
Distance_based,affinity_propagation,p=0.7,0.30142842841467415,184
Distance_based,affinity_propagation,p=0.71,0.27983133007121425,187
Distance_based,affinity_propagation,p=0.72,0.2753479512284243,191
Distance_based,affinity_propagation,p=0.73,0.25647074349626353,203
Distance_based,affinity_propagation,p=0.74,0.2408526764566556,211
Distance_based,affinity_propagation,p=0.75,0.2245644067286311,222
Distance_based,affinity_propagation,p=0.76,0.21032576890565058,225
Distance_based,affinity_propagation,p=0.77,0.20949352268828855,227
Distance_based,affinity_propagation,p=0.78,0.2034345667562596,233
Distance_based,affinity_propagation,p=0.79,0.19794097127697913,234
Distance_based,affinity_propagation,p=0.8,0.17101804919358374,243
Distance_based,affinity_propagation,p=0.81,0.16115087229301653,250
Distance_based,affinity_propagation,p=0.82,0.14409443633830446,260
Distance_based,affinity_propagation,p=0.83,0.13904697772335767,263
Distance_based,affinity_propagation,p=0.84,0.08374592273438787,273
Distance_based,affinity_propagation,p=0.85,0.07758305730234044,277
Distance_based,affinity_propagation,p=0.86,0.07399840359703275,283
Distance_based,affinity_propagation,p=0.87,0.06056420297788081,284
Distance_based,affinity_propagation,p=0.88,0.05446244895689831,288
Distance_based,affinity_propagation,p=0.89,0.047967893840935354,291
Distance_based,affinity_propagation,p=0.9,0.0347567105659998,298
Distance_based,mean_shift,bandwidth=0.05,0,313
Distance_based,mean_shift,bandwidth=0.06,0,313
Distance_based,mean_shift,bandwidth=0.07,0,313
Distance_based,mean_shift,bandwidth=0.08,0,313
Distance_based,mean_shift,bandwidth=0.09,0,313
Distance_based,mean_shift,bandwidth=0.1,0,313
Distance_based,mean_shift,bandwidth=0.11,0,313
Distance_based,mean_shift,bandwidth=0.12,0,313
Distance_based,mean_shift,bandwidth=0.13,0,313
Distance_based,mean_shift,bandwidth=0.14,0,313
Distance_based,mean_shift,bandwidth=0.15,0.004714824624359246,311
Distance_based,mean_shift,bandwidth=0.16,0.007064054828698585,310
Distance_based,mean_shift,bandwidth=0.17,0.011746245464714812,308
Distance_based,mean_shift,bandwidth=0.18,0.03255133220647248,305
Distance_based,mean_shift,bandwidth=0.19,0.061858894403508835,301
Distance_based,mean_shift,bandwidth=0.2,0.08165130851455953,298
Distance_based,mean_shift,bandwidth=0.21,0.08165130851455953,298
Distance_based,mean_shift,bandwidth=0.22,0.08382598578559095,297
Distance_based,mean_shift,bandwidth=0.23,0.09032106545586208,295
Distance_based,mean_shift,bandwidth=0.24,0.09462715203175232,293
Distance_based,mean_shift,bandwidth=0.25,0.101050649402783,291
Distance_based,mean_shift,bandwidth=0.26,0.10318237602828778,290
Distance_based,mean_shift,bandwidth=0.27,0.11166250099806678,287
Distance_based,mean_shift,bandwidth=0.28,0.11587470968551881,286
Distance_based,mean_shift,bandwidth=0.29,0.1325406740475883,285
Distance_based,mean_shift,bandwidth=0.3,0.1387160375434315,283
Distance_based,mean_shift,bandwidth=0.31,0.14076559402165623,282
Distance_based,mean_shift,bandwidth=0.32,0.15094728683824132,279
Distance_based,mean_shift,bandwidth=0.33,0.17888244297624484,271
Distance_based,mean_shift,bandwidth=0.34,0.19060270009083835,267
Distance_based,mean_shift,bandwidth=0.35,0.20025712459002015,264
Distance_based,mean_shift,bandwidth=0.36,0.24156307109175826,260
Distance_based,mean_shift,bandwidth=0.37,0.2431119226725087,258
Distance_based,mean_shift,bandwidth=0.38,0.2560219230484702,241
Distance_based,mean_shift,bandwidth=0.39,0.28020441479168146,228
Distance_based,mean_shift,bandwidth=0.4,0.2958459838711081,210
Distance_based,mean_shift,bandwidth=0.41,0.2978776827033391,201
Distance_based,mean_shift,bandwidth=0.42,0.3214323949693473,182
Distance_based,mean_shift,bandwidth=0.43,0.3336180493452758,175
Distance_based,mean_shift,bandwidth=0.44,0.35501656321134123,166
Distance_based,mean_shift,bandwidth=0.45,0.3723836044222862,159
Distance_based,mean_shift,bandwidth=0.46,0.3624466968481713,142
Distance_based,mean_shift,bandwidth=0.47,0.3598133138285115,125
Distance_based,mean_shift,bandwidth=0.48,0.3522625971048945,115
Distance_based,mean_shift,bandwidth=0.49,0.3517197820653985,105
Distance_based,mean_shift,bandwidth=0.5,0.34639181327549934,93
Distance_based,mean_shift,bandwidth=0.51,0.34434200781089663,81
Distance_based,mean_shift,bandwidth=0.52,0.3356874772191638,70
Distance_based,mean_shift,bandwidth=0.53,0.3384320598259522,62
Distance_based,mean_shift,bandwidth=0.54,0.3148381019998151,46
Distance_based,mean_shift,bandwidth=0.55,0.3000615025108893,33
Distance_based,mean_shift,bandwidth=0.56,0.2863376321621384,28
Distance_based,mean_shift,bandwidth=0.57,0.2866549642029736,27
Distance_based,mean_shift,bandwidth=0.58,0.27903524472060875,24
Distance_based,mean_shift,bandwidth=0.59,0.27177839010424265,22
Distance_based,mean_shift,bandwidth=0.6,0.2525051275254361,19
Distance_based,mean_shift,bandwidth=0.61,0.23127535365904917,17
Distance_based,mean_shift,bandwidth=0.62,0.18955831542593898,13
Distance_based,mean_shift,bandwidth=0.63,0.17717436906641293,12
Distance_based,mean_shift,bandwidth=0.64,0.17606888846499713,12
Distance_based,mean_shift,bandwidth=0.65,0.17325345320466598,12
Distance_based,mean_shift,bandwidth=0.66,0.17043183167896836,12
Distance_based,mean_shift,bandwidth=0.67,0.1465965918639215,9
Distance_based,mean_shift,bandwidth=0.68,0.14110970199287542,9
Distance_based,mean_shift,bandwidth=0.69,0.0900476524537357,6
Distance_based,mean_shift,bandwidth=0.7,0.08700242546891455,5
Distance_based,mean_shift,bandwidth=0.71,0.06285160582860436,4
Distance_based,mean_shift,bandwidth=0.72,0.06285160582860436,4
Distance_based,mean_shift,bandwidth=0.73,0.06285497417245903,4
Distance_based,mean_shift,bandwidth=0.74,0.06285497417245903,4
Distance_based,mean_shift,bandwidth=0.75,0.06179529274421302,4
Distance_based,mean_shift,bandwidth=0.76,0.06179529274421302,4
Distance_based,mean_shift,bandwidth=0.77,0.06179529274421302,4
Distance_based,mean_shift,bandwidth=0.78,0.06179529274421302,4
Distance_based,mean_shift,bandwidth=0.79,0.06179529274421302,4
Distance_based,mean_shift,bandwidth=0.8,0.061797028433742136,4
Distance_based,mean_shift,bandwidth=0.81,0.061797028433742136,4
Distance_based,mean_shift,bandwidth=0.82,0.057104075935363964,3
Distance_based,mean_shift,bandwidth=0.83,0.055334099936074674,3
Distance_based,mean_shift,bandwidth=0.84,0.05483026400259127,3
Distance_based,mean_shift,bandwidth=0.85,0.05359783952954242,3
Distance_based,mean_shift,bandwidth=0.86,0.052350341916048655,3
Distance_based,mean_shift,bandwidth=0.87,0.03164206203574135,2
Distance_based,mean_shift,bandwidth=0.88,0.03153660596930264,2
Distance_based,mean_shift,bandwidth=0.89,0.03153660596930264,2
Distance_based,mean_shift,bandwidth=0.9,0.030613593871535703,2
Distance_based,mean_shift,bandwidth=0.91,0.03032199675573585,2
Distance_based,mean_shift,bandwidth=0.92,0.03021501267480874,2
Distance_based,mean_shift,bandwidth=0.93,0.03021501267480874,2
Distance_based,mean_shift,bandwidth=0.94,0.03021501267480874,2
Distance_based,mean_shift,bandwidth=0.95,0.03021501267480874,2
Distance_based,mean_shift,bandwidth=0.96,0.03021501267480874,2
Distance_based,mean_shift,bandwidth=0.97,0.03021501267480874,2
Distance_based,mean_shift,bandwidth=0.98,0.029825123976137385,2
Distance_based,mean_shift,bandwidth=0.99,0.029825123976137385,2
Distance_based,mean_shift,bandwidth=1,0.029825123976137385,2
Distance_based,gmm,G=2,0.03207248354468953,2
Distance_based,gmm,G=3,0.04255259119271963,3
Distance_based,gmm,G=4,0.061976298216626716,4
Distance_based,gmm,G=5,0.08871696530905011,5
Distance_based,gmm,G=6,0.11005447790920192,6
Distance_based,gmm,G=7,0.13392438901142675,7
Distance_based,gmm,G=8,0.15510705983356246,8
Distance_based,gmm,G=9,0.16914565586597663,9
Distance_based,gmm,G=10,0.18625965080770415,10
Distance_based,gmm,G=11,0.19596405239422282,11
Distance_based,gmm,G=12,0.1982657764121957,12
Distance_based,gmm,G=13,0.23829178179949478,13
Distance_based,gmm,G=14,0.25521702290930603,14
Distance_based,gmm,G=15,0.26917807409796546,15
Distance_based,gmm,G=16,0.2702052744335163,16
Distance_based,gmm,G=17,0.28309364245253554,17
Distance_based,gmm,G=18,0.28768911084510806,18
Distance_based,gmm,G=19,0.273045837923857,19
Distance_based,gmm,G=20,0.2788582512642768,20
Distance_based,gmm,G=21,0.2789034582823704,21
Distance_based,gmm,G=22,0.2838507090943838,22
Distance_based,gmm,G=23,0.29259662847465007,23
Distance_based,gmm,G=24,0.30067620839197073,24
Distance_based,gmm,G=25,0.31675269568781433,25
Distance_based,gmm,G=26,0.3239059288286657,26
Distance_based,gmm,G=27,0.3829695966184961,27
Distance_based,gmm,G=28,0.390629494921119,28
Distance_based,gmm,G=29,0.39145225715297827,29
Distance_based,gmm,G=30,0.3990209154733463,30
Distance_based,gmm,G=31,0.3992879644277314,31
Distance_based,gmm,G=32,0.3807398806835652,32
Distance_based,gmm,G=33,0.3840456206531139,33
Distance_based,gmm,G=34,0.3848802806417951,34
Distance_based,gmm,G=35,0.40503853609229806,35
Distance_based,gmm,G=36,0.36388444756995353,36
Distance_based,gmm,G=37,0.3672874731483324,37
Distance_based,gmm,G=38,0.36503826362316927,38
Distance_based,gmm,G=39,0.36624546628953225,39
Distance_based,gmm,G=40,0.3714239308792344,40
Distance_based,gmm,G=41,0.372361545919108,41
Distance_based,gmm,G=42,0.3819614478551432,42
Distance_based,gmm,G=43,0.37973378379993544,43
Distance_based,gmm,G=44,0.39111353362967416,44
Distance_based,gmm,G=45,0.3943986650813042,45
Distance_based,gmm,G=46,0.41329988176601207,46
Distance_based,gmm,G=47,0.45342597571675203,47
Distance_based,gmm,G=48,0.4554592754167993,48
Distance_based,gmm,G=49,0.4565966928122787,49
Distance_based,gmm,G=50,0.43386174315772374,50
Distance_based,gmm,G=51,0.4196715145804706,51
Distance_based,gmm,G=52,0.448643730463704,52
Distance_based,gmm,G=53,0.4496026109324628,53
Distance_based,gmm,G=54,0.4509536673131629,54
Distance_based,gmm,G=55,0.4631867267839947,55
Distance_based,gmm,G=56,0.4574506564782701,56
Distance_based,gmm,G=57,0.45365253792179444,57
Distance_based,gmm,G=58,0.4530768017662829,58
Distance_based,gmm,G=59,0.4657551782730811,59
Distance_based,gmm,G=60,0.4606922897401224,60
Distance_based,gmm,G=61,0.460940604990064,61
Distance_based,gmm,G=62,0.46243573375086783,62
Distance_based,gmm,G=63,0.48007522223985366,63
Distance_based,gmm,G=64,0.4821880378195559,64
Distance_based,gmm,G=65,0.48325095541401275,65
Distance_based,gmm,G=66,0.4840510136209838,66
Distance_based,gmm,G=67,0.4604581383220108,67
Distance_based,gmm,G=68,0.45798578519868377,68
Distance_based,gmm,G=69,0.4524825031533937,69
Distance_based,gmm,G=70,0.44369482899058305,70
Distance_based,gmm,G=71,0.4423497857655656,71
Distance_based,gmm,G=72,0.439466163281909,72
Distance_based,gmm,G=73,0.4400276116461214,73
Distance_based,gmm,G=74,0.4389796240267283,74
Distance_based,gmm,G=75,0.43982507162393286,75
Distance_based,gmm,G=76,0.43808269287036183,76
Distance_based,gmm,G=77,0.42489254494719964,77
Distance_based,gmm,G=78,0.42311738014692346,78
Distance_based,gmm,G=79,0.42298648409156936,79
Distance_based,gmm,G=80,0.4140310523289247,80
Distance_based,gmm,G=81,0.4140750995387672,81
Distance_based,gmm,G=82,0.4122579644576866,82
Distance_based,gmm,G=83,0.41351555325880457,83
Distance_based,gmm,G=84,0.4080284401205646,84
Distance_based,gmm,G=85,0.4061911418893602,85
Distance_based,gmm,G=86,0.4043173004812493,86
Distance_based,gmm,G=87,0.41201948684637874,87
Distance_based,gmm,G=88,0.41268227298048676,88
Distance_based,gmm,G=89,0.4351943728694205,89
Distance_based,gmm,G=90,0.4620713242367024,90
Distance_based,gmm,G=91,0.4623929533711266,91
Distance_based,gmm,G=92,0.45933554409060584,92
Distance_based,gmm,G=93,0.4531088217022158,93
Distance_based,gmm,G=94,0.4510424511389277,94
Distance_based,gmm,G=95,0.45520630695198117,95
Distance_based,gmm,G=96,0.45695062025056926,96
Distance_based,gmm,G=97,0.4584581131032829,97
Distance_based,gmm,G=98,0.45741202630250805,98
Distance_based,gmm,G=99,0.4580666141284764,99
Distance_based,gmm,G=100,0.4573456483188637,100
