tool,tool_module,display_row,best_ground_truth,ground_truth_label,jaccard
MAPA,26,1,1,1,0.8571428571428571
MAPA,26,1,1,2,0
MAPA,26,1,1,3,0
MAPA,26,1,1,4,0
MAPA,26,1,1,5,0
MAPA,26,1,1,6,0
MAPA,26,1,1,7,0
MAPA,26,1,1,8,0
MAPA,26,1,1,9,0
MAPA,26,1,1,10,0
MAPA,26,1,1,11,0
MAPA,26,1,1,12,0
MAPA,26,1,1,13,0
MAPA,26,1,1,14,0
MAPA,26,1,1,15,0
MAPA,26,1,1,16,0
MAPA,26,1,1,17,0
MAPA,26,1,1,18,0
MAPA,26,1,1,19,0
MAPA,26,1,1,20,0
MAPA,26,1,1,21,0
MAPA,26,1,1,22,0
MAPA,26,1,1,23,0
MAPA,26,1,1,24,0
MAPA,26,1,1,25,0
MAPA,26,1,1,26,0
MAPA,26,1,1,27,0
MAPA,26,1,1,28,0
MAPA,26,1,1,29,0
MAPA,26,1,1,30,0
MAPA,26,1,1,31,0
MAPA,26,1,1,32,0
MAPA,26,1,1,33,0
MAPA,26,1,1,34,0
MAPA,26,1,1,35,0
MAPA,26,1,1,36,0
MAPA,26,1,1,37,0
MAPA,26,1,1,38,0
MAPA,26,1,1,39,0
MAPA,26,1,1,40,0
MAPA,26,1,1,41,0
MAPA,26,1,1,42,0
MAPA,26,1,1,43,0
MAPA,26,1,1,44,0
MAPA,26,1,1,45,0
MAPA,26,1,1,46,0
MAPA,26,1,1,47,0
MAPA,26,1,1,48,0
MAPA,26,1,1,49,0
MAPA,26,1,1,50,0
MAPA,26,1,1,51,0
MAPA,26,1,1,52,0
MAPA,26,1,1,53,0
MAPA,26,1,1,54,0
MAPA,26,1,1,55,0
MAPA,26,1,1,56,0
MAPA,26,1,1,57,0
MAPA,59,2,2,1,0
MAPA,59,2,2,2,0.8333333333333334
MAPA,59,2,2,3,0
MAPA,59,2,2,4,0
MAPA,59,2,2,5,0
MAPA,59,2,2,6,0
MAPA,59,2,2,7,0
MAPA,59,2,2,8,0
MAPA,59,2,2,9,0
MAPA,59,2,2,10,0
MAPA,59,2,2,11,0
MAPA,59,2,2,12,0
MAPA,59,2,2,13,0
MAPA,59,2,2,14,0
MAPA,59,2,2,15,0
MAPA,59,2,2,16,0
MAPA,59,2,2,17,0
MAPA,59,2,2,18,0
MAPA,59,2,2,19,0
MAPA,59,2,2,20,0
MAPA,59,2,2,21,0
MAPA,59,2,2,22,0
MAPA,59,2,2,23,0
MAPA,59,2,2,24,0
MAPA,59,2,2,25,0
MAPA,59,2,2,26,0
MAPA,59,2,2,27,0
MAPA,59,2,2,28,0
MAPA,59,2,2,29,0
MAPA,59,2,2,30,0
MAPA,59,2,2,31,0
MAPA,59,2,2,32,0
MAPA,59,2,2,33,0
MAPA,59,2,2,34,0
MAPA,59,2,2,35,0
MAPA,59,2,2,36,0
MAPA,59,2,2,37,0
MAPA,59,2,2,38,0
MAPA,59,2,2,39,0
MAPA,59,2,2,40,0
MAPA,59,2,2,41,0
MAPA,59,2,2,42,0
MAPA,59,2,2,43,0
MAPA,59,2,2,44,0
MAPA,59,2,2,45,0
MAPA,59,2,2,46,0
MAPA,59,2,2,47,0
MAPA,59,2,2,48,0
MAPA,59,2,2,49,0
MAPA,59,2,2,50,0
MAPA,59,2,2,51,0
MAPA,59,2,2,52,0
MAPA,59,2,2,53,0
MAPA,59,2,2,54,0
MAPA,59,2,2,55,0
MAPA,59,2,2,56,0
MAPA,59,2,2,57,0
MAPA,30,3,3,1,0
MAPA,30,3,3,2,0
MAPA,30,3,3,3,0.4
MAPA,30,3,3,4,0
MAPA,30,3,3,5,0
MAPA,30,3,3,6,0
MAPA,30,3,3,7,0
MAPA,30,3,3,8,0
MAPA,30,3,3,9,0
MAPA,30,3,3,10,0
MAPA,30,3,3,11,0
MAPA,30,3,3,12,0
MAPA,30,3,3,13,0
MAPA,30,3,3,14,0
MAPA,30,3,3,15,0
MAPA,30,3,3,16,0
MAPA,30,3,3,17,0
MAPA,30,3,3,18,0
MAPA,30,3,3,19,0
MAPA,30,3,3,20,0
MAPA,30,3,3,21,0
MAPA,30,3,3,22,0
MAPA,30,3,3,23,0
MAPA,30,3,3,24,0
MAPA,30,3,3,25,0
MAPA,30,3,3,26,0
MAPA,30,3,3,27,0
MAPA,30,3,3,28,0
MAPA,30,3,3,29,0
MAPA,30,3,3,30,0
MAPA,30,3,3,31,0
MAPA,30,3,3,32,0
MAPA,30,3,3,33,0
MAPA,30,3,3,34,0
MAPA,30,3,3,35,0
MAPA,30,3,3,36,0
MAPA,30,3,3,37,0
MAPA,30,3,3,38,0
MAPA,30,3,3,39,0
MAPA,30,3,3,40,0
MAPA,30,3,3,41,0
MAPA,30,3,3,42,0
MAPA,30,3,3,43,0
MAPA,30,3,3,44,0
MAPA,30,3,3,45,0
MAPA,30,3,3,46,0
MAPA,30,3,3,47,0.14285714285714285
MAPA,30,3,3,48,0
MAPA,30,3,3,49,0
MAPA,30,3,3,50,0
MAPA,30,3,3,51,0
MAPA,30,3,3,52,0
MAPA,30,3,3,53,0
MAPA,30,3,3,54,0
MAPA,30,3,3,55,0
MAPA,30,3,3,56,0
MAPA,30,3,3,57,0
MAPA,35,4,3,1,0
MAPA,35,4,3,2,0
MAPA,35,4,3,3,0.5
MAPA,35,4,3,4,0
MAPA,35,4,3,5,0
MAPA,35,4,3,6,0
MAPA,35,4,3,7,0
MAPA,35,4,3,8,0
MAPA,35,4,3,9,0
MAPA,35,4,3,10,0
MAPA,35,4,3,11,0
MAPA,35,4,3,12,0
MAPA,35,4,3,13,0
MAPA,35,4,3,14,0
MAPA,35,4,3,15,0
MAPA,35,4,3,16,0
MAPA,35,4,3,17,0
MAPA,35,4,3,18,0
MAPA,35,4,3,19,0
MAPA,35,4,3,20,0
MAPA,35,4,3,21,0
MAPA,35,4,3,22,0
MAPA,35,4,3,23,0
MAPA,35,4,3,24,0
MAPA,35,4,3,25,0
MAPA,35,4,3,26,0
MAPA,35,4,3,27,0
MAPA,35,4,3,28,0
MAPA,35,4,3,29,0
MAPA,35,4,3,30,0
MAPA,35,4,3,31,0
MAPA,35,4,3,32,0
MAPA,35,4,3,33,0
MAPA,35,4,3,34,0
MAPA,35,4,3,35,0
MAPA,35,4,3,36,0
MAPA,35,4,3,37,0
MAPA,35,4,3,38,0
MAPA,35,4,3,39,0
MAPA,35,4,3,40,0
MAPA,35,4,3,41,0
MAPA,35,4,3,42,0
MAPA,35,4,3,43,0
MAPA,35,4,3,44,0
MAPA,35,4,3,45,0
MAPA,35,4,3,46,0
MAPA,35,4,3,47,0
MAPA,35,4,3,48,0
MAPA,35,4,3,49,0
MAPA,35,4,3,50,0
MAPA,35,4,3,51,0
MAPA,35,4,3,52,0
MAPA,35,4,3,53,0
MAPA,35,4,3,54,0
MAPA,35,4,3,55,0
MAPA,35,4,3,56,0
MAPA,35,4,3,57,0
MAPA,11,5,4,1,0
MAPA,11,5,4,2,0
MAPA,11,5,4,3,0
MAPA,11,5,4,4,0.75
MAPA,11,5,4,5,0
MAPA,11,5,4,6,0
MAPA,11,5,4,7,0
MAPA,11,5,4,8,0
MAPA,11,5,4,9,0
MAPA,11,5,4,10,0
MAPA,11,5,4,11,0
MAPA,11,5,4,12,0
MAPA,11,5,4,13,0
MAPA,11,5,4,14,0
MAPA,11,5,4,15,0
MAPA,11,5,4,16,0
MAPA,11,5,4,17,0
MAPA,11,5,4,18,0
MAPA,11,5,4,19,0
MAPA,11,5,4,20,0
MAPA,11,5,4,21,0
MAPA,11,5,4,22,0
MAPA,11,5,4,23,0
MAPA,11,5,4,24,0
MAPA,11,5,4,25,0
MAPA,11,5,4,26,0
MAPA,11,5,4,27,0
MAPA,11,5,4,28,0
MAPA,11,5,4,29,0
MAPA,11,5,4,30,0
MAPA,11,5,4,31,0
MAPA,11,5,4,32,0
MAPA,11,5,4,33,0
MAPA,11,5,4,34,0
MAPA,11,5,4,35,0
MAPA,11,5,4,36,0
MAPA,11,5,4,37,0
MAPA,11,5,4,38,0
MAPA,11,5,4,39,0
MAPA,11,5,4,40,0
MAPA,11,5,4,41,0
MAPA,11,5,4,42,0
MAPA,11,5,4,43,0
MAPA,11,5,4,44,0
MAPA,11,5,4,45,0
MAPA,11,5,4,46,0
MAPA,11,5,4,47,0
MAPA,11,5,4,48,0
MAPA,11,5,4,49,0
MAPA,11,5,4,50,0
MAPA,11,5,4,51,0
MAPA,11,5,4,52,0
MAPA,11,5,4,53,0
MAPA,11,5,4,54,0
MAPA,11,5,4,55,0
MAPA,11,5,4,56,0
MAPA,11,5,4,57,0
MAPA,28,6,5,1,0
MAPA,28,6,5,2,0
MAPA,28,6,5,3,0
MAPA,28,6,5,4,0
MAPA,28,6,5,5,0.75
MAPA,28,6,5,6,0
MAPA,28,6,5,7,0
MAPA,28,6,5,8,0
MAPA,28,6,5,9,0
MAPA,28,6,5,10,0
MAPA,28,6,5,11,0
MAPA,28,6,5,12,0
MAPA,28,6,5,13,0
MAPA,28,6,5,14,0
MAPA,28,6,5,15,0
MAPA,28,6,5,16,0
MAPA,28,6,5,17,0
MAPA,28,6,5,18,0
MAPA,28,6,5,19,0
MAPA,28,6,5,20,0
MAPA,28,6,5,21,0
MAPA,28,6,5,22,0
MAPA,28,6,5,23,0
MAPA,28,6,5,24,0
MAPA,28,6,5,25,0
MAPA,28,6,5,26,0
MAPA,28,6,5,27,0
MAPA,28,6,5,28,0
MAPA,28,6,5,29,0
MAPA,28,6,5,30,0
MAPA,28,6,5,31,0
MAPA,28,6,5,32,0
MAPA,28,6,5,33,0
MAPA,28,6,5,34,0
MAPA,28,6,5,35,0
MAPA,28,6,5,36,0
MAPA,28,6,5,37,0
MAPA,28,6,5,38,0
MAPA,28,6,5,39,0
MAPA,28,6,5,40,0
MAPA,28,6,5,41,0
MAPA,28,6,5,42,0
MAPA,28,6,5,43,0
MAPA,28,6,5,44,0
MAPA,28,6,5,45,0
MAPA,28,6,5,46,0
MAPA,28,6,5,47,0
MAPA,28,6,5,48,0
MAPA,28,6,5,49,0
MAPA,28,6,5,50,0
MAPA,28,6,5,51,0
MAPA,28,6,5,52,0
MAPA,28,6,5,53,0
MAPA,28,6,5,54,0
MAPA,28,6,5,55,0
MAPA,28,6,5,56,0
MAPA,28,6,5,57,0
MAPA,69,7,5,1,0
MAPA,69,7,5,2,0
MAPA,69,7,5,3,0
MAPA,69,7,5,4,0
MAPA,69,7,5,5,0.25
MAPA,69,7,5,6,0
MAPA,69,7,5,7,0
MAPA,69,7,5,8,0
MAPA,69,7,5,9,0
MAPA,69,7,5,10,0
MAPA,69,7,5,11,0
MAPA,69,7,5,12,0
MAPA,69,7,5,13,0
MAPA,69,7,5,14,0
MAPA,69,7,5,15,0
MAPA,69,7,5,16,0
MAPA,69,7,5,17,0
MAPA,69,7,5,18,0
MAPA,69,7,5,19,0
MAPA,69,7,5,20,0
MAPA,69,7,5,21,0
MAPA,69,7,5,22,0
MAPA,69,7,5,23,0
MAPA,69,7,5,24,0
MAPA,69,7,5,25,0
MAPA,69,7,5,26,0
MAPA,69,7,5,27,0
MAPA,69,7,5,28,0
MAPA,69,7,5,29,0
MAPA,69,7,5,30,0
MAPA,69,7,5,31,0
MAPA,69,7,5,32,0
MAPA,69,7,5,33,0
MAPA,69,7,5,34,0
MAPA,69,7,5,35,0
MAPA,69,7,5,36,0
MAPA,69,7,5,37,0
MAPA,69,7,5,38,0
MAPA,69,7,5,39,0
MAPA,69,7,5,40,0
MAPA,69,7,5,41,0
MAPA,69,7,5,42,0
MAPA,69,7,5,43,0
MAPA,69,7,5,44,0
MAPA,69,7,5,45,0
MAPA,69,7,5,46,0
MAPA,69,7,5,47,0
MAPA,69,7,5,48,0
MAPA,69,7,5,49,0
MAPA,69,7,5,50,0
MAPA,69,7,5,51,0
MAPA,69,7,5,52,0
MAPA,69,7,5,53,0
MAPA,69,7,5,54,0
MAPA,69,7,5,55,0
MAPA,69,7,5,56,0
MAPA,69,7,5,57,0
MAPA,15,8,6,1,0
MAPA,15,8,6,2,0
MAPA,15,8,6,3,0
MAPA,15,8,6,4,0
MAPA,15,8,6,5,0
MAPA,15,8,6,6,0.625
MAPA,15,8,6,7,0
MAPA,15,8,6,8,0
MAPA,15,8,6,9,0
MAPA,15,8,6,10,0
MAPA,15,8,6,11,0
MAPA,15,8,6,12,0
MAPA,15,8,6,13,0
MAPA,15,8,6,14,0
MAPA,15,8,6,15,0
MAPA,15,8,6,16,0
MAPA,15,8,6,17,0
MAPA,15,8,6,18,0
MAPA,15,8,6,19,0
MAPA,15,8,6,20,0
MAPA,15,8,6,21,0
MAPA,15,8,6,22,0
MAPA,15,8,6,23,0
MAPA,15,8,6,24,0
MAPA,15,8,6,25,0
MAPA,15,8,6,26,0
MAPA,15,8,6,27,0
MAPA,15,8,6,28,0
MAPA,15,8,6,29,0
MAPA,15,8,6,30,0
MAPA,15,8,6,31,0
MAPA,15,8,6,32,0
MAPA,15,8,6,33,0
MAPA,15,8,6,34,0
MAPA,15,8,6,35,0
MAPA,15,8,6,36,0
MAPA,15,8,6,37,0
MAPA,15,8,6,38,0
MAPA,15,8,6,39,0
MAPA,15,8,6,40,0
MAPA,15,8,6,41,0
MAPA,15,8,6,42,0
MAPA,15,8,6,43,0
MAPA,15,8,6,44,0
MAPA,15,8,6,45,0
MAPA,15,8,6,46,0
MAPA,15,8,6,47,0
MAPA,15,8,6,48,0
MAPA,15,8,6,49,0
MAPA,15,8,6,50,0
MAPA,15,8,6,51,0
MAPA,15,8,6,52,0
MAPA,15,8,6,53,0
MAPA,15,8,6,54,0
MAPA,15,8,6,55,0
MAPA,15,8,6,56,0
MAPA,15,8,6,57,0
MAPA,42,9,7,1,0
MAPA,42,9,7,2,0
MAPA,42,9,7,3,0
MAPA,42,9,7,4,0
MAPA,42,9,7,5,0
MAPA,42,9,7,6,0
MAPA,42,9,7,7,0.6
MAPA,42,9,7,8,0
MAPA,42,9,7,9,0
MAPA,42,9,7,10,0
MAPA,42,9,7,11,0
MAPA,42,9,7,12,0
MAPA,42,9,7,13,0
MAPA,42,9,7,14,0
MAPA,42,9,7,15,0
MAPA,42,9,7,16,0
MAPA,42,9,7,17,0
MAPA,42,9,7,18,0
MAPA,42,9,7,19,0
MAPA,42,9,7,20,0
MAPA,42,9,7,21,0
MAPA,42,9,7,22,0
MAPA,42,9,7,23,0
MAPA,42,9,7,24,0
MAPA,42,9,7,25,0
MAPA,42,9,7,26,0.14285714285714285
MAPA,42,9,7,27,0
MAPA,42,9,7,28,0
MAPA,42,9,7,29,0
MAPA,42,9,7,30,0
MAPA,42,9,7,31,0
MAPA,42,9,7,32,0
MAPA,42,9,7,33,0
MAPA,42,9,7,34,0
MAPA,42,9,7,35,0
MAPA,42,9,7,36,0
MAPA,42,9,7,37,0
MAPA,42,9,7,38,0
MAPA,42,9,7,39,0
MAPA,42,9,7,40,0
MAPA,42,9,7,41,0
MAPA,42,9,7,42,0
MAPA,42,9,7,43,0
MAPA,42,9,7,44,0
MAPA,42,9,7,45,0
MAPA,42,9,7,46,0
MAPA,42,9,7,47,0
MAPA,42,9,7,48,0
MAPA,42,9,7,49,0
MAPA,42,9,7,50,0
MAPA,42,9,7,51,0
MAPA,42,9,7,52,0
MAPA,42,9,7,53,0
MAPA,42,9,7,54,0
MAPA,42,9,7,55,0
MAPA,42,9,7,56,0
MAPA,42,9,7,57,0
MAPA,4,10,8,1,0
MAPA,4,10,8,2,0
MAPA,4,10,8,3,0
MAPA,4,10,8,4,0
MAPA,4,10,8,5,0
MAPA,4,10,8,6,0
MAPA,4,10,8,7,0
MAPA,4,10,8,8,0.6
MAPA,4,10,8,9,0
MAPA,4,10,8,10,0
MAPA,4,10,8,11,0
MAPA,4,10,8,12,0
MAPA,4,10,8,13,0
MAPA,4,10,8,14,0
MAPA,4,10,8,15,0
MAPA,4,10,8,16,0
MAPA,4,10,8,17,0
MAPA,4,10,8,18,0
MAPA,4,10,8,19,0
MAPA,4,10,8,20,0
MAPA,4,10,8,21,0
MAPA,4,10,8,22,0
MAPA,4,10,8,23,0
MAPA,4,10,8,24,0
MAPA,4,10,8,25,0
MAPA,4,10,8,26,0
MAPA,4,10,8,27,0
MAPA,4,10,8,28,0
MAPA,4,10,8,29,0
MAPA,4,10,8,30,0
MAPA,4,10,8,31,0
MAPA,4,10,8,32,0
MAPA,4,10,8,33,0
MAPA,4,10,8,34,0
MAPA,4,10,8,35,0
MAPA,4,10,8,36,0
MAPA,4,10,8,37,0
MAPA,4,10,8,38,0
MAPA,4,10,8,39,0
MAPA,4,10,8,40,0
MAPA,4,10,8,41,0
MAPA,4,10,8,42,0
MAPA,4,10,8,43,0
MAPA,4,10,8,44,0
MAPA,4,10,8,45,0
MAPA,4,10,8,46,0.125
MAPA,4,10,8,47,0
MAPA,4,10,8,48,0
MAPA,4,10,8,49,0
MAPA,4,10,8,50,0
MAPA,4,10,8,51,0
MAPA,4,10,8,52,0
MAPA,4,10,8,53,0
MAPA,4,10,8,54,0
MAPA,4,10,8,55,0
MAPA,4,10,8,56,0
MAPA,4,10,8,57,0
MAPA,47,11,9,1,0
MAPA,47,11,9,2,0
MAPA,47,11,9,3,0
MAPA,47,11,9,4,0
MAPA,47,11,9,5,0
MAPA,47,11,9,6,0
MAPA,47,11,9,7,0
MAPA,47,11,9,8,0
MAPA,47,11,9,9,0.25
MAPA,47,11,9,10,0
MAPA,47,11,9,11,0
MAPA,47,11,9,12,0
MAPA,47,11,9,13,0
MAPA,47,11,9,14,0
MAPA,47,11,9,15,0
MAPA,47,11,9,16,0
MAPA,47,11,9,17,0
MAPA,47,11,9,18,0
MAPA,47,11,9,19,0
MAPA,47,11,9,20,0
MAPA,47,11,9,21,0
MAPA,47,11,9,22,0
MAPA,47,11,9,23,0
MAPA,47,11,9,24,0
MAPA,47,11,9,25,0
MAPA,47,11,9,26,0
MAPA,47,11,9,27,0
MAPA,47,11,9,28,0
MAPA,47,11,9,29,0
MAPA,47,11,9,30,0
MAPA,47,11,9,31,0
MAPA,47,11,9,32,0
MAPA,47,11,9,33,0
MAPA,47,11,9,34,0
MAPA,47,11,9,35,0
MAPA,47,11,9,36,0
MAPA,47,11,9,37,0
MAPA,47,11,9,38,0
MAPA,47,11,9,39,0
MAPA,47,11,9,40,0
MAPA,47,11,9,41,0
MAPA,47,11,9,42,0
MAPA,47,11,9,43,0
MAPA,47,11,9,44,0
MAPA,47,11,9,45,0
MAPA,47,11,9,46,0
MAPA,47,11,9,47,0
MAPA,47,11,9,48,0
MAPA,47,11,9,49,0
MAPA,47,11,9,50,0
MAPA,47,11,9,51,0
MAPA,47,11,9,52,0
MAPA,47,11,9,53,0.16666666666666666
MAPA,47,11,9,54,0
MAPA,47,11,9,55,0
MAPA,47,11,9,56,0
MAPA,47,11,9,57,0
MAPA,48,12,9,1,0
MAPA,48,12,9,2,0
MAPA,48,12,9,3,0
MAPA,48,12,9,4,0
MAPA,48,12,9,5,0
MAPA,48,12,9,6,0
MAPA,48,12,9,7,0
MAPA,48,12,9,8,0
MAPA,48,12,9,9,0.4444444444444444
MAPA,48,12,9,10,0.07692307692307693
MAPA,48,12,9,11,0.08333333333333333
MAPA,48,12,9,12,0
MAPA,48,12,9,13,0
MAPA,48,12,9,14,0
MAPA,48,12,9,15,0
MAPA,48,12,9,16,0
MAPA,48,12,9,17,0
MAPA,48,12,9,18,0
MAPA,48,12,9,19,0
MAPA,48,12,9,20,0
MAPA,48,12,9,21,0
MAPA,48,12,9,22,0
MAPA,48,12,9,23,0
MAPA,48,12,9,24,0
MAPA,48,12,9,25,0
MAPA,48,12,9,26,0
MAPA,48,12,9,27,0
MAPA,48,12,9,28,0
MAPA,48,12,9,29,0
MAPA,48,12,9,30,0
MAPA,48,12,9,31,0
MAPA,48,12,9,32,0
MAPA,48,12,9,33,0
MAPA,48,12,9,34,0
MAPA,48,12,9,35,0
MAPA,48,12,9,36,0
MAPA,48,12,9,37,0
MAPA,48,12,9,38,0
MAPA,48,12,9,39,0
MAPA,48,12,9,40,0
MAPA,48,12,9,41,0
MAPA,48,12,9,42,0
MAPA,48,12,9,43,0
MAPA,48,12,9,44,0
MAPA,48,12,9,45,0
MAPA,48,12,9,46,0
MAPA,48,12,9,47,0
MAPA,48,12,9,48,0
MAPA,48,12,9,49,0
MAPA,48,12,9,50,0
MAPA,48,12,9,51,0
MAPA,48,12,9,52,0
MAPA,48,12,9,53,0
MAPA,48,12,9,54,0
MAPA,48,12,9,55,0
MAPA,48,12,9,56,0
MAPA,48,12,9,57,0
MAPA,37,13,10,1,0
MAPA,37,13,10,2,0
MAPA,37,13,10,3,0
MAPA,37,13,10,4,0
MAPA,37,13,10,5,0
MAPA,37,13,10,6,0
MAPA,37,13,10,7,0
MAPA,37,13,10,8,0
MAPA,37,13,10,9,0
MAPA,37,13,10,10,0.75
MAPA,37,13,10,11,0
MAPA,37,13,10,12,0
MAPA,37,13,10,13,0
MAPA,37,13,10,14,0
MAPA,37,13,10,15,0
MAPA,37,13,10,16,0
MAPA,37,13,10,17,0
MAPA,37,13,10,18,0
MAPA,37,13,10,19,0
MAPA,37,13,10,20,0
MAPA,37,13,10,21,0
MAPA,37,13,10,22,0
MAPA,37,13,10,23,0
MAPA,37,13,10,24,0
MAPA,37,13,10,25,0
MAPA,37,13,10,26,0
MAPA,37,13,10,27,0
MAPA,37,13,10,28,0
MAPA,37,13,10,29,0
MAPA,37,13,10,30,0
MAPA,37,13,10,31,0
MAPA,37,13,10,32,0
MAPA,37,13,10,33,0
MAPA,37,13,10,34,0
MAPA,37,13,10,35,0
MAPA,37,13,10,36,0
MAPA,37,13,10,37,0
MAPA,37,13,10,38,0
MAPA,37,13,10,39,0
MAPA,37,13,10,40,0
MAPA,37,13,10,41,0
MAPA,37,13,10,42,0
MAPA,37,13,10,43,0
MAPA,37,13,10,44,0
MAPA,37,13,10,45,0
MAPA,37,13,10,46,0
MAPA,37,13,10,47,0
MAPA,37,13,10,48,0
MAPA,37,13,10,49,0
MAPA,37,13,10,50,0
MAPA,37,13,10,51,0
MAPA,37,13,10,52,0
MAPA,37,13,10,53,0
MAPA,37,13,10,54,0
MAPA,37,13,10,55,0
MAPA,37,13,10,56,0
MAPA,37,13,10,57,0
MAPA,46,14,11,1,0
MAPA,46,14,11,2,0
MAPA,46,14,11,3,0
MAPA,46,14,11,4,0
MAPA,46,14,11,5,0
MAPA,46,14,11,6,0
MAPA,46,14,11,7,0
MAPA,46,14,11,8,0
MAPA,46,14,11,9,0
MAPA,46,14,11,10,0
MAPA,46,14,11,11,0.7142857142857143
MAPA,46,14,11,12,0
MAPA,46,14,11,13,0
MAPA,46,14,11,14,0
MAPA,46,14,11,15,0
MAPA,46,14,11,16,0
MAPA,46,14,11,17,0
MAPA,46,14,11,18,0
MAPA,46,14,11,19,0
MAPA,46,14,11,20,0
MAPA,46,14,11,21,0
MAPA,46,14,11,22,0
MAPA,46,14,11,23,0
MAPA,46,14,11,24,0
MAPA,46,14,11,25,0
MAPA,46,14,11,26,0
MAPA,46,14,11,27,0
MAPA,46,14,11,28,0
MAPA,46,14,11,29,0
MAPA,46,14,11,30,0
MAPA,46,14,11,31,0
MAPA,46,14,11,32,0
MAPA,46,14,11,33,0
MAPA,46,14,11,34,0
MAPA,46,14,11,35,0
MAPA,46,14,11,36,0
MAPA,46,14,11,37,0
MAPA,46,14,11,38,0
MAPA,46,14,11,39,0
MAPA,46,14,11,40,0
MAPA,46,14,11,41,0
MAPA,46,14,11,42,0
MAPA,46,14,11,43,0
MAPA,46,14,11,44,0
MAPA,46,14,11,45,0
MAPA,46,14,11,46,0
MAPA,46,14,11,47,0
MAPA,46,14,11,48,0
MAPA,46,14,11,49,0
MAPA,46,14,11,50,0
MAPA,46,14,11,51,0
MAPA,46,14,11,52,0
MAPA,46,14,11,53,0
MAPA,46,14,11,54,0
MAPA,46,14,11,55,0
MAPA,46,14,11,56,0
MAPA,46,14,11,57,0
MAPA,52,15,12,1,0
MAPA,52,15,12,2,0
MAPA,52,15,12,3,0
MAPA,52,15,12,4,0
MAPA,52,15,12,5,0
MAPA,52,15,12,6,0
MAPA,52,15,12,7,0
MAPA,52,15,12,8,0
MAPA,52,15,12,9,0
MAPA,52,15,12,10,0
MAPA,52,15,12,11,0
MAPA,52,15,12,12,0.75
MAPA,52,15,12,13,0
MAPA,52,15,12,14,0
MAPA,52,15,12,15,0
MAPA,52,15,12,16,0
MAPA,52,15,12,17,0
MAPA,52,15,12,18,0
MAPA,52,15,12,19,0
MAPA,52,15,12,20,0
MAPA,52,15,12,21,0
MAPA,52,15,12,22,0
MAPA,52,15,12,23,0
MAPA,52,15,12,24,0
MAPA,52,15,12,25,0
MAPA,52,15,12,26,0
MAPA,52,15,12,27,0
MAPA,52,15,12,28,0
MAPA,52,15,12,29,0
MAPA,52,15,12,30,0
MAPA,52,15,12,31,0
MAPA,52,15,12,32,0
MAPA,52,15,12,33,0
MAPA,52,15,12,34,0
MAPA,52,15,12,35,0
MAPA,52,15,12,36,0
MAPA,52,15,12,37,0
MAPA,52,15,12,38,0
MAPA,52,15,12,39,0
MAPA,52,15,12,40,0
MAPA,52,15,12,41,0
MAPA,52,15,12,42,0
MAPA,52,15,12,43,0
MAPA,52,15,12,44,0
MAPA,52,15,12,45,0
MAPA,52,15,12,46,0
MAPA,52,15,12,47,0
MAPA,52,15,12,48,0
MAPA,52,15,12,49,0
MAPA,52,15,12,50,0
MAPA,52,15,12,51,0
MAPA,52,15,12,52,0
MAPA,52,15,12,53,0
MAPA,52,15,12,54,0
MAPA,52,15,12,55,0
MAPA,52,15,12,56,0
MAPA,52,15,12,57,0
MAPA,53,16,12,1,0
MAPA,53,16,12,2,0
MAPA,53,16,12,3,0
MAPA,53,16,12,4,0
MAPA,53,16,12,5,0
MAPA,53,16,12,6,0
MAPA,53,16,12,7,0
MAPA,53,16,12,8,0
MAPA,53,16,12,9,0
MAPA,53,16,12,10,0
MAPA,53,16,12,11,0
MAPA,53,16,12,12,0.25
MAPA,53,16,12,13,0
MAPA,53,16,12,14,0
MAPA,53,16,12,15,0
MAPA,53,16,12,16,0
MAPA,53,16,12,17,0
MAPA,53,16,12,18,0
MAPA,53,16,12,19,0
MAPA,53,16,12,20,0
MAPA,53,16,12,21,0
MAPA,53,16,12,22,0
MAPA,53,16,12,23,0
MAPA,53,16,12,24,0
MAPA,53,16,12,25,0
MAPA,53,16,12,26,0
MAPA,53,16,12,27,0
MAPA,53,16,12,28,0
MAPA,53,16,12,29,0
MAPA,53,16,12,30,0
MAPA,53,16,12,31,0
MAPA,53,16,12,32,0
MAPA,53,16,12,33,0
MAPA,53,16,12,34,0
MAPA,53,16,12,35,0
MAPA,53,16,12,36,0
MAPA,53,16,12,37,0
MAPA,53,16,12,38,0
MAPA,53,16,12,39,0
MAPA,53,16,12,40,0
MAPA,53,16,12,41,0
MAPA,53,16,12,42,0
MAPA,53,16,12,43,0
MAPA,53,16,12,44,0
MAPA,53,16,12,45,0
MAPA,53,16,12,46,0
MAPA,53,16,12,47,0
MAPA,53,16,12,48,0
MAPA,53,16,12,49,0
MAPA,53,16,12,50,0
MAPA,53,16,12,51,0
MAPA,53,16,12,52,0
MAPA,53,16,12,53,0
MAPA,53,16,12,54,0
MAPA,53,16,12,55,0
MAPA,53,16,12,56,0
MAPA,53,16,12,57,0
MAPA,14,17,13,1,0
MAPA,14,17,13,2,0
MAPA,14,17,13,3,0
MAPA,14,17,13,4,0
MAPA,14,17,13,5,0
MAPA,14,17,13,6,0
MAPA,14,17,13,7,0
MAPA,14,17,13,8,0
MAPA,14,17,13,9,0
MAPA,14,17,13,10,0
MAPA,14,17,13,11,0
MAPA,14,17,13,12,0
MAPA,14,17,13,13,0.8
MAPA,14,17,13,14,0
MAPA,14,17,13,15,0
MAPA,14,17,13,16,0
MAPA,14,17,13,17,0
MAPA,14,17,13,18,0
MAPA,14,17,13,19,0
MAPA,14,17,13,20,0
MAPA,14,17,13,21,0
MAPA,14,17,13,22,0
MAPA,14,17,13,23,0
MAPA,14,17,13,24,0
MAPA,14,17,13,25,0
MAPA,14,17,13,26,0
MAPA,14,17,13,27,0
MAPA,14,17,13,28,0
MAPA,14,17,13,29,0
MAPA,14,17,13,30,0
MAPA,14,17,13,31,0
MAPA,14,17,13,32,0
MAPA,14,17,13,33,0
MAPA,14,17,13,34,0
MAPA,14,17,13,35,0
MAPA,14,17,13,36,0
MAPA,14,17,13,37,0
MAPA,14,17,13,38,0
MAPA,14,17,13,39,0
MAPA,14,17,13,40,0
MAPA,14,17,13,41,0
MAPA,14,17,13,42,0
MAPA,14,17,13,43,0
MAPA,14,17,13,44,0
MAPA,14,17,13,45,0
MAPA,14,17,13,46,0
MAPA,14,17,13,47,0
MAPA,14,17,13,48,0
MAPA,14,17,13,49,0
MAPA,14,17,13,50,0
MAPA,14,17,13,51,0
MAPA,14,17,13,52,0
MAPA,14,17,13,53,0
MAPA,14,17,13,54,0
MAPA,14,17,13,55,0
MAPA,14,17,13,56,0
MAPA,14,17,13,57,0
MAPA,63,18,13,1,0
MAPA,63,18,13,2,0
MAPA,63,18,13,3,0
MAPA,63,18,13,4,0
MAPA,63,18,13,5,0
MAPA,63,18,13,6,0
MAPA,63,18,13,7,0
MAPA,63,18,13,8,0
MAPA,63,18,13,9,0
MAPA,63,18,13,10,0
MAPA,63,18,13,11,0
MAPA,63,18,13,12,0
MAPA,63,18,13,13,0.2
MAPA,63,18,13,14,0
MAPA,63,18,13,15,0
MAPA,63,18,13,16,0
MAPA,63,18,13,17,0
MAPA,63,18,13,18,0
MAPA,63,18,13,19,0
MAPA,63,18,13,20,0
MAPA,63,18,13,21,0
MAPA,63,18,13,22,0
MAPA,63,18,13,23,0
MAPA,63,18,13,24,0
MAPA,63,18,13,25,0
MAPA,63,18,13,26,0
MAPA,63,18,13,27,0
MAPA,63,18,13,28,0
MAPA,63,18,13,29,0
MAPA,63,18,13,30,0
MAPA,63,18,13,31,0
MAPA,63,18,13,32,0
MAPA,63,18,13,33,0
MAPA,63,18,13,34,0
MAPA,63,18,13,35,0
MAPA,63,18,13,36,0
MAPA,63,18,13,37,0
MAPA,63,18,13,38,0
MAPA,63,18,13,39,0
MAPA,63,18,13,40,0
MAPA,63,18,13,41,0
MAPA,63,18,13,42,0
MAPA,63,18,13,43,0
MAPA,63,18,13,44,0
MAPA,63,18,13,45,0
MAPA,63,18,13,46,0
MAPA,63,18,13,47,0
MAPA,63,18,13,48,0
MAPA,63,18,13,49,0
MAPA,63,18,13,50,0
MAPA,63,18,13,51,0
MAPA,63,18,13,52,0
MAPA,63,18,13,53,0
MAPA,63,18,13,54,0
MAPA,63,18,13,55,0
MAPA,63,18,13,56,0
MAPA,63,18,13,57,0
MAPA,9,19,14,1,0
MAPA,9,19,14,2,0
MAPA,9,19,14,3,0
MAPA,9,19,14,4,0.16666666666666666
MAPA,9,19,14,5,0
MAPA,9,19,14,6,0
MAPA,9,19,14,7,0
MAPA,9,19,14,8,0
MAPA,9,19,14,9,0
MAPA,9,19,14,10,0
MAPA,9,19,14,11,0
MAPA,9,19,14,12,0
MAPA,9,19,14,13,0
MAPA,9,19,14,14,0.3333333333333333
MAPA,9,19,14,15,0
MAPA,9,19,14,16,0
MAPA,9,19,14,17,0
MAPA,9,19,14,18,0
MAPA,9,19,14,19,0
MAPA,9,19,14,20,0
MAPA,9,19,14,21,0
MAPA,9,19,14,22,0
MAPA,9,19,14,23,0
MAPA,9,19,14,24,0
MAPA,9,19,14,25,0
MAPA,9,19,14,26,0
MAPA,9,19,14,27,0
MAPA,9,19,14,28,0
MAPA,9,19,14,29,0
MAPA,9,19,14,30,0
MAPA,9,19,14,31,0
MAPA,9,19,14,32,0
MAPA,9,19,14,33,0
MAPA,9,19,14,34,0
MAPA,9,19,14,35,0
MAPA,9,19,14,36,0
MAPA,9,19,14,37,0
MAPA,9,19,14,38,0
MAPA,9,19,14,39,0
MAPA,9,19,14,40,0
MAPA,9,19,14,41,0
MAPA,9,19,14,42,0
MAPA,9,19,14,43,0
MAPA,9,19,14,44,0
MAPA,9,19,14,45,0
MAPA,9,19,14,46,0
MAPA,9,19,14,47,0
MAPA,9,19,14,48,0
MAPA,9,19,14,49,0
MAPA,9,19,14,50,0
MAPA,9,19,14,51,0
MAPA,9,19,14,52,0
MAPA,9,19,14,53,0
MAPA,9,19,14,54,0
MAPA,9,19,14,55,0
MAPA,9,19,14,56,0
MAPA,9,19,14,57,0
MAPA,67,20,15,1,0
MAPA,67,20,15,2,0
MAPA,67,20,15,3,0
MAPA,67,20,15,4,0
MAPA,67,20,15,5,0
MAPA,67,20,15,6,0
MAPA,67,20,15,7,0
MAPA,67,20,15,8,0
MAPA,67,20,15,9,0
MAPA,67,20,15,10,0
MAPA,67,20,15,11,0
MAPA,67,20,15,12,0
MAPA,67,20,15,13,0
MAPA,67,20,15,14,0
MAPA,67,20,15,15,1
MAPA,67,20,15,16,0
MAPA,67,20,15,17,0
MAPA,67,20,15,18,0
MAPA,67,20,15,19,0
MAPA,67,20,15,20,0
MAPA,67,20,15,21,0
MAPA,67,20,15,22,0
MAPA,67,20,15,23,0
MAPA,67,20,15,24,0
MAPA,67,20,15,25,0
MAPA,67,20,15,26,0
MAPA,67,20,15,27,0
MAPA,67,20,15,28,0
MAPA,67,20,15,29,0
MAPA,67,20,15,30,0
MAPA,67,20,15,31,0
MAPA,67,20,15,32,0
MAPA,67,20,15,33,0
MAPA,67,20,15,34,0
MAPA,67,20,15,35,0
MAPA,67,20,15,36,0
MAPA,67,20,15,37,0
MAPA,67,20,15,38,0
MAPA,67,20,15,39,0
MAPA,67,20,15,40,0
MAPA,67,20,15,41,0
MAPA,67,20,15,42,0
MAPA,67,20,15,43,0
MAPA,67,20,15,44,0
MAPA,67,20,15,45,0
MAPA,67,20,15,46,0
MAPA,67,20,15,47,0
MAPA,67,20,15,48,0
MAPA,67,20,15,49,0
MAPA,67,20,15,50,0
MAPA,67,20,15,51,0
MAPA,67,20,15,52,0
MAPA,67,20,15,53,0
MAPA,67,20,15,54,0
MAPA,67,20,15,55,0
MAPA,67,20,15,56,0
MAPA,67,20,15,57,0
MAPA,55,21,16,1,0
MAPA,55,21,16,2,0
MAPA,55,21,16,3,0
MAPA,55,21,16,4,0
MAPA,55,21,16,5,0
MAPA,55,21,16,6,0
MAPA,55,21,16,7,0
MAPA,55,21,16,8,0
MAPA,55,21,16,9,0
MAPA,55,21,16,10,0
MAPA,55,21,16,11,0
MAPA,55,21,16,12,0
MAPA,55,21,16,13,0
MAPA,55,21,16,14,0
MAPA,55,21,16,15,0
MAPA,55,21,16,16,0.8
MAPA,55,21,16,17,0
MAPA,55,21,16,18,0
MAPA,55,21,16,19,0
MAPA,55,21,16,20,0
MAPA,55,21,16,21,0
MAPA,55,21,16,22,0
MAPA,55,21,16,23,0
MAPA,55,21,16,24,0
MAPA,55,21,16,25,0
MAPA,55,21,16,26,0
MAPA,55,21,16,27,0
MAPA,55,21,16,28,0
MAPA,55,21,16,29,0
MAPA,55,21,16,30,0
MAPA,55,21,16,31,0
MAPA,55,21,16,32,0
MAPA,55,21,16,33,0
MAPA,55,21,16,34,0
MAPA,55,21,16,35,0
MAPA,55,21,16,36,0
MAPA,55,21,16,37,0
MAPA,55,21,16,38,0
MAPA,55,21,16,39,0
MAPA,55,21,16,40,0
MAPA,55,21,16,41,0
MAPA,55,21,16,42,0
MAPA,55,21,16,43,0
MAPA,55,21,16,44,0
MAPA,55,21,16,45,0
MAPA,55,21,16,46,0
MAPA,55,21,16,47,0
MAPA,55,21,16,48,0
MAPA,55,21,16,49,0
MAPA,55,21,16,50,0
MAPA,55,21,16,51,0
MAPA,55,21,16,52,0
MAPA,55,21,16,53,0
MAPA,55,21,16,54,0
MAPA,55,21,16,55,0.1111111111111111
MAPA,55,21,16,56,0
MAPA,55,21,16,57,0
MAPA,12,22,17,1,0
MAPA,12,22,17,2,0
MAPA,12,22,17,3,0
MAPA,12,22,17,4,0
MAPA,12,22,17,5,0
MAPA,12,22,17,6,0
MAPA,12,22,17,7,0
MAPA,12,22,17,8,0
MAPA,12,22,17,9,0
MAPA,12,22,17,10,0
MAPA,12,22,17,11,0
MAPA,12,22,17,12,0
MAPA,12,22,17,13,0
MAPA,12,22,17,14,0
MAPA,12,22,17,15,0
MAPA,12,22,17,16,0
MAPA,12,22,17,17,0.8571428571428571
MAPA,12,22,17,18,0
MAPA,12,22,17,19,0
MAPA,12,22,17,20,0
MAPA,12,22,17,21,0
MAPA,12,22,17,22,0
MAPA,12,22,17,23,0
MAPA,12,22,17,24,0
MAPA,12,22,17,25,0
MAPA,12,22,17,26,0
MAPA,12,22,17,27,0
MAPA,12,22,17,28,0
MAPA,12,22,17,29,0
MAPA,12,22,17,30,0
MAPA,12,22,17,31,0
MAPA,12,22,17,32,0
MAPA,12,22,17,33,0
MAPA,12,22,17,34,0
MAPA,12,22,17,35,0
MAPA,12,22,17,36,0
MAPA,12,22,17,37,0
MAPA,12,22,17,38,0
MAPA,12,22,17,39,0
MAPA,12,22,17,40,0
MAPA,12,22,17,41,0
MAPA,12,22,17,42,0
MAPA,12,22,17,43,0
MAPA,12,22,17,44,0
MAPA,12,22,17,45,0
MAPA,12,22,17,46,0
MAPA,12,22,17,47,0
MAPA,12,22,17,48,0
MAPA,12,22,17,49,0
MAPA,12,22,17,50,0
MAPA,12,22,17,51,0
MAPA,12,22,17,52,0
MAPA,12,22,17,53,0
MAPA,12,22,17,54,0
MAPA,12,22,17,55,0
MAPA,12,22,17,56,0
MAPA,12,22,17,57,0
MAPA,34,23,18,1,0
MAPA,34,23,18,2,0
MAPA,34,23,18,3,0
MAPA,34,23,18,4,0
MAPA,34,23,18,5,0
MAPA,34,23,18,6,0
MAPA,34,23,18,7,0
MAPA,34,23,18,8,0
MAPA,34,23,18,9,0
MAPA,34,23,18,10,0
MAPA,34,23,18,11,0
MAPA,34,23,18,12,0
MAPA,34,23,18,13,0
MAPA,34,23,18,14,0
MAPA,34,23,18,15,0
MAPA,34,23,18,16,0
MAPA,34,23,18,17,0
MAPA,34,23,18,18,0.42857142857142855
MAPA,34,23,18,19,0
MAPA,34,23,18,20,0
MAPA,34,23,18,21,0
MAPA,34,23,18,22,0
MAPA,34,23,18,23,0
MAPA,34,23,18,24,0
MAPA,34,23,18,25,0
MAPA,34,23,18,26,0
MAPA,34,23,18,27,0
MAPA,34,23,18,28,0
MAPA,34,23,18,29,0
MAPA,34,23,18,30,0.21428571428571427
MAPA,34,23,18,31,0
MAPA,34,23,18,32,0
MAPA,34,23,18,33,0
MAPA,34,23,18,34,0
MAPA,34,23,18,35,0
MAPA,34,23,18,36,0
MAPA,34,23,18,37,0
MAPA,34,23,18,38,0
MAPA,34,23,18,39,0
MAPA,34,23,18,40,0
MAPA,34,23,18,41,0
MAPA,34,23,18,42,0
MAPA,34,23,18,43,0
MAPA,34,23,18,44,0
MAPA,34,23,18,45,0
MAPA,34,23,18,46,0
MAPA,34,23,18,47,0
MAPA,34,23,18,48,0
MAPA,34,23,18,49,0
MAPA,34,23,18,50,0
MAPA,34,23,18,51,0
MAPA,34,23,18,52,0
MAPA,34,23,18,53,0
MAPA,34,23,18,54,0
MAPA,34,23,18,55,0
MAPA,34,23,18,56,0
MAPA,34,23,18,57,0.26666666666666666
MAPA,17,24,20,1,0
MAPA,17,24,20,2,0
MAPA,17,24,20,3,0
MAPA,17,24,20,4,0
MAPA,17,24,20,5,0
MAPA,17,24,20,6,0.15384615384615385
MAPA,17,24,20,7,0
MAPA,17,24,20,8,0
MAPA,17,24,20,9,0
MAPA,17,24,20,10,0
MAPA,17,24,20,11,0
MAPA,17,24,20,12,0
MAPA,17,24,20,13,0
MAPA,17,24,20,14,0
MAPA,17,24,20,15,0
MAPA,17,24,20,16,0
MAPA,17,24,20,17,0
MAPA,17,24,20,18,0
MAPA,17,24,20,19,0
MAPA,17,24,20,20,0.5
MAPA,17,24,20,21,0
MAPA,17,24,20,22,0
MAPA,17,24,20,23,0
MAPA,17,24,20,24,0
MAPA,17,24,20,25,0.07692307692307693
MAPA,17,24,20,26,0
MAPA,17,24,20,27,0
MAPA,17,24,20,28,0
MAPA,17,24,20,29,0
MAPA,17,24,20,30,0
MAPA,17,24,20,31,0
MAPA,17,24,20,32,0
MAPA,17,24,20,33,0
MAPA,17,24,20,34,0
MAPA,17,24,20,35,0
MAPA,17,24,20,36,0
MAPA,17,24,20,37,0
MAPA,17,24,20,38,0
MAPA,17,24,20,39,0
MAPA,17,24,20,40,0
MAPA,17,24,20,41,0
MAPA,17,24,20,42,0
MAPA,17,24,20,43,0
MAPA,17,24,20,44,0
MAPA,17,24,20,45,0
MAPA,17,24,20,46,0
MAPA,17,24,20,47,0
MAPA,17,24,20,48,0
MAPA,17,24,20,49,0
MAPA,17,24,20,50,0
MAPA,17,24,20,51,0
MAPA,17,24,20,52,0
MAPA,17,24,20,53,0
MAPA,17,24,20,54,0
MAPA,17,24,20,55,0
MAPA,17,24,20,56,0
MAPA,17,24,20,57,0
MAPA,75,25,20,1,0
MAPA,75,25,20,2,0
MAPA,75,25,20,3,0
MAPA,75,25,20,4,0
MAPA,75,25,20,5,0
MAPA,75,25,20,6,0
MAPA,75,25,20,7,0
MAPA,75,25,20,8,0
MAPA,75,25,20,9,0
MAPA,75,25,20,10,0
MAPA,75,25,20,11,0
MAPA,75,25,20,12,0
MAPA,75,25,20,13,0
MAPA,75,25,20,14,0
MAPA,75,25,20,15,0
MAPA,75,25,20,16,0
MAPA,75,25,20,17,0
MAPA,75,25,20,18,0
MAPA,75,25,20,19,0
MAPA,75,25,20,20,0.2
MAPA,75,25,20,21,0
MAPA,75,25,20,22,0
MAPA,75,25,20,23,0
MAPA,75,25,20,24,0
MAPA,75,25,20,25,0
MAPA,75,25,20,26,0
MAPA,75,25,20,27,0
MAPA,75,25,20,28,0
MAPA,75,25,20,29,0
MAPA,75,25,20,30,0
MAPA,75,25,20,31,0
MAPA,75,25,20,32,0
MAPA,75,25,20,33,0
MAPA,75,25,20,34,0
MAPA,75,25,20,35,0
MAPA,75,25,20,36,0
MAPA,75,25,20,37,0
MAPA,75,25,20,38,0
MAPA,75,25,20,39,0
MAPA,75,25,20,40,0
MAPA,75,25,20,41,0
MAPA,75,25,20,42,0
MAPA,75,25,20,43,0
MAPA,75,25,20,44,0
MAPA,75,25,20,45,0
MAPA,75,25,20,46,0
MAPA,75,25,20,47,0
MAPA,75,25,20,48,0
MAPA,75,25,20,49,0
MAPA,75,25,20,50,0
MAPA,75,25,20,51,0
MAPA,75,25,20,52,0
MAPA,75,25,20,53,0
MAPA,75,25,20,54,0
MAPA,75,25,20,55,0
MAPA,75,25,20,56,0
MAPA,75,25,20,57,0
MAPA,40,26,21,1,0
MAPA,40,26,21,2,0
MAPA,40,26,21,3,0
MAPA,40,26,21,4,0
MAPA,40,26,21,5,0
MAPA,40,26,21,6,0
MAPA,40,26,21,7,0
MAPA,40,26,21,8,0
MAPA,40,26,21,9,0
MAPA,40,26,21,10,0
MAPA,40,26,21,11,0
MAPA,40,26,21,12,0
MAPA,40,26,21,13,0
MAPA,40,26,21,14,0
MAPA,40,26,21,15,0
MAPA,40,26,21,16,0
MAPA,40,26,21,17,0
MAPA,40,26,21,18,0
MAPA,40,26,21,19,0
MAPA,40,26,21,20,0
MAPA,40,26,21,21,0.6
MAPA,40,26,21,22,0
MAPA,40,26,21,23,0
MAPA,40,26,21,24,0
MAPA,40,26,21,25,0
MAPA,40,26,21,26,0
MAPA,40,26,21,27,0
MAPA,40,26,21,28,0
MAPA,40,26,21,29,0
MAPA,40,26,21,30,0
MAPA,40,26,21,31,0
MAPA,40,26,21,32,0
MAPA,40,26,21,33,0
MAPA,40,26,21,34,0
MAPA,40,26,21,35,0
MAPA,40,26,21,36,0
MAPA,40,26,21,37,0
MAPA,40,26,21,38,0
MAPA,40,26,21,39,0
MAPA,40,26,21,40,0
MAPA,40,26,21,41,0
MAPA,40,26,21,42,0
MAPA,40,26,21,43,0
MAPA,40,26,21,44,0
MAPA,40,26,21,45,0
MAPA,40,26,21,46,0
MAPA,40,26,21,47,0
MAPA,40,26,21,48,0
MAPA,40,26,21,49,0
MAPA,40,26,21,50,0
MAPA,40,26,21,51,0
MAPA,40,26,21,52,0
MAPA,40,26,21,53,0
MAPA,40,26,21,54,0
MAPA,40,26,21,55,0
MAPA,40,26,21,56,0
MAPA,40,26,21,57,0
MAPA,73,27,21,1,0
MAPA,73,27,21,2,0
MAPA,73,27,21,3,0
MAPA,73,27,21,4,0
MAPA,73,27,21,5,0
MAPA,73,27,21,6,0
MAPA,73,27,21,7,0
MAPA,73,27,21,8,0.16666666666666666
MAPA,73,27,21,9,0
MAPA,73,27,21,10,0
MAPA,73,27,21,11,0
MAPA,73,27,21,12,0
MAPA,73,27,21,13,0
MAPA,73,27,21,14,0
MAPA,73,27,21,15,0
MAPA,73,27,21,16,0
MAPA,73,27,21,17,0
MAPA,73,27,21,18,0
MAPA,73,27,21,19,0
MAPA,73,27,21,20,0
MAPA,73,27,21,21,0.3333333333333333
MAPA,73,27,21,22,0
MAPA,73,27,21,23,0
MAPA,73,27,21,24,0
MAPA,73,27,21,25,0
MAPA,73,27,21,26,0
MAPA,73,27,21,27,0
MAPA,73,27,21,28,0
MAPA,73,27,21,29,0
MAPA,73,27,21,30,0
MAPA,73,27,21,31,0
MAPA,73,27,21,32,0
MAPA,73,27,21,33,0
MAPA,73,27,21,34,0
MAPA,73,27,21,35,0
MAPA,73,27,21,36,0
MAPA,73,27,21,37,0
MAPA,73,27,21,38,0
MAPA,73,27,21,39,0
MAPA,73,27,21,40,0
MAPA,73,27,21,41,0
MAPA,73,27,21,42,0
MAPA,73,27,21,43,0
MAPA,73,27,21,44,0
MAPA,73,27,21,45,0
MAPA,73,27,21,46,0
MAPA,73,27,21,47,0
MAPA,73,27,21,48,0
MAPA,73,27,21,49,0
MAPA,73,27,21,50,0
MAPA,73,27,21,51,0
MAPA,73,27,21,52,0
MAPA,73,27,21,53,0
MAPA,73,27,21,54,0
MAPA,73,27,21,55,0
MAPA,73,27,21,56,0
MAPA,73,27,21,57,0
MAPA,18,28,22,1,0
MAPA,18,28,22,2,0
MAPA,18,28,22,3,0
MAPA,18,28,22,4,0
MAPA,18,28,22,5,0
MAPA,18,28,22,6,0
MAPA,18,28,22,7,0
MAPA,18,28,22,8,0
MAPA,18,28,22,9,0
MAPA,18,28,22,10,0
MAPA,18,28,22,11,0
MAPA,18,28,22,12,0
MAPA,18,28,22,13,0
MAPA,18,28,22,14,0
MAPA,18,28,22,15,0
MAPA,18,28,22,16,0
MAPA,18,28,22,17,0
MAPA,18,28,22,18,0
MAPA,18,28,22,19,0
MAPA,18,28,22,20,0
MAPA,18,28,22,21,0
MAPA,18,28,22,22,1
MAPA,18,28,22,23,0
MAPA,18,28,22,24,0
MAPA,18,28,22,25,0
MAPA,18,28,22,26,0
MAPA,18,28,22,27,0
MAPA,18,28,22,28,0
MAPA,18,28,22,29,0
MAPA,18,28,22,30,0
MAPA,18,28,22,31,0
MAPA,18,28,22,32,0
MAPA,18,28,22,33,0
MAPA,18,28,22,34,0
MAPA,18,28,22,35,0
MAPA,18,28,22,36,0
MAPA,18,28,22,37,0
MAPA,18,28,22,38,0
MAPA,18,28,22,39,0
MAPA,18,28,22,40,0
MAPA,18,28,22,41,0
MAPA,18,28,22,42,0
MAPA,18,28,22,43,0
MAPA,18,28,22,44,0
MAPA,18,28,22,45,0
MAPA,18,28,22,46,0
MAPA,18,28,22,47,0
MAPA,18,28,22,48,0
MAPA,18,28,22,49,0
MAPA,18,28,22,50,0
MAPA,18,28,22,51,0
MAPA,18,28,22,52,0
MAPA,18,28,22,53,0
MAPA,18,28,22,54,0
MAPA,18,28,22,55,0
MAPA,18,28,22,56,0
MAPA,18,28,22,57,0
MAPA,16,29,23,1,0
MAPA,16,29,23,2,0
MAPA,16,29,23,3,0
MAPA,16,29,23,4,0
MAPA,16,29,23,5,0
MAPA,16,29,23,6,0
MAPA,16,29,23,7,0
MAPA,16,29,23,8,0
MAPA,16,29,23,9,0
MAPA,16,29,23,10,0
MAPA,16,29,23,11,0
MAPA,16,29,23,12,0
MAPA,16,29,23,13,0
MAPA,16,29,23,14,0
MAPA,16,29,23,15,0
MAPA,16,29,23,16,0
MAPA,16,29,23,17,0
MAPA,16,29,23,18,0
MAPA,16,29,23,19,0
MAPA,16,29,23,20,0
MAPA,16,29,23,21,0
MAPA,16,29,23,22,0
MAPA,16,29,23,23,1
MAPA,16,29,23,24,0
MAPA,16,29,23,25,0
MAPA,16,29,23,26,0
MAPA,16,29,23,27,0
MAPA,16,29,23,28,0
MAPA,16,29,23,29,0
MAPA,16,29,23,30,0
MAPA,16,29,23,31,0
MAPA,16,29,23,32,0
MAPA,16,29,23,33,0
MAPA,16,29,23,34,0
MAPA,16,29,23,35,0
MAPA,16,29,23,36,0
MAPA,16,29,23,37,0
MAPA,16,29,23,38,0
MAPA,16,29,23,39,0
MAPA,16,29,23,40,0
MAPA,16,29,23,41,0
MAPA,16,29,23,42,0
MAPA,16,29,23,43,0
MAPA,16,29,23,44,0
MAPA,16,29,23,45,0
MAPA,16,29,23,46,0
MAPA,16,29,23,47,0
MAPA,16,29,23,48,0
MAPA,16,29,23,49,0
MAPA,16,29,23,50,0
MAPA,16,29,23,51,0
MAPA,16,29,23,52,0
MAPA,16,29,23,53,0
MAPA,16,29,23,54,0
MAPA,16,29,23,55,0
MAPA,16,29,23,56,0
MAPA,16,29,23,57,0
MAPA,6,30,24,1,0
MAPA,6,30,24,2,0
MAPA,6,30,24,3,0
MAPA,6,30,24,4,0
MAPA,6,30,24,5,0
MAPA,6,30,24,6,0
MAPA,6,30,24,7,0
MAPA,6,30,24,8,0
MAPA,6,30,24,9,0
MAPA,6,30,24,10,0
MAPA,6,30,24,11,0
MAPA,6,30,24,12,0
MAPA,6,30,24,13,0
MAPA,6,30,24,14,0
MAPA,6,30,24,15,0
MAPA,6,30,24,16,0
MAPA,6,30,24,17,0
MAPA,6,30,24,18,0
MAPA,6,30,24,19,0
MAPA,6,30,24,20,0
MAPA,6,30,24,21,0
MAPA,6,30,24,22,0
MAPA,6,30,24,23,0
MAPA,6,30,24,24,0.875
MAPA,6,30,24,25,0
MAPA,6,30,24,26,0
MAPA,6,30,24,27,0
MAPA,6,30,24,28,0
MAPA,6,30,24,29,0
MAPA,6,30,24,30,0
MAPA,6,30,24,31,0
MAPA,6,30,24,32,0
MAPA,6,30,24,33,0
MAPA,6,30,24,34,0
MAPA,6,30,24,35,0
MAPA,6,30,24,36,0
MAPA,6,30,24,37,0
MAPA,6,30,24,38,0
MAPA,6,30,24,39,0
MAPA,6,30,24,40,0
MAPA,6,30,24,41,0
MAPA,6,30,24,42,0
MAPA,6,30,24,43,0
MAPA,6,30,24,44,0
MAPA,6,30,24,45,0
MAPA,6,30,24,46,0
MAPA,6,30,24,47,0
MAPA,6,30,24,48,0
MAPA,6,30,24,49,0
MAPA,6,30,24,50,0
MAPA,6,30,24,51,0
MAPA,6,30,24,52,0
MAPA,6,30,24,53,0
MAPA,6,30,24,54,0
MAPA,6,30,24,55,0
MAPA,6,30,24,56,0
MAPA,6,30,24,57,0
MAPA,8,31,25,1,0
MAPA,8,31,25,2,0
MAPA,8,31,25,3,0
MAPA,8,31,25,4,0
MAPA,8,31,25,5,0
MAPA,8,31,25,6,0
MAPA,8,31,25,7,0
MAPA,8,31,25,8,0
MAPA,8,31,25,9,0
MAPA,8,31,25,10,0
MAPA,8,31,25,11,0
MAPA,8,31,25,12,0
MAPA,8,31,25,13,0
MAPA,8,31,25,14,0
MAPA,8,31,25,15,0
MAPA,8,31,25,16,0
MAPA,8,31,25,17,0
MAPA,8,31,25,18,0
MAPA,8,31,25,19,0
MAPA,8,31,25,20,0
MAPA,8,31,25,21,0
MAPA,8,31,25,22,0
MAPA,8,31,25,23,0
MAPA,8,31,25,24,0
MAPA,8,31,25,25,0.25
MAPA,8,31,25,26,0.16666666666666666
MAPA,8,31,25,27,0
MAPA,8,31,25,28,0
MAPA,8,31,25,29,0
MAPA,8,31,25,30,0
MAPA,8,31,25,31,0
MAPA,8,31,25,32,0
MAPA,8,31,25,33,0
MAPA,8,31,25,34,0
MAPA,8,31,25,35,0
MAPA,8,31,25,36,0
MAPA,8,31,25,37,0
MAPA,8,31,25,38,0
MAPA,8,31,25,39,0
MAPA,8,31,25,40,0
MAPA,8,31,25,41,0
MAPA,8,31,25,42,0
MAPA,8,31,25,43,0
MAPA,8,31,25,44,0
MAPA,8,31,25,45,0
MAPA,8,31,25,46,0
MAPA,8,31,25,47,0
MAPA,8,31,25,48,0
MAPA,8,31,25,49,0
MAPA,8,31,25,50,0
MAPA,8,31,25,51,0
MAPA,8,31,25,52,0
MAPA,8,31,25,53,0
MAPA,8,31,25,54,0
MAPA,8,31,25,55,0
MAPA,8,31,25,56,0
MAPA,8,31,25,57,0
MAPA,50,32,25,1,0
MAPA,50,32,25,2,0
MAPA,50,32,25,3,0
MAPA,50,32,25,4,0
MAPA,50,32,25,5,0
MAPA,50,32,25,6,0
MAPA,50,32,25,7,0
MAPA,50,32,25,8,0
MAPA,50,32,25,9,0
MAPA,50,32,25,10,0
MAPA,50,32,25,11,0
MAPA,50,32,25,12,0
MAPA,50,32,25,13,0
MAPA,50,32,25,14,0
MAPA,50,32,25,15,0
MAPA,50,32,25,16,0
MAPA,50,32,25,17,0
MAPA,50,32,25,18,0
MAPA,50,32,25,19,0
MAPA,50,32,25,20,0
MAPA,50,32,25,21,0
MAPA,50,32,25,22,0
MAPA,50,32,25,23,0
MAPA,50,32,25,24,0
MAPA,50,32,25,25,0.25
MAPA,50,32,25,26,0
MAPA,50,32,25,27,0
MAPA,50,32,25,28,0
MAPA,50,32,25,29,0
MAPA,50,32,25,30,0
MAPA,50,32,25,31,0
MAPA,50,32,25,32,0
MAPA,50,32,25,33,0
MAPA,50,32,25,34,0
MAPA,50,32,25,35,0
MAPA,50,32,25,36,0
MAPA,50,32,25,37,0
MAPA,50,32,25,38,0
MAPA,50,32,25,39,0
MAPA,50,32,25,40,0
MAPA,50,32,25,41,0
MAPA,50,32,25,42,0.16666666666666666
MAPA,50,32,25,43,0
MAPA,50,32,25,44,0
MAPA,50,32,25,45,0
MAPA,50,32,25,46,0
MAPA,50,32,25,47,0
MAPA,50,32,25,48,0
MAPA,50,32,25,49,0
MAPA,50,32,25,50,0
MAPA,50,32,25,51,0
MAPA,50,32,25,52,0
MAPA,50,32,25,53,0
MAPA,50,32,25,54,0
MAPA,50,32,25,55,0
MAPA,50,32,25,56,0
MAPA,50,32,25,57,0
MAPA,3,33,26,1,0
MAPA,3,33,26,2,0
MAPA,3,33,26,3,0
MAPA,3,33,26,4,0
MAPA,3,33,26,5,0
MAPA,3,33,26,6,0
MAPA,3,33,26,7,0
MAPA,3,33,26,8,0
MAPA,3,33,26,9,0
MAPA,3,33,26,10,0
MAPA,3,33,26,11,0
MAPA,3,33,26,12,0
MAPA,3,33,26,13,0
MAPA,3,33,26,14,0
MAPA,3,33,26,15,0
MAPA,3,33,26,16,0
MAPA,3,33,26,17,0.125
MAPA,3,33,26,18,0
MAPA,3,33,26,19,0
MAPA,3,33,26,20,0
MAPA,3,33,26,21,0
MAPA,3,33,26,22,0
MAPA,3,33,26,23,0
MAPA,3,33,26,24,0
MAPA,3,33,26,25,0
MAPA,3,33,26,26,0.2
MAPA,3,33,26,27,0
MAPA,3,33,26,28,0
MAPA,3,33,26,29,0
MAPA,3,33,26,30,0
MAPA,3,33,26,31,0
MAPA,3,33,26,32,0
MAPA,3,33,26,33,0
MAPA,3,33,26,34,0
MAPA,3,33,26,35,0
MAPA,3,33,26,36,0
MAPA,3,33,26,37,0
MAPA,3,33,26,38,0
MAPA,3,33,26,39,0
MAPA,3,33,26,40,0
MAPA,3,33,26,41,0
MAPA,3,33,26,42,0
MAPA,3,33,26,43,0
MAPA,3,33,26,44,0
MAPA,3,33,26,45,0
MAPA,3,33,26,46,0
MAPA,3,33,26,47,0
MAPA,3,33,26,48,0
MAPA,3,33,26,49,0
MAPA,3,33,26,50,0
MAPA,3,33,26,51,0
MAPA,3,33,26,52,0
MAPA,3,33,26,53,0
MAPA,3,33,26,54,0
MAPA,3,33,26,55,0
MAPA,3,33,26,56,0
MAPA,3,33,26,57,0
MAPA,13,34,27,1,0
MAPA,13,34,27,2,0
MAPA,13,34,27,3,0
MAPA,13,34,27,4,0
MAPA,13,34,27,5,0
MAPA,13,34,27,6,0
MAPA,13,34,27,7,0
MAPA,13,34,27,8,0
MAPA,13,34,27,9,0
MAPA,13,34,27,10,0
MAPA,13,34,27,11,0
MAPA,13,34,27,12,0
MAPA,13,34,27,13,0
MAPA,13,34,27,14,0
MAPA,13,34,27,15,0
MAPA,13,34,27,16,0
MAPA,13,34,27,17,0
MAPA,13,34,27,18,0
MAPA,13,34,27,19,0
MAPA,13,34,27,20,0
MAPA,13,34,27,21,0
MAPA,13,34,27,22,0
MAPA,13,34,27,23,0
MAPA,13,34,27,24,0
MAPA,13,34,27,25,0
MAPA,13,34,27,26,0
MAPA,13,34,27,27,0.4
MAPA,13,34,27,28,0
MAPA,13,34,27,29,0
MAPA,13,34,27,30,0
MAPA,13,34,27,31,0
MAPA,13,34,27,32,0
MAPA,13,34,27,33,0
MAPA,13,34,27,34,0
MAPA,13,34,27,35,0
MAPA,13,34,27,36,0
MAPA,13,34,27,37,0
MAPA,13,34,27,38,0
MAPA,13,34,27,39,0
MAPA,13,34,27,40,0
MAPA,13,34,27,41,0
MAPA,13,34,27,42,0
MAPA,13,34,27,43,0
MAPA,13,34,27,44,0
MAPA,13,34,27,45,0
MAPA,13,34,27,46,0
MAPA,13,34,27,47,0
MAPA,13,34,27,48,0
MAPA,13,34,27,49,0
MAPA,13,34,27,50,0
MAPA,13,34,27,51,0
MAPA,13,34,27,52,0
MAPA,13,34,27,53,0
MAPA,13,34,27,54,0
MAPA,13,34,27,55,0
MAPA,13,34,27,56,0
MAPA,13,34,27,57,0
MAPA,19,35,27,1,0
MAPA,19,35,27,2,0
MAPA,19,35,27,3,0
MAPA,19,35,27,4,0
MAPA,19,35,27,5,0
MAPA,19,35,27,6,0
MAPA,19,35,27,7,0
MAPA,19,35,27,8,0
MAPA,19,35,27,9,0
MAPA,19,35,27,10,0
MAPA,19,35,27,11,0
MAPA,19,35,27,12,0
MAPA,19,35,27,13,0
MAPA,19,35,27,14,0
MAPA,19,35,27,15,0
MAPA,19,35,27,16,0
MAPA,19,35,27,17,0
MAPA,19,35,27,18,0
MAPA,19,35,27,19,0
MAPA,19,35,27,20,0
MAPA,19,35,27,21,0
MAPA,19,35,27,22,0
MAPA,19,35,27,23,0
MAPA,19,35,27,24,0
MAPA,19,35,27,25,0
MAPA,19,35,27,26,0
MAPA,19,35,27,27,0.4
MAPA,19,35,27,28,0
MAPA,19,35,27,29,0
MAPA,19,35,27,30,0
MAPA,19,35,27,31,0
MAPA,19,35,27,32,0
MAPA,19,35,27,33,0
MAPA,19,35,27,34,0
MAPA,19,35,27,35,0
MAPA,19,35,27,36,0
MAPA,19,35,27,37,0
MAPA,19,35,27,38,0
MAPA,19,35,27,39,0
MAPA,19,35,27,40,0
MAPA,19,35,27,41,0
MAPA,19,35,27,42,0
MAPA,19,35,27,43,0
MAPA,19,35,27,44,0
MAPA,19,35,27,45,0
MAPA,19,35,27,46,0
MAPA,19,35,27,47,0
MAPA,19,35,27,48,0
MAPA,19,35,27,49,0
MAPA,19,35,27,50,0
MAPA,19,35,27,51,0
MAPA,19,35,27,52,0
MAPA,19,35,27,53,0
MAPA,19,35,27,54,0
MAPA,19,35,27,55,0
MAPA,19,35,27,56,0
MAPA,19,35,27,57,0
MAPA,66,36,28,1,0
MAPA,66,36,28,2,0
MAPA,66,36,28,3,0
MAPA,66,36,28,4,0
MAPA,66,36,28,5,0
MAPA,66,36,28,6,0
MAPA,66,36,28,7,0
MAPA,66,36,28,8,0
MAPA,66,36,28,9,0
MAPA,66,36,28,10,0
MAPA,66,36,28,11,0
MAPA,66,36,28,12,0
MAPA,66,36,28,13,0
MAPA,66,36,28,14,0
MAPA,66,36,28,15,0
MAPA,66,36,28,16,0
MAPA,66,36,28,17,0
MAPA,66,36,28,18,0
MAPA,66,36,28,19,0
MAPA,66,36,28,20,0
MAPA,66,36,28,21,0
MAPA,66,36,28,22,0
MAPA,66,36,28,23,0
MAPA,66,36,28,24,0
MAPA,66,36,28,25,0
MAPA,66,36,28,26,0
MAPA,66,36,28,27,0
MAPA,66,36,28,28,0.42857142857142855
MAPA,66,36,28,29,0
MAPA,66,36,28,30,0
MAPA,66,36,28,31,0
MAPA,66,36,28,32,0
MAPA,66,36,28,33,0
MAPA,66,36,28,34,0
MAPA,66,36,28,35,0
MAPA,66,36,28,36,0
MAPA,66,36,28,37,0
MAPA,66,36,28,38,0
MAPA,66,36,28,39,0
MAPA,66,36,28,40,0
MAPA,66,36,28,41,0
MAPA,66,36,28,42,0
MAPA,66,36,28,43,0
MAPA,66,36,28,44,0
MAPA,66,36,28,45,0
MAPA,66,36,28,46,0
MAPA,66,36,28,47,0
MAPA,66,36,28,48,0
MAPA,66,36,28,49,0
MAPA,66,36,28,50,0
MAPA,66,36,28,51,0
MAPA,66,36,28,52,0
MAPA,66,36,28,53,0
MAPA,66,36,28,54,0
MAPA,66,36,28,55,0.25
MAPA,66,36,28,56,0
MAPA,66,36,28,57,0
MAPA,68,37,28,1,0
MAPA,68,37,28,2,0
MAPA,68,37,28,3,0
MAPA,68,37,28,4,0
MAPA,68,37,28,5,0
MAPA,68,37,28,6,0
MAPA,68,37,28,7,0
MAPA,68,37,28,8,0
MAPA,68,37,28,9,0
MAPA,68,37,28,10,0
MAPA,68,37,28,11,0
MAPA,68,37,28,12,0
MAPA,68,37,28,13,0
MAPA,68,37,28,14,0
MAPA,68,37,28,15,0
MAPA,68,37,28,16,0
MAPA,68,37,28,17,0
MAPA,68,37,28,18,0
MAPA,68,37,28,19,0
MAPA,68,37,28,20,0
MAPA,68,37,28,21,0
MAPA,68,37,28,22,0
MAPA,68,37,28,23,0
MAPA,68,37,28,24,0
MAPA,68,37,28,25,0
MAPA,68,37,28,26,0
MAPA,68,37,28,27,0
MAPA,68,37,28,28,0.2
MAPA,68,37,28,29,0
MAPA,68,37,28,30,0
MAPA,68,37,28,31,0
MAPA,68,37,28,32,0
MAPA,68,37,28,33,0
MAPA,68,37,28,34,0
MAPA,68,37,28,35,0
MAPA,68,37,28,36,0
MAPA,68,37,28,37,0
MAPA,68,37,28,38,0
MAPA,68,37,28,39,0
MAPA,68,37,28,40,0
MAPA,68,37,28,41,0
MAPA,68,37,28,42,0
MAPA,68,37,28,43,0
MAPA,68,37,28,44,0
MAPA,68,37,28,45,0
MAPA,68,37,28,46,0
MAPA,68,37,28,47,0
MAPA,68,37,28,48,0
MAPA,68,37,28,49,0
MAPA,68,37,28,50,0
MAPA,68,37,28,51,0
MAPA,68,37,28,52,0
MAPA,68,37,28,53,0
MAPA,68,37,28,54,0
MAPA,68,37,28,55,0
MAPA,68,37,28,56,0
MAPA,68,37,28,57,0
MAPA,44,38,29,1,0
MAPA,44,38,29,2,0
MAPA,44,38,29,3,0
MAPA,44,38,29,4,0
MAPA,44,38,29,5,0
MAPA,44,38,29,6,0
MAPA,44,38,29,7,0
MAPA,44,38,29,8,0
MAPA,44,38,29,9,0
MAPA,44,38,29,10,0
MAPA,44,38,29,11,0
MAPA,44,38,29,12,0
MAPA,44,38,29,13,0
MAPA,44,38,29,14,0
MAPA,44,38,29,15,0
MAPA,44,38,29,16,0
MAPA,44,38,29,17,0
MAPA,44,38,29,18,0
MAPA,44,38,29,19,0
MAPA,44,38,29,20,0
MAPA,44,38,29,21,0
MAPA,44,38,29,22,0
MAPA,44,38,29,23,0
MAPA,44,38,29,24,0
MAPA,44,38,29,25,0
MAPA,44,38,29,26,0
MAPA,44,38,29,27,0
MAPA,44,38,29,28,0
MAPA,44,38,29,29,1
MAPA,44,38,29,30,0
MAPA,44,38,29,31,0
MAPA,44,38,29,32,0
MAPA,44,38,29,33,0
MAPA,44,38,29,34,0
MAPA,44,38,29,35,0
MAPA,44,38,29,36,0
MAPA,44,38,29,37,0
MAPA,44,38,29,38,0
MAPA,44,38,29,39,0
MAPA,44,38,29,40,0
MAPA,44,38,29,41,0
MAPA,44,38,29,42,0
MAPA,44,38,29,43,0
MAPA,44,38,29,44,0
MAPA,44,38,29,45,0
MAPA,44,38,29,46,0
MAPA,44,38,29,47,0
MAPA,44,38,29,48,0
MAPA,44,38,29,49,0
MAPA,44,38,29,50,0
MAPA,44,38,29,51,0
MAPA,44,38,29,52,0
MAPA,44,38,29,53,0
MAPA,44,38,29,54,0
MAPA,44,38,29,55,0
MAPA,44,38,29,56,0
MAPA,44,38,29,57,0
MAPA,5,39,31,1,0
MAPA,5,39,31,2,0
MAPA,5,39,31,3,0
MAPA,5,39,31,4,0
MAPA,5,39,31,5,0
MAPA,5,39,31,6,0
MAPA,5,39,31,7,0
MAPA,5,39,31,8,0
MAPA,5,39,31,9,0
MAPA,5,39,31,10,0
MAPA,5,39,31,11,0
MAPA,5,39,31,12,0
MAPA,5,39,31,13,0
MAPA,5,39,31,14,0
MAPA,5,39,31,15,0
MAPA,5,39,31,16,0
MAPA,5,39,31,17,0
MAPA,5,39,31,18,0
MAPA,5,39,31,19,0
MAPA,5,39,31,20,0
MAPA,5,39,31,21,0
MAPA,5,39,31,22,0
MAPA,5,39,31,23,0
MAPA,5,39,31,24,0
MAPA,5,39,31,25,0
MAPA,5,39,31,26,0
MAPA,5,39,31,27,0
MAPA,5,39,31,28,0
MAPA,5,39,31,29,0
MAPA,5,39,31,30,0
MAPA,5,39,31,31,0.16666666666666666
MAPA,5,39,31,32,0
MAPA,5,39,31,33,0
MAPA,5,39,31,34,0
MAPA,5,39,31,35,0
MAPA,5,39,31,36,0
MAPA,5,39,31,37,0
MAPA,5,39,31,38,0
MAPA,5,39,31,39,0
MAPA,5,39,31,40,0
MAPA,5,39,31,41,0
MAPA,5,39,31,42,0
MAPA,5,39,31,43,0
MAPA,5,39,31,44,0
MAPA,5,39,31,45,0
MAPA,5,39,31,46,0
MAPA,5,39,31,47,0
MAPA,5,39,31,48,0
MAPA,5,39,31,49,0
MAPA,5,39,31,50,0
MAPA,5,39,31,51,0
MAPA,5,39,31,52,0
MAPA,5,39,31,53,0
MAPA,5,39,31,54,0
MAPA,5,39,31,55,0
MAPA,5,39,31,56,0
MAPA,5,39,31,57,0
MAPA,25,40,31,1,0
MAPA,25,40,31,2,0
MAPA,25,40,31,3,0
MAPA,25,40,31,4,0
MAPA,25,40,31,5,0
MAPA,25,40,31,6,0
MAPA,25,40,31,7,0
MAPA,25,40,31,8,0
MAPA,25,40,31,9,0
MAPA,25,40,31,10,0
MAPA,25,40,31,11,0
MAPA,25,40,31,12,0
MAPA,25,40,31,13,0
MAPA,25,40,31,14,0
MAPA,25,40,31,15,0
MAPA,25,40,31,16,0
MAPA,25,40,31,17,0
MAPA,25,40,31,18,0
MAPA,25,40,31,19,0
MAPA,25,40,31,20,0
MAPA,25,40,31,21,0
MAPA,25,40,31,22,0
MAPA,25,40,31,23,0
MAPA,25,40,31,24,0
MAPA,25,40,31,25,0
MAPA,25,40,31,26,0
MAPA,25,40,31,27,0
MAPA,25,40,31,28,0
MAPA,25,40,31,29,0
MAPA,25,40,31,30,0
MAPA,25,40,31,31,0.6666666666666666
MAPA,25,40,31,32,0
MAPA,25,40,31,33,0
MAPA,25,40,31,34,0
MAPA,25,40,31,35,0
MAPA,25,40,31,36,0
MAPA,25,40,31,37,0
MAPA,25,40,31,38,0
MAPA,25,40,31,39,0
MAPA,25,40,31,40,0
MAPA,25,40,31,41,0
MAPA,25,40,31,42,0
MAPA,25,40,31,43,0
MAPA,25,40,31,44,0
MAPA,25,40,31,45,0
MAPA,25,40,31,46,0
MAPA,25,40,31,47,0
MAPA,25,40,31,48,0
MAPA,25,40,31,49,0
MAPA,25,40,31,50,0
MAPA,25,40,31,51,0
MAPA,25,40,31,52,0
MAPA,25,40,31,53,0
MAPA,25,40,31,54,0
MAPA,25,40,31,55,0
MAPA,25,40,31,56,0
MAPA,25,40,31,57,0
MAPA,71,41,31,1,0
MAPA,71,41,31,2,0
MAPA,71,41,31,3,0
MAPA,71,41,31,4,0
MAPA,71,41,31,5,0
MAPA,71,41,31,6,0
MAPA,71,41,31,7,0
MAPA,71,41,31,8,0
MAPA,71,41,31,9,0
MAPA,71,41,31,10,0
MAPA,71,41,31,11,0
MAPA,71,41,31,12,0
MAPA,71,41,31,13,0
MAPA,71,41,31,14,0
MAPA,71,41,31,15,0
MAPA,71,41,31,16,0
MAPA,71,41,31,17,0
MAPA,71,41,31,18,0
MAPA,71,41,31,19,0
MAPA,71,41,31,20,0
MAPA,71,41,31,21,0
MAPA,71,41,31,22,0
MAPA,71,41,31,23,0
MAPA,71,41,31,24,0
MAPA,71,41,31,25,0
MAPA,71,41,31,26,0
MAPA,71,41,31,27,0
MAPA,71,41,31,28,0
MAPA,71,41,31,29,0
MAPA,71,41,31,30,0
MAPA,71,41,31,31,0.16666666666666666
MAPA,71,41,31,32,0
MAPA,71,41,31,33,0
MAPA,71,41,31,34,0
MAPA,71,41,31,35,0
MAPA,71,41,31,36,0
MAPA,71,41,31,37,0
MAPA,71,41,31,38,0
MAPA,71,41,31,39,0
MAPA,71,41,31,40,0
MAPA,71,41,31,41,0
MAPA,71,41,31,42,0
MAPA,71,41,31,43,0
MAPA,71,41,31,44,0
MAPA,71,41,31,45,0
MAPA,71,41,31,46,0
MAPA,71,41,31,47,0
MAPA,71,41,31,48,0
MAPA,71,41,31,49,0
MAPA,71,41,31,50,0
MAPA,71,41,31,51,0
MAPA,71,41,31,52,0
MAPA,71,41,31,53,0
MAPA,71,41,31,54,0
MAPA,71,41,31,55,0
MAPA,71,41,31,56,0
MAPA,71,41,31,57,0
MAPA,24,42,32,1,0
MAPA,24,42,32,2,0
MAPA,24,42,32,3,0
MAPA,24,42,32,4,0
MAPA,24,42,32,5,0
MAPA,24,42,32,6,0
MAPA,24,42,32,7,0
MAPA,24,42,32,8,0
MAPA,24,42,32,9,0
MAPA,24,42,32,10,0
MAPA,24,42,32,11,0
MAPA,24,42,32,12,0
MAPA,24,42,32,13,0
MAPA,24,42,32,14,0
MAPA,24,42,32,15,0
MAPA,24,42,32,16,0
MAPA,24,42,32,17,0
MAPA,24,42,32,18,0
MAPA,24,42,32,19,0
MAPA,24,42,32,20,0
MAPA,24,42,32,21,0
MAPA,24,42,32,22,0
MAPA,24,42,32,23,0
MAPA,24,42,32,24,0
MAPA,24,42,32,25,0
MAPA,24,42,32,26,0
MAPA,24,42,32,27,0
MAPA,24,42,32,28,0
MAPA,24,42,32,29,0
MAPA,24,42,32,30,0
MAPA,24,42,32,31,0
MAPA,24,42,32,32,0.75
MAPA,24,42,32,33,0
MAPA,24,42,32,34,0
MAPA,24,42,32,35,0
MAPA,24,42,32,36,0
MAPA,24,42,32,37,0
MAPA,24,42,32,38,0
MAPA,24,42,32,39,0
MAPA,24,42,32,40,0
MAPA,24,42,32,41,0
MAPA,24,42,32,42,0
MAPA,24,42,32,43,0
MAPA,24,42,32,44,0
MAPA,24,42,32,45,0
MAPA,24,42,32,46,0
MAPA,24,42,32,47,0
MAPA,24,42,32,48,0
MAPA,24,42,32,49,0
MAPA,24,42,32,50,0
MAPA,24,42,32,51,0
MAPA,24,42,32,52,0
MAPA,24,42,32,53,0
MAPA,24,42,32,54,0
MAPA,24,42,32,55,0
MAPA,24,42,32,56,0
MAPA,24,42,32,57,0
MAPA,72,43,33,1,0
MAPA,72,43,33,2,0
MAPA,72,43,33,3,0
MAPA,72,43,33,4,0
MAPA,72,43,33,5,0
MAPA,72,43,33,6,0
MAPA,72,43,33,7,0
MAPA,72,43,33,8,0
MAPA,72,43,33,9,0
MAPA,72,43,33,10,0
MAPA,72,43,33,11,0
MAPA,72,43,33,12,0
MAPA,72,43,33,13,0
MAPA,72,43,33,14,0
MAPA,72,43,33,15,0
MAPA,72,43,33,16,0
MAPA,72,43,33,17,0
MAPA,72,43,33,18,0
MAPA,72,43,33,19,0
MAPA,72,43,33,20,0
MAPA,72,43,33,21,0
MAPA,72,43,33,22,0
MAPA,72,43,33,23,0
MAPA,72,43,33,24,0
MAPA,72,43,33,25,0
MAPA,72,43,33,26,0
MAPA,72,43,33,27,0
MAPA,72,43,33,28,0
MAPA,72,43,33,29,0
MAPA,72,43,33,30,0
MAPA,72,43,33,31,0
MAPA,72,43,33,32,0
MAPA,72,43,33,33,1
MAPA,72,43,33,34,0
MAPA,72,43,33,35,0
MAPA,72,43,33,36,0
MAPA,72,43,33,37,0
MAPA,72,43,33,38,0
MAPA,72,43,33,39,0
MAPA,72,43,33,40,0
MAPA,72,43,33,41,0
MAPA,72,43,33,42,0
MAPA,72,43,33,43,0
MAPA,72,43,33,44,0
MAPA,72,43,33,45,0
MAPA,72,43,33,46,0
MAPA,72,43,33,47,0
MAPA,72,43,33,48,0
MAPA,72,43,33,49,0
MAPA,72,43,33,50,0
MAPA,72,43,33,51,0
MAPA,72,43,33,52,0
MAPA,72,43,33,53,0
MAPA,72,43,33,54,0
MAPA,72,43,33,55,0
MAPA,72,43,33,56,0
MAPA,72,43,33,57,0
MAPA,10,44,34,1,0
MAPA,10,44,34,2,0
MAPA,10,44,34,3,0
MAPA,10,44,34,4,0
MAPA,10,44,34,5,0
MAPA,10,44,34,6,0
MAPA,10,44,34,7,0
MAPA,10,44,34,8,0
MAPA,10,44,34,9,0
MAPA,10,44,34,10,0
MAPA,10,44,34,11,0
MAPA,10,44,34,12,0
MAPA,10,44,34,13,0
MAPA,10,44,34,14,0
MAPA,10,44,34,15,0
MAPA,10,44,34,16,0
MAPA,10,44,34,17,0
MAPA,10,44,34,18,0
MAPA,10,44,34,19,0
MAPA,10,44,34,20,0
MAPA,10,44,34,21,0
MAPA,10,44,34,22,0
MAPA,10,44,34,23,0
MAPA,10,44,34,24,0
MAPA,10,44,34,25,0
MAPA,10,44,34,26,0
MAPA,10,44,34,27,0
MAPA,10,44,34,28,0
MAPA,10,44,34,29,0
MAPA,10,44,34,30,0
MAPA,10,44,34,31,0
MAPA,10,44,34,32,0
MAPA,10,44,34,33,0
MAPA,10,44,34,34,0.7142857142857143
MAPA,10,44,34,35,0
MAPA,10,44,34,36,0
MAPA,10,44,34,37,0
MAPA,10,44,34,38,0
MAPA,10,44,34,39,0
MAPA,10,44,34,40,0
MAPA,10,44,34,41,0
MAPA,10,44,34,42,0
MAPA,10,44,34,43,0
MAPA,10,44,34,44,0.16666666666666666
MAPA,10,44,34,45,0
MAPA,10,44,34,46,0
MAPA,10,44,34,47,0
MAPA,10,44,34,48,0
MAPA,10,44,34,49,0
MAPA,10,44,34,50,0
MAPA,10,44,34,51,0
MAPA,10,44,34,52,0
MAPA,10,44,34,53,0
MAPA,10,44,34,54,0
MAPA,10,44,34,55,0
MAPA,10,44,34,56,0
MAPA,10,44,34,57,0
MAPA,43,45,35,1,0
MAPA,43,45,35,2,0
MAPA,43,45,35,3,0
MAPA,43,45,35,4,0
MAPA,43,45,35,5,0
MAPA,43,45,35,6,0
MAPA,43,45,35,7,0
MAPA,43,45,35,8,0
MAPA,43,45,35,9,0
MAPA,43,45,35,10,0
MAPA,43,45,35,11,0
MAPA,43,45,35,12,0
MAPA,43,45,35,13,0
MAPA,43,45,35,14,0
MAPA,43,45,35,15,0
MAPA,43,45,35,16,0
MAPA,43,45,35,17,0
MAPA,43,45,35,18,0
MAPA,43,45,35,19,0
MAPA,43,45,35,20,0
MAPA,43,45,35,21,0
MAPA,43,45,35,22,0
MAPA,43,45,35,23,0
MAPA,43,45,35,24,0
MAPA,43,45,35,25,0
MAPA,43,45,35,26,0
MAPA,43,45,35,27,0
MAPA,43,45,35,28,0
MAPA,43,45,35,29,0
MAPA,43,45,35,30,0
MAPA,43,45,35,31,0
MAPA,43,45,35,32,0
MAPA,43,45,35,33,0
MAPA,43,45,35,34,0
MAPA,43,45,35,35,0.6
MAPA,43,45,35,36,0
MAPA,43,45,35,37,0
MAPA,43,45,35,38,0
MAPA,43,45,35,39,0
MAPA,43,45,35,40,0
MAPA,43,45,35,41,0
MAPA,43,45,35,42,0
MAPA,43,45,35,43,0
MAPA,43,45,35,44,0
MAPA,43,45,35,45,0
MAPA,43,45,35,46,0
MAPA,43,45,35,47,0
MAPA,43,45,35,48,0
MAPA,43,45,35,49,0
MAPA,43,45,35,50,0
MAPA,43,45,35,51,0
MAPA,43,45,35,52,0
MAPA,43,45,35,53,0
MAPA,43,45,35,54,0
MAPA,43,45,35,55,0
MAPA,43,45,35,56,0
MAPA,43,45,35,57,0
MAPA,39,46,36,1,0
MAPA,39,46,36,2,0
MAPA,39,46,36,3,0
MAPA,39,46,36,4,0
MAPA,39,46,36,5,0
MAPA,39,46,36,6,0
MAPA,39,46,36,7,0
MAPA,39,46,36,8,0
MAPA,39,46,36,9,0
MAPA,39,46,36,10,0
MAPA,39,46,36,11,0
MAPA,39,46,36,12,0
MAPA,39,46,36,13,0
MAPA,39,46,36,14,0.3333333333333333
MAPA,39,46,36,15,0
MAPA,39,46,36,16,0
MAPA,39,46,36,17,0
MAPA,39,46,36,18,0
MAPA,39,46,36,19,0
MAPA,39,46,36,20,0
MAPA,39,46,36,21,0
MAPA,39,46,36,22,0
MAPA,39,46,36,23,0
MAPA,39,46,36,24,0
MAPA,39,46,36,25,0
MAPA,39,46,36,26,0
MAPA,39,46,36,27,0
MAPA,39,46,36,28,0
MAPA,39,46,36,29,0
MAPA,39,46,36,30,0
MAPA,39,46,36,31,0
MAPA,39,46,36,32,0
MAPA,39,46,36,33,0
MAPA,39,46,36,34,0
MAPA,39,46,36,35,0
MAPA,39,46,36,36,0.5714285714285714
MAPA,39,46,36,37,0
MAPA,39,46,36,38,0
MAPA,39,46,36,39,0
MAPA,39,46,36,40,0
MAPA,39,46,36,41,0
MAPA,39,46,36,42,0
MAPA,39,46,36,43,0
MAPA,39,46,36,44,0
MAPA,39,46,36,45,0
MAPA,39,46,36,46,0
MAPA,39,46,36,47,0
MAPA,39,46,36,48,0
MAPA,39,46,36,49,0
MAPA,39,46,36,50,0
MAPA,39,46,36,51,0
MAPA,39,46,36,52,0
MAPA,39,46,36,53,0
MAPA,39,46,36,54,0
MAPA,39,46,36,55,0
MAPA,39,46,36,56,0
MAPA,39,46,36,57,0
MAPA,1,47,37,1,0
MAPA,1,47,37,2,0
MAPA,1,47,37,3,0
MAPA,1,47,37,4,0
MAPA,1,47,37,5,0
MAPA,1,47,37,6,0
MAPA,1,47,37,7,0
MAPA,1,47,37,8,0
MAPA,1,47,37,9,0
MAPA,1,47,37,10,0
MAPA,1,47,37,11,0
MAPA,1,47,37,12,0
MAPA,1,47,37,13,0
MAPA,1,47,37,14,0
MAPA,1,47,37,15,0
MAPA,1,47,37,16,0
MAPA,1,47,37,17,0
MAPA,1,47,37,18,0
MAPA,1,47,37,19,0
MAPA,1,47,37,20,0
MAPA,1,47,37,21,0
MAPA,1,47,37,22,0
MAPA,1,47,37,23,0
MAPA,1,47,37,24,0
MAPA,1,47,37,25,0
MAPA,1,47,37,26,0
MAPA,1,47,37,27,0
MAPA,1,47,37,28,0
MAPA,1,47,37,29,0
MAPA,1,47,37,30,0
MAPA,1,47,37,31,0
MAPA,1,47,37,32,0
MAPA,1,47,37,33,0
MAPA,1,47,37,34,0
MAPA,1,47,37,35,0
MAPA,1,47,37,36,0
MAPA,1,47,37,37,1
MAPA,1,47,37,38,0
MAPA,1,47,37,39,0
MAPA,1,47,37,40,0
MAPA,1,47,37,41,0
MAPA,1,47,37,42,0
MAPA,1,47,37,43,0
MAPA,1,47,37,44,0
MAPA,1,47,37,45,0
MAPA,1,47,37,46,0
MAPA,1,47,37,47,0
MAPA,1,47,37,48,0
MAPA,1,47,37,49,0
MAPA,1,47,37,50,0
MAPA,1,47,37,51,0
MAPA,1,47,37,52,0
MAPA,1,47,37,53,0
MAPA,1,47,37,54,0
MAPA,1,47,37,55,0
MAPA,1,47,37,56,0
MAPA,1,47,37,57,0
MAPA,36,48,38,1,0
MAPA,36,48,38,2,0
MAPA,36,48,38,3,0
MAPA,36,48,38,4,0
MAPA,36,48,38,5,0
MAPA,36,48,38,6,0
MAPA,36,48,38,7,0
MAPA,36,48,38,8,0
MAPA,36,48,38,9,0
MAPA,36,48,38,10,0
MAPA,36,48,38,11,0
MAPA,36,48,38,12,0
MAPA,36,48,38,13,0
MAPA,36,48,38,14,0
MAPA,36,48,38,15,0
MAPA,36,48,38,16,0
MAPA,36,48,38,17,0
MAPA,36,48,38,18,0
MAPA,36,48,38,19,0
MAPA,36,48,38,20,0
MAPA,36,48,38,21,0
MAPA,36,48,38,22,0
MAPA,36,48,38,23,0
MAPA,36,48,38,24,0.1
MAPA,36,48,38,25,0.1111111111111111
MAPA,36,48,38,26,0
MAPA,36,48,38,27,0
MAPA,36,48,38,28,0
MAPA,36,48,38,29,0
MAPA,36,48,38,30,0
MAPA,36,48,38,31,0
MAPA,36,48,38,32,0
MAPA,36,48,38,33,0
MAPA,36,48,38,34,0
MAPA,36,48,38,35,0
MAPA,36,48,38,36,0
MAPA,36,48,38,37,0
MAPA,36,48,38,38,0.16666666666666666
MAPA,36,48,38,39,0
MAPA,36,48,38,40,0
MAPA,36,48,38,41,0
MAPA,36,48,38,42,0
MAPA,36,48,38,43,0
MAPA,36,48,38,44,0
MAPA,36,48,38,45,0
MAPA,36,48,38,46,0
MAPA,36,48,38,47,0
MAPA,36,48,38,48,0
MAPA,36,48,38,49,0
MAPA,36,48,38,50,0
MAPA,36,48,38,51,0
MAPA,36,48,38,52,0
MAPA,36,48,38,53,0
MAPA,36,48,38,54,0
MAPA,36,48,38,55,0
MAPA,36,48,38,56,0
MAPA,36,48,38,57,0
MAPA,41,49,38,1,0
MAPA,41,49,38,2,0
MAPA,41,49,38,3,0
MAPA,41,49,38,4,0
MAPA,41,49,38,5,0
MAPA,41,49,38,6,0
MAPA,41,49,38,7,0
MAPA,41,49,38,8,0
MAPA,41,49,38,9,0
MAPA,41,49,38,10,0
MAPA,41,49,38,11,0
MAPA,41,49,38,12,0
MAPA,41,49,38,13,0
MAPA,41,49,38,14,0
MAPA,41,49,38,15,0
MAPA,41,49,38,16,0
MAPA,41,49,38,17,0
MAPA,41,49,38,18,0
MAPA,41,49,38,19,0
MAPA,41,49,38,20,0
MAPA,41,49,38,21,0
MAPA,41,49,38,22,0
MAPA,41,49,38,23,0
MAPA,41,49,38,24,0
MAPA,41,49,38,25,0
MAPA,41,49,38,26,0
MAPA,41,49,38,27,0
MAPA,41,49,38,28,0
MAPA,41,49,38,29,0
MAPA,41,49,38,30,0
MAPA,41,49,38,31,0
MAPA,41,49,38,32,0
MAPA,41,49,38,33,0
MAPA,41,49,38,34,0
MAPA,41,49,38,35,0
MAPA,41,49,38,36,0
MAPA,41,49,38,37,0
MAPA,41,49,38,38,0.2
MAPA,41,49,38,39,0
MAPA,41,49,38,40,0
MAPA,41,49,38,41,0
MAPA,41,49,38,42,0
MAPA,41,49,38,43,0
MAPA,41,49,38,44,0
MAPA,41,49,38,45,0
MAPA,41,49,38,46,0
MAPA,41,49,38,47,0
MAPA,41,49,38,48,0
MAPA,41,49,38,49,0
MAPA,41,49,38,50,0
MAPA,41,49,38,51,0
MAPA,41,49,38,52,0
MAPA,41,49,38,53,0
MAPA,41,49,38,54,0.058823529411764705
MAPA,41,49,38,55,0
MAPA,41,49,38,56,0
MAPA,41,49,38,57,0
MAPA,21,50,39,1,0
MAPA,21,50,39,2,0
MAPA,21,50,39,3,0
MAPA,21,50,39,4,0
MAPA,21,50,39,5,0
MAPA,21,50,39,6,0
MAPA,21,50,39,7,0
MAPA,21,50,39,8,0
MAPA,21,50,39,9,0
MAPA,21,50,39,10,0
MAPA,21,50,39,11,0
MAPA,21,50,39,12,0
MAPA,21,50,39,13,0
MAPA,21,50,39,14,0
MAPA,21,50,39,15,0
MAPA,21,50,39,16,0
MAPA,21,50,39,17,0
MAPA,21,50,39,18,0
MAPA,21,50,39,19,0
MAPA,21,50,39,20,0
MAPA,21,50,39,21,0
MAPA,21,50,39,22,0
MAPA,21,50,39,23,0
MAPA,21,50,39,24,0
MAPA,21,50,39,25,0.1111111111111111
MAPA,21,50,39,26,0
MAPA,21,50,39,27,0
MAPA,21,50,39,28,0
MAPA,21,50,39,29,0
MAPA,21,50,39,30,0
MAPA,21,50,39,31,0
MAPA,21,50,39,32,0
MAPA,21,50,39,33,0
MAPA,21,50,39,34,0
MAPA,21,50,39,35,0
MAPA,21,50,39,36,0
MAPA,21,50,39,37,0
MAPA,21,50,39,38,0
MAPA,21,50,39,39,0.4
MAPA,21,50,39,40,0
MAPA,21,50,39,41,0
MAPA,21,50,39,42,0
MAPA,21,50,39,43,0
MAPA,21,50,39,44,0
MAPA,21,50,39,45,0
MAPA,21,50,39,46,0
MAPA,21,50,39,47,0
MAPA,21,50,39,48,0
MAPA,21,50,39,49,0
MAPA,21,50,39,50,0
MAPA,21,50,39,51,0
MAPA,21,50,39,52,0
MAPA,21,50,39,53,0
MAPA,21,50,39,54,0
MAPA,21,50,39,55,0
MAPA,21,50,39,56,0
MAPA,21,50,39,57,0
MAPA,38,51,39,1,0
MAPA,38,51,39,2,0
MAPA,38,51,39,3,0
MAPA,38,51,39,4,0
MAPA,38,51,39,5,0
MAPA,38,51,39,6,0
MAPA,38,51,39,7,0
MAPA,38,51,39,8,0
MAPA,38,51,39,9,0
MAPA,38,51,39,10,0
MAPA,38,51,39,11,0
MAPA,38,51,39,12,0
MAPA,38,51,39,13,0
MAPA,38,51,39,14,0
MAPA,38,51,39,15,0
MAPA,38,51,39,16,0
MAPA,38,51,39,17,0
MAPA,38,51,39,18,0
MAPA,38,51,39,19,0
MAPA,38,51,39,20,0
MAPA,38,51,39,21,0
MAPA,38,51,39,22,0
MAPA,38,51,39,23,0
MAPA,38,51,39,24,0
MAPA,38,51,39,25,0
MAPA,38,51,39,26,0
MAPA,38,51,39,27,0
MAPA,38,51,39,28,0
MAPA,38,51,39,29,0
MAPA,38,51,39,30,0
MAPA,38,51,39,31,0
MAPA,38,51,39,32,0.16666666666666666
MAPA,38,51,39,33,0
MAPA,38,51,39,34,0
MAPA,38,51,39,35,0
MAPA,38,51,39,36,0
MAPA,38,51,39,37,0
MAPA,38,51,39,38,0
MAPA,38,51,39,39,0.4
MAPA,38,51,39,40,0
MAPA,38,51,39,41,0
MAPA,38,51,39,42,0
MAPA,38,51,39,43,0
MAPA,38,51,39,44,0
MAPA,38,51,39,45,0
MAPA,38,51,39,46,0
MAPA,38,51,39,47,0
MAPA,38,51,39,48,0
MAPA,38,51,39,49,0
MAPA,38,51,39,50,0
MAPA,38,51,39,51,0
MAPA,38,51,39,52,0
MAPA,38,51,39,53,0
MAPA,38,51,39,54,0
MAPA,38,51,39,55,0
MAPA,38,51,39,56,0
MAPA,38,51,39,57,0
MAPA,54,52,40,1,0
MAPA,54,52,40,2,0
MAPA,54,52,40,3,0
MAPA,54,52,40,4,0
MAPA,54,52,40,5,0
MAPA,54,52,40,6,0
MAPA,54,52,40,7,0
MAPA,54,52,40,8,0
MAPA,54,52,40,9,0
MAPA,54,52,40,10,0
MAPA,54,52,40,11,0
MAPA,54,52,40,12,0
MAPA,54,52,40,13,0
MAPA,54,52,40,14,0
MAPA,54,52,40,15,0
MAPA,54,52,40,16,0
MAPA,54,52,40,17,0
MAPA,54,52,40,18,0
MAPA,54,52,40,19,0
MAPA,54,52,40,20,0
MAPA,54,52,40,21,0
MAPA,54,52,40,22,0
MAPA,54,52,40,23,0
MAPA,54,52,40,24,0
MAPA,54,52,40,25,0
MAPA,54,52,40,26,0
MAPA,54,52,40,27,0
MAPA,54,52,40,28,0
MAPA,54,52,40,29,0
MAPA,54,52,40,30,0
MAPA,54,52,40,31,0
MAPA,54,52,40,32,0
MAPA,54,52,40,33,0
MAPA,54,52,40,34,0
MAPA,54,52,40,35,0
MAPA,54,52,40,36,0
MAPA,54,52,40,37,0
MAPA,54,52,40,38,0
MAPA,54,52,40,39,0
MAPA,54,52,40,40,0.6666666666666666
MAPA,54,52,40,41,0
MAPA,54,52,40,42,0
MAPA,54,52,40,43,0
MAPA,54,52,40,44,0
MAPA,54,52,40,45,0
MAPA,54,52,40,46,0
MAPA,54,52,40,47,0
MAPA,54,52,40,48,0.1111111111111111
MAPA,54,52,40,49,0
MAPA,54,52,40,50,0
MAPA,54,52,40,51,0
MAPA,54,52,40,52,0
MAPA,54,52,40,53,0
MAPA,54,52,40,54,0
MAPA,54,52,40,55,0
MAPA,54,52,40,56,0
MAPA,54,52,40,57,0
MAPA,22,53,41,1,0
MAPA,22,53,41,2,0
MAPA,22,53,41,3,0
MAPA,22,53,41,4,0
MAPA,22,53,41,5,0
MAPA,22,53,41,6,0
MAPA,22,53,41,7,0
MAPA,22,53,41,8,0
MAPA,22,53,41,9,0
MAPA,22,53,41,10,0
MAPA,22,53,41,11,0
MAPA,22,53,41,12,0
MAPA,22,53,41,13,0
MAPA,22,53,41,14,0
MAPA,22,53,41,15,0
MAPA,22,53,41,16,0
MAPA,22,53,41,17,0
MAPA,22,53,41,18,0.08333333333333333
MAPA,22,53,41,19,0
MAPA,22,53,41,20,0
MAPA,22,53,41,21,0
MAPA,22,53,41,22,0
MAPA,22,53,41,23,0
MAPA,22,53,41,24,0
MAPA,22,53,41,25,0
MAPA,22,53,41,26,0
MAPA,22,53,41,27,0
MAPA,22,53,41,28,0
MAPA,22,53,41,29,0
MAPA,22,53,41,30,0
MAPA,22,53,41,31,0
MAPA,22,53,41,32,0
MAPA,22,53,41,33,0
MAPA,22,53,41,34,0
MAPA,22,53,41,35,0
MAPA,22,53,41,36,0
MAPA,22,53,41,37,0
MAPA,22,53,41,38,0
MAPA,22,53,41,39,0
MAPA,22,53,41,40,0
MAPA,22,53,41,41,0.6666666666666666
MAPA,22,53,41,42,0
MAPA,22,53,41,43,0
MAPA,22,53,41,44,0
MAPA,22,53,41,45,0
MAPA,22,53,41,46,0
MAPA,22,53,41,47,0
MAPA,22,53,41,48,0.1
MAPA,22,53,41,49,0
MAPA,22,53,41,50,0
MAPA,22,53,41,51,0
MAPA,22,53,41,52,0
MAPA,22,53,41,53,0
MAPA,22,53,41,54,0
MAPA,22,53,41,55,0
MAPA,22,53,41,56,0
MAPA,22,53,41,57,0
MAPA,27,54,42,1,0
MAPA,27,54,42,2,0
MAPA,27,54,42,3,0
MAPA,27,54,42,4,0
MAPA,27,54,42,5,0
MAPA,27,54,42,6,0
MAPA,27,54,42,7,0
MAPA,27,54,42,8,0
MAPA,27,54,42,9,0
MAPA,27,54,42,10,0
MAPA,27,54,42,11,0
MAPA,27,54,42,12,0
MAPA,27,54,42,13,0
MAPA,27,54,42,14,0
MAPA,27,54,42,15,0
MAPA,27,54,42,16,0
MAPA,27,54,42,17,0
MAPA,27,54,42,18,0
MAPA,27,54,42,19,0
MAPA,27,54,42,20,0
MAPA,27,54,42,21,0
MAPA,27,54,42,22,0
MAPA,27,54,42,23,0
MAPA,27,54,42,24,0
MAPA,27,54,42,25,0
MAPA,27,54,42,26,0
MAPA,27,54,42,27,0
MAPA,27,54,42,28,0
MAPA,27,54,42,29,0
MAPA,27,54,42,30,0
MAPA,27,54,42,31,0
MAPA,27,54,42,32,0
MAPA,27,54,42,33,0
MAPA,27,54,42,34,0
MAPA,27,54,42,35,0
MAPA,27,54,42,36,0
MAPA,27,54,42,37,0
MAPA,27,54,42,38,0
MAPA,27,54,42,39,0
MAPA,27,54,42,40,0
MAPA,27,54,42,41,0
MAPA,27,54,42,42,0.42857142857142855
MAPA,27,54,42,43,0.08333333333333333
MAPA,27,54,42,44,0.08333333333333333
MAPA,27,54,42,45,0
MAPA,27,54,42,46,0
MAPA,27,54,42,47,0
MAPA,27,54,42,48,0.1
MAPA,27,54,42,49,0
MAPA,27,54,42,50,0
MAPA,27,54,42,51,0
MAPA,27,54,42,52,0
MAPA,27,54,42,53,0
MAPA,27,54,42,54,0
MAPA,27,54,42,55,0
MAPA,27,54,42,56,0
MAPA,27,54,42,57,0
MAPA,49,55,43,1,0
MAPA,49,55,43,2,0.13333333333333333
MAPA,49,55,43,3,0
MAPA,49,55,43,4,0
MAPA,49,55,43,5,0
MAPA,49,55,43,6,0
MAPA,49,55,43,7,0
MAPA,49,55,43,8,0
MAPA,49,55,43,9,0
MAPA,49,55,43,10,0
MAPA,49,55,43,11,0
MAPA,49,55,43,12,0
MAPA,49,55,43,13,0
MAPA,49,55,43,14,0
MAPA,49,55,43,15,0
MAPA,49,55,43,16,0
MAPA,49,55,43,17,0
MAPA,49,55,43,18,0
MAPA,49,55,43,19,0
MAPA,49,55,43,20,0
MAPA,49,55,43,21,0
MAPA,49,55,43,22,0
MAPA,49,55,43,23,0
MAPA,49,55,43,24,0
MAPA,49,55,43,25,0
MAPA,49,55,43,26,0
MAPA,49,55,43,27,0
MAPA,49,55,43,28,0
MAPA,49,55,43,29,0
MAPA,49,55,43,30,0
MAPA,49,55,43,31,0
MAPA,49,55,43,32,0
MAPA,49,55,43,33,0
MAPA,49,55,43,34,0
MAPA,49,55,43,35,0
MAPA,49,55,43,36,0
MAPA,49,55,43,37,0
MAPA,49,55,43,38,0
MAPA,49,55,43,39,0
MAPA,49,55,43,40,0
MAPA,49,55,43,41,0
MAPA,49,55,43,42,0
MAPA,49,55,43,43,0.3333333333333333
MAPA,49,55,43,44,0
MAPA,49,55,43,45,0
MAPA,49,55,43,46,0
MAPA,49,55,43,47,0
MAPA,49,55,43,48,0
MAPA,49,55,43,49,0
MAPA,49,55,43,50,0
MAPA,49,55,43,51,0
MAPA,49,55,43,52,0
MAPA,49,55,43,53,0
MAPA,49,55,43,54,0
MAPA,49,55,43,55,0
MAPA,49,55,43,56,0
MAPA,49,55,43,57,0
MAPA,56,56,43,1,0
MAPA,56,56,43,2,0
MAPA,56,56,43,3,0
MAPA,56,56,43,4,0
MAPA,56,56,43,5,0
MAPA,56,56,43,6,0
MAPA,56,56,43,7,0
MAPA,56,56,43,8,0
MAPA,56,56,43,9,0
MAPA,56,56,43,10,0
MAPA,56,56,43,11,0
MAPA,56,56,43,12,0
MAPA,56,56,43,13,0
MAPA,56,56,43,14,0
MAPA,56,56,43,15,0
MAPA,56,56,43,16,0
MAPA,56,56,43,17,0
MAPA,56,56,43,18,0
MAPA,56,56,43,19,0
MAPA,56,56,43,20,0
MAPA,56,56,43,21,0
MAPA,56,56,43,22,0
MAPA,56,56,43,23,0
MAPA,56,56,43,24,0
MAPA,56,56,43,25,0
MAPA,56,56,43,26,0
MAPA,56,56,43,27,0
MAPA,56,56,43,28,0
MAPA,56,56,43,29,0
MAPA,56,56,43,30,0
MAPA,56,56,43,31,0
MAPA,56,56,43,32,0
MAPA,56,56,43,33,0
MAPA,56,56,43,34,0
MAPA,56,56,43,35,0.25
MAPA,56,56,43,36,0
MAPA,56,56,43,37,0
MAPA,56,56,43,38,0
MAPA,56,56,43,39,0
MAPA,56,56,43,40,0
MAPA,56,56,43,41,0
MAPA,56,56,43,42,0
MAPA,56,56,43,43,0.3333333333333333
MAPA,56,56,43,44,0
MAPA,56,56,43,45,0
MAPA,56,56,43,46,0
MAPA,56,56,43,47,0
MAPA,56,56,43,48,0
MAPA,56,56,43,49,0
MAPA,56,56,43,50,0
MAPA,56,56,43,51,0
MAPA,56,56,43,52,0
MAPA,56,56,43,53,0
MAPA,56,56,43,54,0
MAPA,56,56,43,55,0
MAPA,56,56,43,56,0
MAPA,56,56,43,57,0
MAPA,60,57,44,1,0.08333333333333333
MAPA,60,57,44,2,0
MAPA,60,57,44,3,0
MAPA,60,57,44,4,0
MAPA,60,57,44,5,0
MAPA,60,57,44,6,0
MAPA,60,57,44,7,0
MAPA,60,57,44,8,0
MAPA,60,57,44,9,0
MAPA,60,57,44,10,0
MAPA,60,57,44,11,0
MAPA,60,57,44,12,0
MAPA,60,57,44,13,0
MAPA,60,57,44,14,0
MAPA,60,57,44,15,0
MAPA,60,57,44,16,0
MAPA,60,57,44,17,0
MAPA,60,57,44,18,0
MAPA,60,57,44,19,0
MAPA,60,57,44,20,0
MAPA,60,57,44,21,0
MAPA,60,57,44,22,0
MAPA,60,57,44,23,0
MAPA,60,57,44,24,0
MAPA,60,57,44,25,0
MAPA,60,57,44,26,0
MAPA,60,57,44,27,0
MAPA,60,57,44,28,0
MAPA,60,57,44,29,0
MAPA,60,57,44,30,0
MAPA,60,57,44,31,0
MAPA,60,57,44,32,0
MAPA,60,57,44,33,0
MAPA,60,57,44,34,0
MAPA,60,57,44,35,0
MAPA,60,57,44,36,0
MAPA,60,57,44,37,0
MAPA,60,57,44,38,0
MAPA,60,57,44,39,0
MAPA,60,57,44,40,0.1
MAPA,60,57,44,41,0
MAPA,60,57,44,42,0
MAPA,60,57,44,43,0
MAPA,60,57,44,44,0.4444444444444444
MAPA,60,57,44,45,0
MAPA,60,57,44,46,0
MAPA,60,57,44,47,0
MAPA,60,57,44,48,0
MAPA,60,57,44,49,0
MAPA,60,57,44,50,0
MAPA,60,57,44,51,0
MAPA,60,57,44,52,0
MAPA,60,57,44,53,0
MAPA,60,57,44,54,0
MAPA,60,57,44,55,0
MAPA,60,57,44,56,0
MAPA,60,57,44,57,0
MAPA,76,58,45,1,0
MAPA,76,58,45,2,0
MAPA,76,58,45,3,0
MAPA,76,58,45,4,0
MAPA,76,58,45,5,0
MAPA,76,58,45,6,0
MAPA,76,58,45,7,0
MAPA,76,58,45,8,0
MAPA,76,58,45,9,0
MAPA,76,58,45,10,0
MAPA,76,58,45,11,0
MAPA,76,58,45,12,0
MAPA,76,58,45,13,0
MAPA,76,58,45,14,0
MAPA,76,58,45,15,0
MAPA,76,58,45,16,0
MAPA,76,58,45,17,0
MAPA,76,58,45,18,0
MAPA,76,58,45,19,0
MAPA,76,58,45,20,0
MAPA,76,58,45,21,0
MAPA,76,58,45,22,0
MAPA,76,58,45,23,0
MAPA,76,58,45,24,0
MAPA,76,58,45,25,0
MAPA,76,58,45,26,0
MAPA,76,58,45,27,0
MAPA,76,58,45,28,0
MAPA,76,58,45,29,0
MAPA,76,58,45,30,0
MAPA,76,58,45,31,0
MAPA,76,58,45,32,0
MAPA,76,58,45,33,0
MAPA,76,58,45,34,0
MAPA,76,58,45,35,0
MAPA,76,58,45,36,0
MAPA,76,58,45,37,0
MAPA,76,58,45,38,0
MAPA,76,58,45,39,0
MAPA,76,58,45,40,0
MAPA,76,58,45,41,0
MAPA,76,58,45,42,0
MAPA,76,58,45,43,0
MAPA,76,58,45,44,0
MAPA,76,58,45,45,1
MAPA,76,58,45,46,0
MAPA,76,58,45,47,0
MAPA,76,58,45,48,0
MAPA,76,58,45,49,0
MAPA,76,58,45,50,0
MAPA,76,58,45,51,0
MAPA,76,58,45,52,0
MAPA,76,58,45,53,0
MAPA,76,58,45,54,0
MAPA,76,58,45,55,0
MAPA,76,58,45,56,0
MAPA,76,58,45,57,0
MAPA,32,59,46,1,0
MAPA,32,59,46,2,0
MAPA,32,59,46,3,0
MAPA,32,59,46,4,0
MAPA,32,59,46,5,0
MAPA,32,59,46,6,0
MAPA,32,59,46,7,0
MAPA,32,59,46,8,0
MAPA,32,59,46,9,0
MAPA,32,59,46,10,0
MAPA,32,59,46,11,0
MAPA,32,59,46,12,0
MAPA,32,59,46,13,0
MAPA,32,59,46,14,0
MAPA,32,59,46,15,0
MAPA,32,59,46,16,0
MAPA,32,59,46,17,0
MAPA,32,59,46,18,0
MAPA,32,59,46,19,0
MAPA,32,59,46,20,0
MAPA,32,59,46,21,0
MAPA,32,59,46,22,0
MAPA,32,59,46,23,0
MAPA,32,59,46,24,0
MAPA,32,59,46,25,0
MAPA,32,59,46,26,0
MAPA,32,59,46,27,0
MAPA,32,59,46,28,0
MAPA,32,59,46,29,0
MAPA,32,59,46,30,0
MAPA,32,59,46,31,0
MAPA,32,59,46,32,0
MAPA,32,59,46,33,0
MAPA,32,59,46,34,0
MAPA,32,59,46,35,0
MAPA,32,59,46,36,0
MAPA,32,59,46,37,0
MAPA,32,59,46,38,0
MAPA,32,59,46,39,0
MAPA,32,59,46,40,0
MAPA,32,59,46,41,0
MAPA,32,59,46,42,0
MAPA,32,59,46,43,0
MAPA,32,59,46,44,0
MAPA,32,59,46,45,0
MAPA,32,59,46,46,0.16666666666666666
MAPA,32,59,46,47,0
MAPA,32,59,46,48,0
MAPA,32,59,46,49,0
MAPA,32,59,46,50,0
MAPA,32,59,46,51,0
MAPA,32,59,46,52,0.1111111111111111
MAPA,32,59,46,53,0
MAPA,32,59,46,54,0
MAPA,32,59,46,55,0
MAPA,32,59,46,56,0
MAPA,32,59,46,57,0
MAPA,74,60,46,1,0
MAPA,74,60,46,2,0
MAPA,74,60,46,3,0
MAPA,74,60,46,4,0
MAPA,74,60,46,5,0
MAPA,74,60,46,6,0
MAPA,74,60,46,7,0
MAPA,74,60,46,8,0
MAPA,74,60,46,9,0
MAPA,74,60,46,10,0
MAPA,74,60,46,11,0
MAPA,74,60,46,12,0
MAPA,74,60,46,13,0
MAPA,74,60,46,14,0
MAPA,74,60,46,15,0
MAPA,74,60,46,16,0
MAPA,74,60,46,17,0
MAPA,74,60,46,18,0
MAPA,74,60,46,19,0
MAPA,74,60,46,20,0
MAPA,74,60,46,21,0
MAPA,74,60,46,22,0
MAPA,74,60,46,23,0
MAPA,74,60,46,24,0
MAPA,74,60,46,25,0
MAPA,74,60,46,26,0
MAPA,74,60,46,27,0
MAPA,74,60,46,28,0
MAPA,74,60,46,29,0
MAPA,74,60,46,30,0
MAPA,74,60,46,31,0
MAPA,74,60,46,32,0
MAPA,74,60,46,33,0
MAPA,74,60,46,34,0
MAPA,74,60,46,35,0
MAPA,74,60,46,36,0
MAPA,74,60,46,37,0
MAPA,74,60,46,38,0
MAPA,74,60,46,39,0
MAPA,74,60,46,40,0
MAPA,74,60,46,41,0
MAPA,74,60,46,42,0
MAPA,74,60,46,43,0
MAPA,74,60,46,44,0
MAPA,74,60,46,45,0
MAPA,74,60,46,46,0.4
MAPA,74,60,46,47,0
MAPA,74,60,46,48,0
MAPA,74,60,46,49,0
MAPA,74,60,46,50,0
MAPA,74,60,46,51,0
MAPA,74,60,46,52,0
MAPA,74,60,46,53,0
MAPA,74,60,46,54,0
MAPA,74,60,46,55,0
MAPA,74,60,46,56,0
MAPA,74,60,46,57,0
MAPA,77,61,46,1,0
MAPA,77,61,46,2,0
MAPA,77,61,46,3,0
MAPA,77,61,46,4,0
MAPA,77,61,46,5,0
MAPA,77,61,46,6,0
MAPA,77,61,46,7,0
MAPA,77,61,46,8,0
MAPA,77,61,46,9,0
MAPA,77,61,46,10,0
MAPA,77,61,46,11,0
MAPA,77,61,46,12,0
MAPA,77,61,46,13,0
MAPA,77,61,46,14,0
MAPA,77,61,46,15,0
MAPA,77,61,46,16,0
MAPA,77,61,46,17,0
MAPA,77,61,46,18,0
MAPA,77,61,46,19,0
MAPA,77,61,46,20,0
MAPA,77,61,46,21,0
MAPA,77,61,46,22,0
MAPA,77,61,46,23,0
MAPA,77,61,46,24,0
MAPA,77,61,46,25,0
MAPA,77,61,46,26,0
MAPA,77,61,46,27,0
MAPA,77,61,46,28,0
MAPA,77,61,46,29,0
MAPA,77,61,46,30,0
MAPA,77,61,46,31,0
MAPA,77,61,46,32,0
MAPA,77,61,46,33,0
MAPA,77,61,46,34,0
MAPA,77,61,46,35,0
MAPA,77,61,46,36,0
MAPA,77,61,46,37,0
MAPA,77,61,46,38,0
MAPA,77,61,46,39,0
MAPA,77,61,46,40,0
MAPA,77,61,46,41,0
MAPA,77,61,46,42,0
MAPA,77,61,46,43,0
MAPA,77,61,46,44,0
MAPA,77,61,46,45,0
MAPA,77,61,46,46,0.2
MAPA,77,61,46,47,0
MAPA,77,61,46,48,0
MAPA,77,61,46,49,0
MAPA,77,61,46,50,0
MAPA,77,61,46,51,0
MAPA,77,61,46,52,0
MAPA,77,61,46,53,0
MAPA,77,61,46,54,0
MAPA,77,61,46,55,0
MAPA,77,61,46,56,0
MAPA,77,61,46,57,0
MAPA,23,62,47,1,0
MAPA,23,62,47,2,0
MAPA,23,62,47,3,0
MAPA,23,62,47,4,0
MAPA,23,62,47,5,0
MAPA,23,62,47,6,0
MAPA,23,62,47,7,0
MAPA,23,62,47,8,0
MAPA,23,62,47,9,0
MAPA,23,62,47,10,0
MAPA,23,62,47,11,0
MAPA,23,62,47,12,0
MAPA,23,62,47,13,0
MAPA,23,62,47,14,0
MAPA,23,62,47,15,0
MAPA,23,62,47,16,0
MAPA,23,62,47,17,0
MAPA,23,62,47,18,0
MAPA,23,62,47,19,0
MAPA,23,62,47,20,0
MAPA,23,62,47,21,0
MAPA,23,62,47,22,0
MAPA,23,62,47,23,0
MAPA,23,62,47,24,0
MAPA,23,62,47,25,0
MAPA,23,62,47,26,0
MAPA,23,62,47,27,0
MAPA,23,62,47,28,0
MAPA,23,62,47,29,0
MAPA,23,62,47,30,0
MAPA,23,62,47,31,0
MAPA,23,62,47,32,0
MAPA,23,62,47,33,0
MAPA,23,62,47,34,0
MAPA,23,62,47,35,0
MAPA,23,62,47,36,0
MAPA,23,62,47,37,0
MAPA,23,62,47,38,0
MAPA,23,62,47,39,0
MAPA,23,62,47,40,0
MAPA,23,62,47,41,0
MAPA,23,62,47,42,0
MAPA,23,62,47,43,0
MAPA,23,62,47,44,0
MAPA,23,62,47,45,0
MAPA,23,62,47,46,0
MAPA,23,62,47,47,0.4
MAPA,23,62,47,48,0
MAPA,23,62,47,49,0
MAPA,23,62,47,50,0
MAPA,23,62,47,51,0
MAPA,23,62,47,52,0
MAPA,23,62,47,53,0
MAPA,23,62,47,54,0
MAPA,23,62,47,55,0
MAPA,23,62,47,56,0
MAPA,23,62,47,57,0
MAPA,61,63,47,1,0
MAPA,61,63,47,2,0
MAPA,61,63,47,3,0
MAPA,61,63,47,4,0
MAPA,61,63,47,5,0
MAPA,61,63,47,6,0.1
MAPA,61,63,47,7,0
MAPA,61,63,47,8,0
MAPA,61,63,47,9,0
MAPA,61,63,47,10,0
MAPA,61,63,47,11,0
MAPA,61,63,47,12,0
MAPA,61,63,47,13,0
MAPA,61,63,47,14,0
MAPA,61,63,47,15,0
MAPA,61,63,47,16,0
MAPA,61,63,47,17,0
MAPA,61,63,47,18,0
MAPA,61,63,47,19,0
MAPA,61,63,47,20,0
MAPA,61,63,47,21,0
MAPA,61,63,47,22,0
MAPA,61,63,47,23,0
MAPA,61,63,47,24,0
MAPA,61,63,47,25,0
MAPA,61,63,47,26,0
MAPA,61,63,47,27,0
MAPA,61,63,47,28,0
MAPA,61,63,47,29,0
MAPA,61,63,47,30,0
MAPA,61,63,47,31,0
MAPA,61,63,47,32,0
MAPA,61,63,47,33,0
MAPA,61,63,47,34,0
MAPA,61,63,47,35,0
MAPA,61,63,47,36,0
MAPA,61,63,47,37,0
MAPA,61,63,47,38,0
MAPA,61,63,47,39,0
MAPA,61,63,47,40,0
MAPA,61,63,47,41,0
MAPA,61,63,47,42,0
MAPA,61,63,47,43,0
MAPA,61,63,47,44,0
MAPA,61,63,47,45,0
MAPA,61,63,47,46,0
MAPA,61,63,47,47,0.3333333333333333
MAPA,61,63,47,48,0
MAPA,61,63,47,49,0
MAPA,61,63,47,50,0
MAPA,61,63,47,51,0
MAPA,61,63,47,52,0
MAPA,61,63,47,53,0
MAPA,61,63,47,54,0
MAPA,61,63,47,55,0
MAPA,61,63,47,56,0
MAPA,61,63,47,57,0
MAPA,45,64,48,1,0
MAPA,45,64,48,2,0
MAPA,45,64,48,3,0
MAPA,45,64,48,4,0
MAPA,45,64,48,5,0
MAPA,45,64,48,6,0
MAPA,45,64,48,7,0
MAPA,45,64,48,8,0
MAPA,45,64,48,9,0
MAPA,45,64,48,10,0
MAPA,45,64,48,11,0
MAPA,45,64,48,12,0
MAPA,45,64,48,13,0
MAPA,45,64,48,14,0
MAPA,45,64,48,15,0
MAPA,45,64,48,16,0
MAPA,45,64,48,17,0
MAPA,45,64,48,18,0
MAPA,45,64,48,19,0
MAPA,45,64,48,20,0
MAPA,45,64,48,21,0
MAPA,45,64,48,22,0
MAPA,45,64,48,23,0
MAPA,45,64,48,24,0
MAPA,45,64,48,25,0
MAPA,45,64,48,26,0
MAPA,45,64,48,27,0
MAPA,45,64,48,28,0
MAPA,45,64,48,29,0
MAPA,45,64,48,30,0
MAPA,45,64,48,31,0
MAPA,45,64,48,32,0
MAPA,45,64,48,33,0
MAPA,45,64,48,34,0
MAPA,45,64,48,35,0
MAPA,45,64,48,36,0
MAPA,45,64,48,37,0
MAPA,45,64,48,38,0
MAPA,45,64,48,39,0
MAPA,45,64,48,40,0
MAPA,45,64,48,41,0
MAPA,45,64,48,42,0
MAPA,45,64,48,43,0
MAPA,45,64,48,44,0
MAPA,45,64,48,45,0
MAPA,45,64,48,46,0
MAPA,45,64,48,47,0
MAPA,45,64,48,48,0.4
MAPA,45,64,48,49,0
MAPA,45,64,48,50,0
MAPA,45,64,48,51,0
MAPA,45,64,48,52,0
MAPA,45,64,48,53,0
MAPA,45,64,48,54,0
MAPA,45,64,48,55,0
MAPA,45,64,48,56,0
MAPA,45,64,48,57,0
MAPA,70,65,49,1,0
MAPA,70,65,49,2,0
MAPA,70,65,49,3,0
MAPA,70,65,49,4,0
MAPA,70,65,49,5,0
MAPA,70,65,49,6,0
MAPA,70,65,49,7,0.1111111111111111
MAPA,70,65,49,8,0
MAPA,70,65,49,9,0
MAPA,70,65,49,10,0
MAPA,70,65,49,11,0
MAPA,70,65,49,12,0
MAPA,70,65,49,13,0
MAPA,70,65,49,14,0
MAPA,70,65,49,15,0
MAPA,70,65,49,16,0
MAPA,70,65,49,17,0
MAPA,70,65,49,18,0
MAPA,70,65,49,19,0
MAPA,70,65,49,20,0
MAPA,70,65,49,21,0
MAPA,70,65,49,22,0
MAPA,70,65,49,23,0
MAPA,70,65,49,24,0
MAPA,70,65,49,25,0
MAPA,70,65,49,26,0.1111111111111111
MAPA,70,65,49,27,0
MAPA,70,65,49,28,0
MAPA,70,65,49,29,0
MAPA,70,65,49,30,0
MAPA,70,65,49,31,0
MAPA,70,65,49,32,0
MAPA,70,65,49,33,0
MAPA,70,65,49,34,0
MAPA,70,65,49,35,0
MAPA,70,65,49,36,0
MAPA,70,65,49,37,0
MAPA,70,65,49,38,0
MAPA,70,65,49,39,0
MAPA,70,65,49,40,0
MAPA,70,65,49,41,0
MAPA,70,65,49,42,0
MAPA,70,65,49,43,0
MAPA,70,65,49,44,0
MAPA,70,65,49,45,0
MAPA,70,65,49,46,0
MAPA,70,65,49,47,0
MAPA,70,65,49,48,0
MAPA,70,65,49,49,0.6666666666666666
MAPA,70,65,49,50,0
MAPA,70,65,49,51,0
MAPA,70,65,49,52,0
MAPA,70,65,49,53,0
MAPA,70,65,49,54,0
MAPA,70,65,49,55,0
MAPA,70,65,49,56,0
MAPA,70,65,49,57,0
MAPA,62,66,50,1,0
MAPA,62,66,50,2,0
MAPA,62,66,50,3,0
MAPA,62,66,50,4,0
MAPA,62,66,50,5,0
MAPA,62,66,50,6,0
MAPA,62,66,50,7,0
MAPA,62,66,50,8,0
MAPA,62,66,50,9,0
MAPA,62,66,50,10,0
MAPA,62,66,50,11,0
MAPA,62,66,50,12,0
MAPA,62,66,50,13,0
MAPA,62,66,50,14,0
MAPA,62,66,50,15,0
MAPA,62,66,50,16,0
MAPA,62,66,50,17,0
MAPA,62,66,50,18,0
MAPA,62,66,50,19,0
MAPA,62,66,50,20,0
MAPA,62,66,50,21,0
MAPA,62,66,50,22,0
MAPA,62,66,50,23,0
MAPA,62,66,50,24,0
MAPA,62,66,50,25,0
MAPA,62,66,50,26,0
MAPA,62,66,50,27,0
MAPA,62,66,50,28,0
MAPA,62,66,50,29,0
MAPA,62,66,50,30,0
MAPA,62,66,50,31,0
MAPA,62,66,50,32,0
MAPA,62,66,50,33,0
MAPA,62,66,50,34,0
MAPA,62,66,50,35,0
MAPA,62,66,50,36,0
MAPA,62,66,50,37,0
MAPA,62,66,50,38,0
MAPA,62,66,50,39,0
MAPA,62,66,50,40,0
MAPA,62,66,50,41,0
MAPA,62,66,50,42,0
MAPA,62,66,50,43,0
MAPA,62,66,50,44,0
MAPA,62,66,50,45,0
MAPA,62,66,50,46,0
MAPA,62,66,50,47,0
MAPA,62,66,50,48,0
MAPA,62,66,50,49,0
MAPA,62,66,50,50,1
MAPA,62,66,50,51,0
MAPA,62,66,50,52,0
MAPA,62,66,50,53,0
MAPA,62,66,50,54,0
MAPA,62,66,50,55,0
MAPA,62,66,50,56,0
MAPA,62,66,50,57,0
MAPA,57,67,51,1,0
MAPA,57,67,51,2,0
MAPA,57,67,51,3,0
MAPA,57,67,51,4,0
MAPA,57,67,51,5,0
MAPA,57,67,51,6,0
MAPA,57,67,51,7,0
MAPA,57,67,51,8,0
MAPA,57,67,51,9,0
MAPA,57,67,51,10,0
MAPA,57,67,51,11,0
MAPA,57,67,51,12,0
MAPA,57,67,51,13,0
MAPA,57,67,51,14,0
MAPA,57,67,51,15,0
MAPA,57,67,51,16,0
MAPA,57,67,51,17,0
MAPA,57,67,51,18,0
MAPA,57,67,51,19,0
MAPA,57,67,51,20,0
MAPA,57,67,51,21,0
MAPA,57,67,51,22,0
MAPA,57,67,51,23,0
MAPA,57,67,51,24,0
MAPA,57,67,51,25,0
MAPA,57,67,51,26,0
MAPA,57,67,51,27,0
MAPA,57,67,51,28,0
MAPA,57,67,51,29,0
MAPA,57,67,51,30,0
MAPA,57,67,51,31,0
MAPA,57,67,51,32,0
MAPA,57,67,51,33,0
MAPA,57,67,51,34,0
MAPA,57,67,51,35,0
MAPA,57,67,51,36,0
MAPA,57,67,51,37,0
MAPA,57,67,51,38,0
MAPA,57,67,51,39,0
MAPA,57,67,51,40,0
MAPA,57,67,51,41,0
MAPA,57,67,51,42,0
MAPA,57,67,51,43,0
MAPA,57,67,51,44,0
MAPA,57,67,51,45,0
MAPA,57,67,51,46,0
MAPA,57,67,51,47,0
MAPA,57,67,51,48,0
MAPA,57,67,51,49,0
MAPA,57,67,51,50,0
MAPA,57,67,51,51,1
MAPA,57,67,51,52,0
MAPA,57,67,51,53,0
MAPA,57,67,51,54,0
MAPA,57,67,51,55,0
MAPA,57,67,51,56,0
MAPA,57,67,51,57,0
MAPA,20,68,52,1,0
MAPA,20,68,52,2,0
MAPA,20,68,52,3,0
MAPA,20,68,52,4,0
MAPA,20,68,52,5,0
MAPA,20,68,52,6,0
MAPA,20,68,52,7,0
MAPA,20,68,52,8,0
MAPA,20,68,52,9,0
MAPA,20,68,52,10,0
MAPA,20,68,52,11,0
MAPA,20,68,52,12,0
MAPA,20,68,52,13,0
MAPA,20,68,52,14,0
MAPA,20,68,52,15,0
MAPA,20,68,52,16,0
MAPA,20,68,52,17,0
MAPA,20,68,52,18,0
MAPA,20,68,52,19,0
MAPA,20,68,52,20,0
MAPA,20,68,52,21,0
MAPA,20,68,52,22,0
MAPA,20,68,52,23,0
MAPA,20,68,52,24,0
MAPA,20,68,52,25,0
MAPA,20,68,52,26,0
MAPA,20,68,52,27,0
MAPA,20,68,52,28,0
MAPA,20,68,52,29,0
MAPA,20,68,52,30,0
MAPA,20,68,52,31,0
MAPA,20,68,52,32,0
MAPA,20,68,52,33,0
MAPA,20,68,52,34,0
MAPA,20,68,52,35,0
MAPA,20,68,52,36,0
MAPA,20,68,52,37,0
MAPA,20,68,52,38,0
MAPA,20,68,52,39,0
MAPA,20,68,52,40,0
MAPA,20,68,52,41,0
MAPA,20,68,52,42,0
MAPA,20,68,52,43,0
MAPA,20,68,52,44,0
MAPA,20,68,52,45,0
MAPA,20,68,52,46,0
MAPA,20,68,52,47,0
MAPA,20,68,52,48,0
MAPA,20,68,52,49,0
MAPA,20,68,52,50,0
MAPA,20,68,52,51,0
MAPA,20,68,52,52,0.875
MAPA,20,68,52,53,0
MAPA,20,68,52,54,0
MAPA,20,68,52,55,0
MAPA,20,68,52,56,0
MAPA,20,68,52,57,0
MAPA,2,69,53,1,0
MAPA,2,69,53,2,0
MAPA,2,69,53,3,0
MAPA,2,69,53,4,0
MAPA,2,69,53,5,0
MAPA,2,69,53,6,0
MAPA,2,69,53,7,0
MAPA,2,69,53,8,0
MAPA,2,69,53,9,0.09090909090909091
MAPA,2,69,53,10,0.08333333333333333
MAPA,2,69,53,11,0.09090909090909091
MAPA,2,69,53,12,0
MAPA,2,69,53,13,0
MAPA,2,69,53,14,0
MAPA,2,69,53,15,0
MAPA,2,69,53,16,0
MAPA,2,69,53,17,0
MAPA,2,69,53,18,0
MAPA,2,69,53,19,0
MAPA,2,69,53,20,0
MAPA,2,69,53,21,0
MAPA,2,69,53,22,0
MAPA,2,69,53,23,0
MAPA,2,69,53,24,0
MAPA,2,69,53,25,0
MAPA,2,69,53,26,0
MAPA,2,69,53,27,0.1111111111111111
MAPA,2,69,53,28,0
MAPA,2,69,53,29,0
MAPA,2,69,53,30,0
MAPA,2,69,53,31,0
MAPA,2,69,53,32,0
MAPA,2,69,53,33,0
MAPA,2,69,53,34,0
MAPA,2,69,53,35,0
MAPA,2,69,53,36,0
MAPA,2,69,53,37,0
MAPA,2,69,53,38,0
MAPA,2,69,53,39,0
MAPA,2,69,53,40,0
MAPA,2,69,53,41,0
MAPA,2,69,53,42,0
MAPA,2,69,53,43,0
MAPA,2,69,53,44,0
MAPA,2,69,53,45,0
MAPA,2,69,53,46,0
MAPA,2,69,53,47,0
MAPA,2,69,53,48,0
MAPA,2,69,53,49,0
MAPA,2,69,53,50,0
MAPA,2,69,53,51,0
MAPA,2,69,53,52,0
MAPA,2,69,53,53,0.125
MAPA,2,69,53,54,0
MAPA,2,69,53,55,0
MAPA,2,69,53,56,0
MAPA,2,69,53,57,0
MAPA,51,70,53,1,0
MAPA,51,70,53,2,0
MAPA,51,70,53,3,0
MAPA,51,70,53,4,0
MAPA,51,70,53,5,0
MAPA,51,70,53,6,0
MAPA,51,70,53,7,0
MAPA,51,70,53,8,0
MAPA,51,70,53,9,0
MAPA,51,70,53,10,0
MAPA,51,70,53,11,0
MAPA,51,70,53,12,0
MAPA,51,70,53,13,0
MAPA,51,70,53,14,0
MAPA,51,70,53,15,0
MAPA,51,70,53,16,0
MAPA,51,70,53,17,0
MAPA,51,70,53,18,0
MAPA,51,70,53,19,0
MAPA,51,70,53,20,0
MAPA,51,70,53,21,0
MAPA,51,70,53,22,0
MAPA,51,70,53,23,0
MAPA,51,70,53,24,0
MAPA,51,70,53,25,0
MAPA,51,70,53,26,0
MAPA,51,70,53,27,0
MAPA,51,70,53,28,0
MAPA,51,70,53,29,0
MAPA,51,70,53,30,0
MAPA,51,70,53,31,0
MAPA,51,70,53,32,0
MAPA,51,70,53,33,0
MAPA,51,70,53,34,0
MAPA,51,70,53,35,0
MAPA,51,70,53,36,0
MAPA,51,70,53,37,0
MAPA,51,70,53,38,0
MAPA,51,70,53,39,0
MAPA,51,70,53,40,0
MAPA,51,70,53,41,0
MAPA,51,70,53,42,0
MAPA,51,70,53,43,0
MAPA,51,70,53,44,0
MAPA,51,70,53,45,0
MAPA,51,70,53,46,0
MAPA,51,70,53,47,0
MAPA,51,70,53,48,0
MAPA,51,70,53,49,0
MAPA,51,70,53,50,0
MAPA,51,70,53,51,0
MAPA,51,70,53,52,0
MAPA,51,70,53,53,0.5
MAPA,51,70,53,54,0
MAPA,51,70,53,55,0
MAPA,51,70,53,56,0
MAPA,51,70,53,57,0
MAPA,7,71,54,1,0
MAPA,7,71,54,2,0
MAPA,7,71,54,3,0
MAPA,7,71,54,4,0
MAPA,7,71,54,5,0
MAPA,7,71,54,6,0
MAPA,7,71,54,7,0
MAPA,7,71,54,8,0
MAPA,7,71,54,9,0
MAPA,7,71,54,10,0
MAPA,7,71,54,11,0
MAPA,7,71,54,12,0
MAPA,7,71,54,13,0
MAPA,7,71,54,14,0
MAPA,7,71,54,15,0
MAPA,7,71,54,16,0
MAPA,7,71,54,17,0
MAPA,7,71,54,18,0
MAPA,7,71,54,19,0
MAPA,7,71,54,20,0
MAPA,7,71,54,21,0
MAPA,7,71,54,22,0
MAPA,7,71,54,23,0
MAPA,7,71,54,24,0
MAPA,7,71,54,25,0
MAPA,7,71,54,26,0
MAPA,7,71,54,27,0
MAPA,7,71,54,28,0
MAPA,7,71,54,29,0
MAPA,7,71,54,30,0
MAPA,7,71,54,31,0
MAPA,7,71,54,32,0
MAPA,7,71,54,33,0
MAPA,7,71,54,34,0
MAPA,7,71,54,35,0
MAPA,7,71,54,36,0
MAPA,7,71,54,37,0
MAPA,7,71,54,38,0
MAPA,7,71,54,39,0
MAPA,7,71,54,40,0
MAPA,7,71,54,41,0
MAPA,7,71,54,42,0
MAPA,7,71,54,43,0
MAPA,7,71,54,44,0
MAPA,7,71,54,45,0
MAPA,7,71,54,46,0
MAPA,7,71,54,47,0
MAPA,7,71,54,48,0
MAPA,7,71,54,49,0
MAPA,7,71,54,50,0
MAPA,7,71,54,51,0
MAPA,7,71,54,52,0
MAPA,7,71,54,53,0
MAPA,7,71,54,54,0.125
MAPA,7,71,54,55,0
MAPA,7,71,54,56,0
MAPA,7,71,54,57,0
MAPA,29,72,54,1,0
MAPA,29,72,54,2,0
MAPA,29,72,54,3,0
MAPA,29,72,54,4,0
MAPA,29,72,54,5,0
MAPA,29,72,54,6,0
MAPA,29,72,54,7,0
MAPA,29,72,54,8,0
MAPA,29,72,54,9,0
MAPA,29,72,54,10,0
MAPA,29,72,54,11,0
MAPA,29,72,54,12,0
MAPA,29,72,54,13,0
MAPA,29,72,54,14,0
MAPA,29,72,54,15,0
MAPA,29,72,54,16,0
MAPA,29,72,54,17,0
MAPA,29,72,54,18,0
MAPA,29,72,54,19,0
MAPA,29,72,54,20,0
MAPA,29,72,54,21,0
MAPA,29,72,54,22,0
MAPA,29,72,54,23,0
MAPA,29,72,54,24,0
MAPA,29,72,54,25,0
MAPA,29,72,54,26,0
MAPA,29,72,54,27,0
MAPA,29,72,54,28,0
MAPA,29,72,54,29,0
MAPA,29,72,54,30,0
MAPA,29,72,54,31,0
MAPA,29,72,54,32,0
MAPA,29,72,54,33,0
MAPA,29,72,54,34,0
MAPA,29,72,54,35,0
MAPA,29,72,54,36,0
MAPA,29,72,54,37,0
MAPA,29,72,54,38,0
MAPA,29,72,54,39,0
MAPA,29,72,54,40,0
MAPA,29,72,54,41,0
MAPA,29,72,54,42,0
MAPA,29,72,54,43,0
MAPA,29,72,54,44,0
MAPA,29,72,54,45,0
MAPA,29,72,54,46,0
MAPA,29,72,54,47,0
MAPA,29,72,54,48,0
MAPA,29,72,54,49,0
MAPA,29,72,54,50,0
MAPA,29,72,54,51,0
MAPA,29,72,54,52,0
MAPA,29,72,54,53,0
MAPA,29,72,54,54,0.1875
MAPA,29,72,54,55,0
MAPA,29,72,54,56,0
MAPA,29,72,54,57,0
MAPA,31,73,54,1,0
MAPA,31,73,54,2,0
MAPA,31,73,54,3,0
MAPA,31,73,54,4,0
MAPA,31,73,54,5,0
MAPA,31,73,54,6,0
MAPA,31,73,54,7,0
MAPA,31,73,54,8,0
MAPA,31,73,54,9,0
MAPA,31,73,54,10,0
MAPA,31,73,54,11,0
MAPA,31,73,54,12,0
MAPA,31,73,54,13,0
MAPA,31,73,54,14,0
MAPA,31,73,54,15,0
MAPA,31,73,54,16,0
MAPA,31,73,54,17,0
MAPA,31,73,54,18,0
MAPA,31,73,54,19,0
MAPA,31,73,54,20,0
MAPA,31,73,54,21,0
MAPA,31,73,54,22,0
MAPA,31,73,54,23,0
MAPA,31,73,54,24,0
MAPA,31,73,54,25,0
MAPA,31,73,54,26,0
MAPA,31,73,54,27,0
MAPA,31,73,54,28,0
MAPA,31,73,54,29,0
MAPA,31,73,54,30,0
MAPA,31,73,54,31,0
MAPA,31,73,54,32,0
MAPA,31,73,54,33,0
MAPA,31,73,54,34,0
MAPA,31,73,54,35,0
MAPA,31,73,54,36,0
MAPA,31,73,54,37,0
MAPA,31,73,54,38,0.125
MAPA,31,73,54,39,0
MAPA,31,73,54,40,0
MAPA,31,73,54,41,0
MAPA,31,73,54,42,0
MAPA,31,73,54,43,0
MAPA,31,73,54,44,0
MAPA,31,73,54,45,0
MAPA,31,73,54,46,0
MAPA,31,73,54,47,0
MAPA,31,73,54,48,0
MAPA,31,73,54,49,0
MAPA,31,73,54,50,0
MAPA,31,73,54,51,0
MAPA,31,73,54,52,0
MAPA,31,73,54,53,0
MAPA,31,73,54,54,0.23529411764705882
MAPA,31,73,54,55,0
MAPA,31,73,54,56,0
MAPA,31,73,54,57,0
MAPA,33,74,54,1,0
MAPA,33,74,54,2,0
MAPA,33,74,54,3,0
MAPA,33,74,54,4,0
MAPA,33,74,54,5,0
MAPA,33,74,54,6,0
MAPA,33,74,54,7,0
MAPA,33,74,54,8,0
MAPA,33,74,54,9,0
MAPA,33,74,54,10,0
MAPA,33,74,54,11,0
MAPA,33,74,54,12,0
MAPA,33,74,54,13,0
MAPA,33,74,54,14,0
MAPA,33,74,54,15,0
MAPA,33,74,54,16,0
MAPA,33,74,54,17,0
MAPA,33,74,54,18,0
MAPA,33,74,54,19,0
MAPA,33,74,54,20,0
MAPA,33,74,54,21,0
MAPA,33,74,54,22,0
MAPA,33,74,54,23,0
MAPA,33,74,54,24,0
MAPA,33,74,54,25,0
MAPA,33,74,54,26,0
MAPA,33,74,54,27,0
MAPA,33,74,54,28,0
MAPA,33,74,54,29,0
MAPA,33,74,54,30,0
MAPA,33,74,54,31,0
MAPA,33,74,54,32,0
MAPA,33,74,54,33,0
MAPA,33,74,54,34,0
MAPA,33,74,54,35,0
MAPA,33,74,54,36,0
MAPA,33,74,54,37,0
MAPA,33,74,54,38,0.1
MAPA,33,74,54,39,0
MAPA,33,74,54,40,0
MAPA,33,74,54,41,0
MAPA,33,74,54,42,0
MAPA,33,74,54,43,0
MAPA,33,74,54,44,0
MAPA,33,74,54,45,0
MAPA,33,74,54,46,0
MAPA,33,74,54,47,0
MAPA,33,74,54,48,0
MAPA,33,74,54,49,0
MAPA,33,74,54,50,0
MAPA,33,74,54,51,0
MAPA,33,74,54,52,0
MAPA,33,74,54,53,0
MAPA,33,74,54,54,0.35294117647058826
MAPA,33,74,54,55,0
MAPA,33,74,54,56,0
MAPA,33,74,54,57,0
MAPA,65,75,55,1,0
MAPA,65,75,55,2,0
MAPA,65,75,55,3,0
MAPA,65,75,55,4,0
MAPA,65,75,55,5,0
MAPA,65,75,55,6,0
MAPA,65,75,55,7,0
MAPA,65,75,55,8,0
MAPA,65,75,55,9,0
MAPA,65,75,55,10,0
MAPA,65,75,55,11,0
MAPA,65,75,55,12,0
MAPA,65,75,55,13,0
MAPA,65,75,55,14,0
MAPA,65,75,55,15,0
MAPA,65,75,55,16,0
MAPA,65,75,55,17,0
MAPA,65,75,55,18,0
MAPA,65,75,55,19,0
MAPA,65,75,55,20,0
MAPA,65,75,55,21,0
MAPA,65,75,55,22,0
MAPA,65,75,55,23,0
MAPA,65,75,55,24,0
MAPA,65,75,55,25,0
MAPA,65,75,55,26,0
MAPA,65,75,55,27,0
MAPA,65,75,55,28,0.14285714285714285
MAPA,65,75,55,29,0
MAPA,65,75,55,30,0
MAPA,65,75,55,31,0
MAPA,65,75,55,32,0
MAPA,65,75,55,33,0
MAPA,65,75,55,34,0
MAPA,65,75,55,35,0
MAPA,65,75,55,36,0
MAPA,65,75,55,37,0
MAPA,65,75,55,38,0
MAPA,65,75,55,39,0
MAPA,65,75,55,40,0
MAPA,65,75,55,41,0
MAPA,65,75,55,42,0
MAPA,65,75,55,43,0
MAPA,65,75,55,44,0
MAPA,65,75,55,45,0
MAPA,65,75,55,46,0
MAPA,65,75,55,47,0
MAPA,65,75,55,48,0
MAPA,65,75,55,49,0
MAPA,65,75,55,50,0
MAPA,65,75,55,51,0
MAPA,65,75,55,52,0
MAPA,65,75,55,53,0
MAPA,65,75,55,54,0
MAPA,65,75,55,55,0.3333333333333333
MAPA,65,75,55,56,0
MAPA,65,75,55,57,0
MAPA,58,76,56,1,0
MAPA,58,76,56,2,0
MAPA,58,76,56,3,0
MAPA,58,76,56,4,0
MAPA,58,76,56,5,0
MAPA,58,76,56,6,0
MAPA,58,76,56,7,0
MAPA,58,76,56,8,0
MAPA,58,76,56,9,0
MAPA,58,76,56,10,0
MAPA,58,76,56,11,0
MAPA,58,76,56,12,0
MAPA,58,76,56,13,0
MAPA,58,76,56,14,0
MAPA,58,76,56,15,0
MAPA,58,76,56,16,0
MAPA,58,76,56,17,0
MAPA,58,76,56,18,0
MAPA,58,76,56,19,0.38461538461538464
MAPA,58,76,56,20,0
MAPA,58,76,56,21,0
MAPA,58,76,56,22,0
MAPA,58,76,56,23,0
MAPA,58,76,56,24,0
MAPA,58,76,56,25,0
MAPA,58,76,56,26,0
MAPA,58,76,56,27,0
MAPA,58,76,56,28,0
MAPA,58,76,56,29,0
MAPA,58,76,56,30,0
MAPA,58,76,56,31,0
MAPA,58,76,56,32,0
MAPA,58,76,56,33,0
MAPA,58,76,56,34,0
MAPA,58,76,56,35,0
MAPA,58,76,56,36,0
MAPA,58,76,56,37,0
MAPA,58,76,56,38,0
MAPA,58,76,56,39,0
MAPA,58,76,56,40,0
MAPA,58,76,56,41,0
MAPA,58,76,56,42,0
MAPA,58,76,56,43,0
MAPA,58,76,56,44,0
MAPA,58,76,56,45,0
MAPA,58,76,56,46,0
MAPA,58,76,56,47,0
MAPA,58,76,56,48,0
MAPA,58,76,56,49,0
MAPA,58,76,56,50,0
MAPA,58,76,56,51,0
MAPA,58,76,56,52,0
MAPA,58,76,56,53,0
MAPA,58,76,56,54,0
MAPA,58,76,56,55,0
MAPA,58,76,56,56,0.6153846153846154
MAPA,58,76,56,57,0
MAPA,64,77,57,1,0
MAPA,64,77,57,2,0
MAPA,64,77,57,3,0
MAPA,64,77,57,4,0
MAPA,64,77,57,5,0
MAPA,64,77,57,6,0
MAPA,64,77,57,7,0
MAPA,64,77,57,8,0
MAPA,64,77,57,9,0
MAPA,64,77,57,10,0
MAPA,64,77,57,11,0
MAPA,64,77,57,12,0
MAPA,64,77,57,13,0
MAPA,64,77,57,14,0
MAPA,64,77,57,15,0
MAPA,64,77,57,16,0
MAPA,64,77,57,17,0
MAPA,64,77,57,18,0
MAPA,64,77,57,19,0
MAPA,64,77,57,20,0
MAPA,64,77,57,21,0
MAPA,64,77,57,22,0
MAPA,64,77,57,23,0
MAPA,64,77,57,24,0
MAPA,64,77,57,25,0
MAPA,64,77,57,26,0
MAPA,64,77,57,27,0
MAPA,64,77,57,28,0
MAPA,64,77,57,29,0
MAPA,64,77,57,30,0.16666666666666666
MAPA,64,77,57,31,0
MAPA,64,77,57,32,0
MAPA,64,77,57,33,0
MAPA,64,77,57,34,0
MAPA,64,77,57,35,0
MAPA,64,77,57,36,0
MAPA,64,77,57,37,0
MAPA,64,77,57,38,0
MAPA,64,77,57,39,0
MAPA,64,77,57,40,0
MAPA,64,77,57,41,0
MAPA,64,77,57,42,0
MAPA,64,77,57,43,0
MAPA,64,77,57,44,0
MAPA,64,77,57,45,0
MAPA,64,77,57,46,0
MAPA,64,77,57,47,0
MAPA,64,77,57,48,0
MAPA,64,77,57,49,0
MAPA,64,77,57,50,0
MAPA,64,77,57,51,0
MAPA,64,77,57,52,0
MAPA,64,77,57,53,0
MAPA,64,77,57,54,0
MAPA,64,77,57,55,0
MAPA,64,77,57,56,0
MAPA,64,77,57,57,0.2857142857142857
PAVER,14,1,1,1,0.625
PAVER,14,1,1,2,0
PAVER,14,1,1,3,0
PAVER,14,1,1,4,0
PAVER,14,1,1,5,0
PAVER,14,1,1,6,0
PAVER,14,1,1,7,0
PAVER,14,1,1,8,0
PAVER,14,1,1,9,0
PAVER,14,1,1,10,0
PAVER,14,1,1,11,0
PAVER,14,1,1,12,0
PAVER,14,1,1,13,0
PAVER,14,1,1,14,0
PAVER,14,1,1,15,0
PAVER,14,1,1,16,0
PAVER,14,1,1,17,0
PAVER,14,1,1,18,0
PAVER,14,1,1,19,0
PAVER,14,1,1,20,0
PAVER,14,1,1,21,0
PAVER,14,1,1,22,0
PAVER,14,1,1,23,0
PAVER,14,1,1,24,0
PAVER,14,1,1,25,0
PAVER,14,1,1,26,0
PAVER,14,1,1,27,0
PAVER,14,1,1,28,0
PAVER,14,1,1,29,0
PAVER,14,1,1,30,0
PAVER,14,1,1,31,0.09090909090909091
PAVER,14,1,1,32,0
PAVER,14,1,1,33,0
PAVER,14,1,1,34,0
PAVER,14,1,1,35,0
PAVER,14,1,1,36,0
PAVER,14,1,1,37,0
PAVER,14,1,1,38,0
PAVER,14,1,1,39,0
PAVER,14,1,1,40,0
PAVER,14,1,1,41,0
PAVER,14,1,1,42,0
PAVER,14,1,1,43,0
PAVER,14,1,1,44,0
PAVER,14,1,1,45,0
PAVER,14,1,1,46,0
PAVER,14,1,1,47,0
PAVER,14,1,1,48,0
PAVER,14,1,1,49,0
PAVER,14,1,1,50,0
PAVER,14,1,1,51,0
PAVER,14,1,1,52,0
PAVER,14,1,1,53,0
PAVER,14,1,1,54,0
PAVER,14,1,1,55,0
PAVER,14,1,1,56,0
PAVER,14,1,1,57,0
PAVER,55,2,1,1,0.25
PAVER,55,2,1,2,0.07142857142857142
PAVER,55,2,1,3,0
PAVER,55,2,1,4,0
PAVER,55,2,1,5,0
PAVER,55,2,1,6,0
PAVER,55,2,1,7,0
PAVER,55,2,1,8,0
PAVER,55,2,1,9,0
PAVER,55,2,1,10,0
PAVER,55,2,1,11,0
PAVER,55,2,1,12,0
PAVER,55,2,1,13,0
PAVER,55,2,1,14,0
PAVER,55,2,1,15,0
PAVER,55,2,1,16,0
PAVER,55,2,1,17,0
PAVER,55,2,1,18,0
PAVER,55,2,1,19,0
PAVER,55,2,1,20,0
PAVER,55,2,1,21,0
PAVER,55,2,1,22,0
PAVER,55,2,1,23,0
PAVER,55,2,1,24,0
PAVER,55,2,1,25,0
PAVER,55,2,1,26,0
PAVER,55,2,1,27,0
PAVER,55,2,1,28,0
PAVER,55,2,1,29,0
PAVER,55,2,1,30,0
PAVER,55,2,1,31,0
PAVER,55,2,1,32,0
PAVER,55,2,1,33,0
PAVER,55,2,1,34,0
PAVER,55,2,1,35,0
PAVER,55,2,1,36,0
PAVER,55,2,1,37,0
PAVER,55,2,1,38,0
PAVER,55,2,1,39,0
PAVER,55,2,1,40,0
PAVER,55,2,1,41,0
PAVER,55,2,1,42,0
PAVER,55,2,1,43,0
PAVER,55,2,1,44,0
PAVER,55,2,1,45,0
PAVER,55,2,1,46,0
PAVER,55,2,1,47,0
PAVER,55,2,1,48,0
PAVER,55,2,1,49,0
PAVER,55,2,1,50,0
PAVER,55,2,1,51,0
PAVER,55,2,1,52,0
PAVER,55,2,1,53,0
PAVER,55,2,1,54,0
PAVER,55,2,1,55,0
PAVER,55,2,1,56,0
PAVER,55,2,1,57,0
PAVER,12,3,2,1,0
PAVER,12,3,2,2,0.7692307692307693
PAVER,12,3,2,3,0
PAVER,12,3,2,4,0
PAVER,12,3,2,5,0
PAVER,12,3,2,6,0
PAVER,12,3,2,7,0
PAVER,12,3,2,8,0
PAVER,12,3,2,9,0
PAVER,12,3,2,10,0
PAVER,12,3,2,11,0
PAVER,12,3,2,12,0
PAVER,12,3,2,13,0
PAVER,12,3,2,14,0
PAVER,12,3,2,15,0
PAVER,12,3,2,16,0
PAVER,12,3,2,17,0
PAVER,12,3,2,18,0.058823529411764705
PAVER,12,3,2,19,0
PAVER,12,3,2,20,0
PAVER,12,3,2,21,0
PAVER,12,3,2,22,0
PAVER,12,3,2,23,0
PAVER,12,3,2,24,0
PAVER,12,3,2,25,0
PAVER,12,3,2,26,0
PAVER,12,3,2,27,0
PAVER,12,3,2,28,0
PAVER,12,3,2,29,0
PAVER,12,3,2,30,0
PAVER,12,3,2,31,0
PAVER,12,3,2,32,0
PAVER,12,3,2,33,0
PAVER,12,3,2,34,0
PAVER,12,3,2,35,0
PAVER,12,3,2,36,0
PAVER,12,3,2,37,0
PAVER,12,3,2,38,0
PAVER,12,3,2,39,0
PAVER,12,3,2,40,0
PAVER,12,3,2,41,0
PAVER,12,3,2,42,0
PAVER,12,3,2,43,0
PAVER,12,3,2,44,0
PAVER,12,3,2,45,0
PAVER,12,3,2,46,0
PAVER,12,3,2,47,0
PAVER,12,3,2,48,0
PAVER,12,3,2,49,0
PAVER,12,3,2,50,0
PAVER,12,3,2,51,0
PAVER,12,3,2,52,0
PAVER,12,3,2,53,0
PAVER,12,3,2,54,0
PAVER,12,3,2,55,0
PAVER,12,3,2,56,0
PAVER,12,3,2,57,0
PAVER,4,4,3,1,0
PAVER,4,4,3,2,0
PAVER,4,4,3,3,0.16666666666666666
PAVER,4,4,3,4,0
PAVER,4,4,3,5,0
PAVER,4,4,3,6,0
PAVER,4,4,3,7,0
PAVER,4,4,3,8,0
PAVER,4,4,3,9,0
PAVER,4,4,3,10,0
PAVER,4,4,3,11,0
PAVER,4,4,3,12,0
PAVER,4,4,3,13,0
PAVER,4,4,3,14,0
PAVER,4,4,3,15,0
PAVER,4,4,3,16,0
PAVER,4,4,3,17,0
PAVER,4,4,3,18,0
PAVER,4,4,3,19,0
PAVER,4,4,3,20,0
PAVER,4,4,3,21,0
PAVER,4,4,3,22,0
PAVER,4,4,3,23,0
PAVER,4,4,3,24,0
PAVER,4,4,3,25,0
PAVER,4,4,3,26,0
PAVER,4,4,3,27,0
PAVER,4,4,3,28,0
PAVER,4,4,3,29,0
PAVER,4,4,3,30,0
PAVER,4,4,3,31,0
PAVER,4,4,3,32,0
PAVER,4,4,3,33,0
PAVER,4,4,3,34,0
PAVER,4,4,3,35,0
PAVER,4,4,3,36,0
PAVER,4,4,3,37,0
PAVER,4,4,3,38,0
PAVER,4,4,3,39,0
PAVER,4,4,3,40,0
PAVER,4,4,3,41,0
PAVER,4,4,3,42,0
PAVER,4,4,3,43,0
PAVER,4,4,3,44,0
PAVER,4,4,3,45,0
PAVER,4,4,3,46,0
PAVER,4,4,3,47,0
PAVER,4,4,3,48,0
PAVER,4,4,3,49,0
PAVER,4,4,3,50,0
PAVER,4,4,3,51,0
PAVER,4,4,3,52,0
PAVER,4,4,3,53,0
PAVER,4,4,3,54,0.11764705882352941
PAVER,4,4,3,55,0
PAVER,4,4,3,56,0
PAVER,4,4,3,57,0
PAVER,8,5,3,1,0
PAVER,8,5,3,2,0
PAVER,8,5,3,3,0.75
PAVER,8,5,3,4,0
PAVER,8,5,3,5,0
PAVER,8,5,3,6,0
PAVER,8,5,3,7,0
PAVER,8,5,3,8,0
PAVER,8,5,3,9,0
PAVER,8,5,3,10,0
PAVER,8,5,3,11,0
PAVER,8,5,3,12,0
PAVER,8,5,3,13,0
PAVER,8,5,3,14,0
PAVER,8,5,3,15,0
PAVER,8,5,3,16,0
PAVER,8,5,3,17,0
PAVER,8,5,3,18,0
PAVER,8,5,3,19,0
PAVER,8,5,3,20,0
PAVER,8,5,3,21,0
PAVER,8,5,3,22,0
PAVER,8,5,3,23,0
PAVER,8,5,3,24,0
PAVER,8,5,3,25,0
PAVER,8,5,3,26,0
PAVER,8,5,3,27,0
PAVER,8,5,3,28,0
PAVER,8,5,3,29,0
PAVER,8,5,3,30,0
PAVER,8,5,3,31,0
PAVER,8,5,3,32,0
PAVER,8,5,3,33,0
PAVER,8,5,3,34,0
PAVER,8,5,3,35,0
PAVER,8,5,3,36,0
PAVER,8,5,3,37,0
PAVER,8,5,3,38,0
PAVER,8,5,3,39,0
PAVER,8,5,3,40,0
PAVER,8,5,3,41,0
PAVER,8,5,3,42,0
PAVER,8,5,3,43,0
PAVER,8,5,3,44,0
PAVER,8,5,3,45,0
PAVER,8,5,3,46,0
PAVER,8,5,3,47,0
PAVER,8,5,3,48,0
PAVER,8,5,3,49,0
PAVER,8,5,3,50,0
PAVER,8,5,3,51,0
PAVER,8,5,3,52,0
PAVER,8,5,3,53,0
PAVER,8,5,3,54,0
PAVER,8,5,3,55,0
PAVER,8,5,3,56,0
PAVER,8,5,3,57,0
PAVER,18,6,4,1,0
PAVER,18,6,4,2,0
PAVER,18,6,4,3,0
PAVER,18,6,4,4,1
PAVER,18,6,4,5,0
PAVER,18,6,4,6,0
PAVER,18,6,4,7,0
PAVER,18,6,4,8,0
PAVER,18,6,4,9,0
PAVER,18,6,4,10,0
PAVER,18,6,4,11,0
PAVER,18,6,4,12,0
PAVER,18,6,4,13,0
PAVER,18,6,4,14,0
PAVER,18,6,4,15,0
PAVER,18,6,4,16,0
PAVER,18,6,4,17,0
PAVER,18,6,4,18,0
PAVER,18,6,4,19,0
PAVER,18,6,4,20,0
PAVER,18,6,4,21,0
PAVER,18,6,4,22,0
PAVER,18,6,4,23,0
PAVER,18,6,4,24,0
PAVER,18,6,4,25,0
PAVER,18,6,4,26,0
PAVER,18,6,4,27,0
PAVER,18,6,4,28,0
PAVER,18,6,4,29,0
PAVER,18,6,4,30,0
PAVER,18,6,4,31,0
PAVER,18,6,4,32,0
PAVER,18,6,4,33,0
PAVER,18,6,4,34,0
PAVER,18,6,4,35,0
PAVER,18,6,4,36,0
PAVER,18,6,4,37,0
PAVER,18,6,4,38,0
PAVER,18,6,4,39,0
PAVER,18,6,4,40,0
PAVER,18,6,4,41,0
PAVER,18,6,4,42,0
PAVER,18,6,4,43,0
PAVER,18,6,4,44,0
PAVER,18,6,4,45,0
PAVER,18,6,4,46,0
PAVER,18,6,4,47,0
PAVER,18,6,4,48,0
PAVER,18,6,4,49,0
PAVER,18,6,4,50,0
PAVER,18,6,4,51,0
PAVER,18,6,4,52,0
PAVER,18,6,4,53,0
PAVER,18,6,4,54,0
PAVER,18,6,4,55,0
PAVER,18,6,4,56,0
PAVER,18,6,4,57,0
PAVER,19,7,5,1,0
PAVER,19,7,5,2,0
PAVER,19,7,5,3,0
PAVER,19,7,5,4,0
PAVER,19,7,5,5,1
PAVER,19,7,5,6,0
PAVER,19,7,5,7,0
PAVER,19,7,5,8,0
PAVER,19,7,5,9,0
PAVER,19,7,5,10,0
PAVER,19,7,5,11,0
PAVER,19,7,5,12,0
PAVER,19,7,5,13,0
PAVER,19,7,5,14,0
PAVER,19,7,5,15,0
PAVER,19,7,5,16,0
PAVER,19,7,5,17,0
PAVER,19,7,5,18,0
PAVER,19,7,5,19,0
PAVER,19,7,5,20,0
PAVER,19,7,5,21,0
PAVER,19,7,5,22,0
PAVER,19,7,5,23,0
PAVER,19,7,5,24,0
PAVER,19,7,5,25,0
PAVER,19,7,5,26,0
PAVER,19,7,5,27,0
PAVER,19,7,5,28,0
PAVER,19,7,5,29,0
PAVER,19,7,5,30,0
PAVER,19,7,5,31,0
PAVER,19,7,5,32,0
PAVER,19,7,5,33,0
PAVER,19,7,5,34,0
PAVER,19,7,5,35,0
PAVER,19,7,5,36,0
PAVER,19,7,5,37,0
PAVER,19,7,5,38,0
PAVER,19,7,5,39,0
PAVER,19,7,5,40,0
PAVER,19,7,5,41,0
PAVER,19,7,5,42,0
PAVER,19,7,5,43,0
PAVER,19,7,5,44,0
PAVER,19,7,5,45,0
PAVER,19,7,5,46,0
PAVER,19,7,5,47,0
PAVER,19,7,5,48,0
PAVER,19,7,5,49,0
PAVER,19,7,5,50,0
PAVER,19,7,5,51,0
PAVER,19,7,5,52,0
PAVER,19,7,5,53,0
PAVER,19,7,5,54,0
PAVER,19,7,5,55,0
PAVER,19,7,5,56,0
PAVER,19,7,5,57,0
PAVER,41,8,6,1,0
PAVER,41,8,6,2,0
PAVER,41,8,6,3,0
PAVER,41,8,6,4,0
PAVER,41,8,6,5,0
PAVER,41,8,6,6,0.625
PAVER,41,8,6,7,0
PAVER,41,8,6,8,0
PAVER,41,8,6,9,0
PAVER,41,8,6,10,0
PAVER,41,8,6,11,0
PAVER,41,8,6,12,0
PAVER,41,8,6,13,0
PAVER,41,8,6,14,0
PAVER,41,8,6,15,0
PAVER,41,8,6,16,0
PAVER,41,8,6,17,0
PAVER,41,8,6,18,0
PAVER,41,8,6,19,0
PAVER,41,8,6,20,0
PAVER,41,8,6,21,0
PAVER,41,8,6,22,0
PAVER,41,8,6,23,0
PAVER,41,8,6,24,0
PAVER,41,8,6,25,0
PAVER,41,8,6,26,0
PAVER,41,8,6,27,0
PAVER,41,8,6,28,0
PAVER,41,8,6,29,0
PAVER,41,8,6,30,0
PAVER,41,8,6,31,0
PAVER,41,8,6,32,0
PAVER,41,8,6,33,0
PAVER,41,8,6,34,0
PAVER,41,8,6,35,0
PAVER,41,8,6,36,0
PAVER,41,8,6,37,0
PAVER,41,8,6,38,0
PAVER,41,8,6,39,0
PAVER,41,8,6,40,0
PAVER,41,8,6,41,0
PAVER,41,8,6,42,0
PAVER,41,8,6,43,0
PAVER,41,8,6,44,0
PAVER,41,8,6,45,0
PAVER,41,8,6,46,0
PAVER,41,8,6,47,0
PAVER,41,8,6,48,0
PAVER,41,8,6,49,0
PAVER,41,8,6,50,0
PAVER,41,8,6,51,0
PAVER,41,8,6,52,0
PAVER,41,8,6,53,0
PAVER,41,8,6,54,0
PAVER,41,8,6,55,0
PAVER,41,8,6,56,0
PAVER,41,8,6,57,0
PAVER,15,9,7,1,0
PAVER,15,9,7,2,0
PAVER,15,9,7,3,0
PAVER,15,9,7,4,0
PAVER,15,9,7,5,0
PAVER,15,9,7,6,0
PAVER,15,9,7,7,0.2
PAVER,15,9,7,8,0
PAVER,15,9,7,9,0
PAVER,15,9,7,10,0
PAVER,15,9,7,11,0
PAVER,15,9,7,12,0
PAVER,15,9,7,13,0
PAVER,15,9,7,14,0
PAVER,15,9,7,15,0
PAVER,15,9,7,16,0
PAVER,15,9,7,17,0
PAVER,15,9,7,18,0
PAVER,15,9,7,19,0
PAVER,15,9,7,20,0
PAVER,15,9,7,21,0
PAVER,15,9,7,22,0
PAVER,15,9,7,23,0
PAVER,15,9,7,24,0
PAVER,15,9,7,25,0
PAVER,15,9,7,26,0.2
PAVER,15,9,7,27,0
PAVER,15,9,7,28,0
PAVER,15,9,7,29,0
PAVER,15,9,7,30,0
PAVER,15,9,7,31,0
PAVER,15,9,7,32,0
PAVER,15,9,7,33,0
PAVER,15,9,7,34,0
PAVER,15,9,7,35,0
PAVER,15,9,7,36,0
PAVER,15,9,7,37,0
PAVER,15,9,7,38,0
PAVER,15,9,7,39,0
PAVER,15,9,7,40,0
PAVER,15,9,7,41,0
PAVER,15,9,7,42,0
PAVER,15,9,7,43,0
PAVER,15,9,7,44,0
PAVER,15,9,7,45,0
PAVER,15,9,7,46,0
PAVER,15,9,7,47,0
PAVER,15,9,7,48,0
PAVER,15,9,7,49,0
PAVER,15,9,7,50,0
PAVER,15,9,7,51,0
PAVER,15,9,7,52,0
PAVER,15,9,7,53,0
PAVER,15,9,7,54,0
PAVER,15,9,7,55,0
PAVER,15,9,7,56,0
PAVER,15,9,7,57,0
PAVER,62,10,7,1,0
PAVER,62,10,7,2,0
PAVER,62,10,7,3,0
PAVER,62,10,7,4,0
PAVER,62,10,7,5,0
PAVER,62,10,7,6,0
PAVER,62,10,7,7,0.4
PAVER,62,10,7,8,0
PAVER,62,10,7,9,0
PAVER,62,10,7,10,0
PAVER,62,10,7,11,0
PAVER,62,10,7,12,0
PAVER,62,10,7,13,0
PAVER,62,10,7,14,0
PAVER,62,10,7,15,0
PAVER,62,10,7,16,0
PAVER,62,10,7,17,0
PAVER,62,10,7,18,0
PAVER,62,10,7,19,0
PAVER,62,10,7,20,0
PAVER,62,10,7,21,0
PAVER,62,10,7,22,0
PAVER,62,10,7,23,0
PAVER,62,10,7,24,0
PAVER,62,10,7,25,0
PAVER,62,10,7,26,0.16666666666666666
PAVER,62,10,7,27,0
PAVER,62,10,7,28,0
PAVER,62,10,7,29,0
PAVER,62,10,7,30,0
PAVER,62,10,7,31,0
PAVER,62,10,7,32,0
PAVER,62,10,7,33,0
PAVER,62,10,7,34,0
PAVER,62,10,7,35,0
PAVER,62,10,7,36,0
PAVER,62,10,7,37,0
PAVER,62,10,7,38,0
PAVER,62,10,7,39,0
PAVER,62,10,7,40,0
PAVER,62,10,7,41,0
PAVER,62,10,7,42,0
PAVER,62,10,7,43,0
PAVER,62,10,7,44,0
PAVER,62,10,7,45,0
PAVER,62,10,7,46,0
PAVER,62,10,7,47,0
PAVER,62,10,7,48,0
PAVER,62,10,7,49,0
PAVER,62,10,7,50,0
PAVER,62,10,7,51,0
PAVER,62,10,7,52,0
PAVER,62,10,7,53,0
PAVER,62,10,7,54,0
PAVER,62,10,7,55,0
PAVER,62,10,7,56,0
PAVER,62,10,7,57,0
PAVER,10,11,8,1,0
PAVER,10,11,8,2,0
PAVER,10,11,8,3,0
PAVER,10,11,8,4,0
PAVER,10,11,8,5,0
PAVER,10,11,8,6,0
PAVER,10,11,8,7,0
PAVER,10,11,8,8,0.5
PAVER,10,11,8,9,0
PAVER,10,11,8,10,0
PAVER,10,11,8,11,0
PAVER,10,11,8,12,0
PAVER,10,11,8,13,0
PAVER,10,11,8,14,0
PAVER,10,11,8,15,0
PAVER,10,11,8,16,0
PAVER,10,11,8,17,0
PAVER,10,11,8,18,0
PAVER,10,11,8,19,0
PAVER,10,11,8,20,0
PAVER,10,11,8,21,0
PAVER,10,11,8,22,0
PAVER,10,11,8,23,0
PAVER,10,11,8,24,0
PAVER,10,11,8,25,0
PAVER,10,11,8,26,0
PAVER,10,11,8,27,0
PAVER,10,11,8,28,0
PAVER,10,11,8,29,0
PAVER,10,11,8,30,0
PAVER,10,11,8,31,0
PAVER,10,11,8,32,0
PAVER,10,11,8,33,0
PAVER,10,11,8,34,0
PAVER,10,11,8,35,0
PAVER,10,11,8,36,0
PAVER,10,11,8,37,0
PAVER,10,11,8,38,0
PAVER,10,11,8,39,0
PAVER,10,11,8,40,0
PAVER,10,11,8,41,0
PAVER,10,11,8,42,0
PAVER,10,11,8,43,0
PAVER,10,11,8,44,0
PAVER,10,11,8,45,0
PAVER,10,11,8,46,0.25
PAVER,10,11,8,47,0
PAVER,10,11,8,48,0
PAVER,10,11,8,49,0
PAVER,10,11,8,50,0
PAVER,10,11,8,51,0
PAVER,10,11,8,52,0
PAVER,10,11,8,53,0
PAVER,10,11,8,54,0
PAVER,10,11,8,55,0
PAVER,10,11,8,56,0
PAVER,10,11,8,57,0
PAVER,27,12,9,1,0
PAVER,27,12,9,2,0
PAVER,27,12,9,3,0
PAVER,27,12,9,4,0
PAVER,27,12,9,5,0
PAVER,27,12,9,6,0
PAVER,27,12,9,7,0
PAVER,27,12,9,8,0
PAVER,27,12,9,9,0.4444444444444444
PAVER,27,12,9,10,0.07692307692307693
PAVER,27,12,9,11,0.08333333333333333
PAVER,27,12,9,12,0
PAVER,27,12,9,13,0
PAVER,27,12,9,14,0
PAVER,27,12,9,15,0
PAVER,27,12,9,16,0
PAVER,27,12,9,17,0
PAVER,27,12,9,18,0
PAVER,27,12,9,19,0
PAVER,27,12,9,20,0
PAVER,27,12,9,21,0
PAVER,27,12,9,22,0
PAVER,27,12,9,23,0
PAVER,27,12,9,24,0
PAVER,27,12,9,25,0
PAVER,27,12,9,26,0
PAVER,27,12,9,27,0
PAVER,27,12,9,28,0
PAVER,27,12,9,29,0
PAVER,27,12,9,30,0
PAVER,27,12,9,31,0
PAVER,27,12,9,32,0
PAVER,27,12,9,33,0
PAVER,27,12,9,34,0
PAVER,27,12,9,35,0
PAVER,27,12,9,36,0
PAVER,27,12,9,37,0
PAVER,27,12,9,38,0
PAVER,27,12,9,39,0
PAVER,27,12,9,40,0
PAVER,27,12,9,41,0
PAVER,27,12,9,42,0
PAVER,27,12,9,43,0
PAVER,27,12,9,44,0
PAVER,27,12,9,45,0
PAVER,27,12,9,46,0
PAVER,27,12,9,47,0
PAVER,27,12,9,48,0
PAVER,27,12,9,49,0
PAVER,27,12,9,50,0
PAVER,27,12,9,51,0
PAVER,27,12,9,52,0
PAVER,27,12,9,53,0
PAVER,27,12,9,54,0
PAVER,27,12,9,55,0
PAVER,27,12,9,56,0
PAVER,27,12,9,57,0
PAVER,29,13,9,1,0
PAVER,29,13,9,2,0
PAVER,29,13,9,3,0
PAVER,29,13,9,4,0
PAVER,29,13,9,5,0
PAVER,29,13,9,6,0
PAVER,29,13,9,7,0
PAVER,29,13,9,8,0
PAVER,29,13,9,9,0.125
PAVER,29,13,9,10,0
PAVER,29,13,9,11,0
PAVER,29,13,9,12,0
PAVER,29,13,9,13,0
PAVER,29,13,9,14,0
PAVER,29,13,9,15,0
PAVER,29,13,9,16,0
PAVER,29,13,9,17,0.125
PAVER,29,13,9,18,0
PAVER,29,13,9,19,0
PAVER,29,13,9,20,0
PAVER,29,13,9,21,0
PAVER,29,13,9,22,0
PAVER,29,13,9,23,0
PAVER,29,13,9,24,0
PAVER,29,13,9,25,0
PAVER,29,13,9,26,0
PAVER,29,13,9,27,0
PAVER,29,13,9,28,0
PAVER,29,13,9,29,0
PAVER,29,13,9,30,0
PAVER,29,13,9,31,0
PAVER,29,13,9,32,0
PAVER,29,13,9,33,0
PAVER,29,13,9,34,0
PAVER,29,13,9,35,0
PAVER,29,13,9,36,0
PAVER,29,13,9,37,0
PAVER,29,13,9,38,0
PAVER,29,13,9,39,0
PAVER,29,13,9,40,0
PAVER,29,13,9,41,0
PAVER,29,13,9,42,0
PAVER,29,13,9,43,0
PAVER,29,13,9,44,0
PAVER,29,13,9,45,0
PAVER,29,13,9,46,0
PAVER,29,13,9,47,0
PAVER,29,13,9,48,0
PAVER,29,13,9,49,0
PAVER,29,13,9,50,0
PAVER,29,13,9,51,0
PAVER,29,13,9,52,0
PAVER,29,13,9,53,0
PAVER,29,13,9,54,0
PAVER,29,13,9,55,0
PAVER,29,13,9,56,0
PAVER,29,13,9,57,0
PAVER,49,14,9,1,0
PAVER,49,14,9,2,0
PAVER,49,14,9,3,0
PAVER,49,14,9,4,0
PAVER,49,14,9,5,0
PAVER,49,14,9,6,0
PAVER,49,14,9,7,0
PAVER,49,14,9,8,0
PAVER,49,14,9,9,0.125
PAVER,49,14,9,10,0
PAVER,49,14,9,11,0
PAVER,49,14,9,12,0
PAVER,49,14,9,13,0
PAVER,49,14,9,14,0
PAVER,49,14,9,15,0
PAVER,49,14,9,16,0
PAVER,49,14,9,17,0.125
PAVER,49,14,9,18,0
PAVER,49,14,9,19,0
PAVER,49,14,9,20,0
PAVER,49,14,9,21,0
PAVER,49,14,9,22,0
PAVER,49,14,9,23,0
PAVER,49,14,9,24,0
PAVER,49,14,9,25,0
PAVER,49,14,9,26,0
PAVER,49,14,9,27,0
PAVER,49,14,9,28,0
PAVER,49,14,9,29,0
PAVER,49,14,9,30,0
PAVER,49,14,9,31,0
PAVER,49,14,9,32,0
PAVER,49,14,9,33,0
PAVER,49,14,9,34,0
PAVER,49,14,9,35,0
PAVER,49,14,9,36,0
PAVER,49,14,9,37,0
PAVER,49,14,9,38,0
PAVER,49,14,9,39,0
PAVER,49,14,9,40,0
PAVER,49,14,9,41,0
PAVER,49,14,9,42,0
PAVER,49,14,9,43,0
PAVER,49,14,9,44,0
PAVER,49,14,9,45,0
PAVER,49,14,9,46,0
PAVER,49,14,9,47,0
PAVER,49,14,9,48,0
PAVER,49,14,9,49,0
PAVER,49,14,9,50,0
PAVER,49,14,9,51,0
PAVER,49,14,9,52,0
PAVER,49,14,9,53,0
PAVER,49,14,9,54,0
PAVER,49,14,9,55,0
PAVER,49,14,9,56,0
PAVER,49,14,9,57,0
PAVER,28,15,10,1,0
PAVER,28,15,10,2,0
PAVER,28,15,10,3,0
PAVER,28,15,10,4,0
PAVER,28,15,10,5,0
PAVER,28,15,10,6,0
PAVER,28,15,10,7,0
PAVER,28,15,10,8,0
PAVER,28,15,10,9,0.08333333333333333
PAVER,28,15,10,10,0.5555555555555556
PAVER,28,15,10,11,0
PAVER,28,15,10,12,0
PAVER,28,15,10,13,0
PAVER,28,15,10,14,0
PAVER,28,15,10,15,0
PAVER,28,15,10,16,0
PAVER,28,15,10,17,0
PAVER,28,15,10,18,0
PAVER,28,15,10,19,0
PAVER,28,15,10,20,0
PAVER,28,15,10,21,0
PAVER,28,15,10,22,0
PAVER,28,15,10,23,0
PAVER,28,15,10,24,0
PAVER,28,15,10,25,0
PAVER,28,15,10,26,0
PAVER,28,15,10,27,0
PAVER,28,15,10,28,0
PAVER,28,15,10,29,0
PAVER,28,15,10,30,0
PAVER,28,15,10,31,0
PAVER,28,15,10,32,0
PAVER,28,15,10,33,0
PAVER,28,15,10,34,0
PAVER,28,15,10,35,0
PAVER,28,15,10,36,0
PAVER,28,15,10,37,0
PAVER,28,15,10,38,0
PAVER,28,15,10,39,0
PAVER,28,15,10,40,0
PAVER,28,15,10,41,0
PAVER,28,15,10,42,0
PAVER,28,15,10,43,0
PAVER,28,15,10,44,0
PAVER,28,15,10,45,0
PAVER,28,15,10,46,0
PAVER,28,15,10,47,0
PAVER,28,15,10,48,0
PAVER,28,15,10,49,0
PAVER,28,15,10,50,0
PAVER,28,15,10,51,0
PAVER,28,15,10,52,0
PAVER,28,15,10,53,0
PAVER,28,15,10,54,0
PAVER,28,15,10,55,0
PAVER,28,15,10,56,0
PAVER,28,15,10,57,0
PAVER,63,16,10,1,0
PAVER,63,16,10,2,0
PAVER,63,16,10,3,0
PAVER,63,16,10,4,0
PAVER,63,16,10,5,0
PAVER,63,16,10,6,0
PAVER,63,16,10,7,0
PAVER,63,16,10,8,0
PAVER,63,16,10,9,0
PAVER,63,16,10,10,0.25
PAVER,63,16,10,11,0
PAVER,63,16,10,12,0
PAVER,63,16,10,13,0
PAVER,63,16,10,14,0
PAVER,63,16,10,15,0
PAVER,63,16,10,16,0
PAVER,63,16,10,17,0
PAVER,63,16,10,18,0
PAVER,63,16,10,19,0
PAVER,63,16,10,20,0
PAVER,63,16,10,21,0
PAVER,63,16,10,22,0
PAVER,63,16,10,23,0
PAVER,63,16,10,24,0
PAVER,63,16,10,25,0
PAVER,63,16,10,26,0
PAVER,63,16,10,27,0
PAVER,63,16,10,28,0
PAVER,63,16,10,29,0
PAVER,63,16,10,30,0
PAVER,63,16,10,31,0
PAVER,63,16,10,32,0
PAVER,63,16,10,33,0
PAVER,63,16,10,34,0
PAVER,63,16,10,35,0
PAVER,63,16,10,36,0
PAVER,63,16,10,37,0
PAVER,63,16,10,38,0
PAVER,63,16,10,39,0
PAVER,63,16,10,40,0
PAVER,63,16,10,41,0
PAVER,63,16,10,42,0
PAVER,63,16,10,43,0
PAVER,63,16,10,44,0
PAVER,63,16,10,45,0
PAVER,63,16,10,46,0
PAVER,63,16,10,47,0
PAVER,63,16,10,48,0
PAVER,63,16,10,49,0
PAVER,63,16,10,50,0
PAVER,63,16,10,51,0
PAVER,63,16,10,52,0
PAVER,63,16,10,53,0
PAVER,63,16,10,54,0
PAVER,63,16,10,55,0
PAVER,63,16,10,56,0
PAVER,63,16,10,57,0
PAVER,25,17,11,1,0
PAVER,25,17,11,2,0
PAVER,25,17,11,3,0
PAVER,25,17,11,4,0
PAVER,25,17,11,5,0
PAVER,25,17,11,6,0
PAVER,25,17,11,7,0
PAVER,25,17,11,8,0
PAVER,25,17,11,9,0
PAVER,25,17,11,10,0
PAVER,25,17,11,11,0.8571428571428571
PAVER,25,17,11,12,0
PAVER,25,17,11,13,0
PAVER,25,17,11,14,0
PAVER,25,17,11,15,0
PAVER,25,17,11,16,0
PAVER,25,17,11,17,0
PAVER,25,17,11,18,0
PAVER,25,17,11,19,0
PAVER,25,17,11,20,0
PAVER,25,17,11,21,0
PAVER,25,17,11,22,0
PAVER,25,17,11,23,0
PAVER,25,17,11,24,0
PAVER,25,17,11,25,0
PAVER,25,17,11,26,0
PAVER,25,17,11,27,0
PAVER,25,17,11,28,0
PAVER,25,17,11,29,0
PAVER,25,17,11,30,0
PAVER,25,17,11,31,0
PAVER,25,17,11,32,0
PAVER,25,17,11,33,0
PAVER,25,17,11,34,0
PAVER,25,17,11,35,0
PAVER,25,17,11,36,0
PAVER,25,17,11,37,0
PAVER,25,17,11,38,0
PAVER,25,17,11,39,0
PAVER,25,17,11,40,0
PAVER,25,17,11,41,0
PAVER,25,17,11,42,0
PAVER,25,17,11,43,0
PAVER,25,17,11,44,0
PAVER,25,17,11,45,0
PAVER,25,17,11,46,0
PAVER,25,17,11,47,0
PAVER,25,17,11,48,0
PAVER,25,17,11,49,0
PAVER,25,17,11,50,0
PAVER,25,17,11,51,0
PAVER,25,17,11,52,0
PAVER,25,17,11,53,0
PAVER,25,17,11,54,0
PAVER,25,17,11,55,0
PAVER,25,17,11,56,0
PAVER,25,17,11,57,0
PAVER,31,18,12,1,0
PAVER,31,18,12,2,0
PAVER,31,18,12,3,0
PAVER,31,18,12,4,0
PAVER,31,18,12,5,0
PAVER,31,18,12,6,0
PAVER,31,18,12,7,0
PAVER,31,18,12,8,0
PAVER,31,18,12,9,0
PAVER,31,18,12,10,0
PAVER,31,18,12,11,0
PAVER,31,18,12,12,1
PAVER,31,18,12,13,0
PAVER,31,18,12,14,0
PAVER,31,18,12,15,0
PAVER,31,18,12,16,0
PAVER,31,18,12,17,0
PAVER,31,18,12,18,0
PAVER,31,18,12,19,0
PAVER,31,18,12,20,0
PAVER,31,18,12,21,0
PAVER,31,18,12,22,0
PAVER,31,18,12,23,0
PAVER,31,18,12,24,0
PAVER,31,18,12,25,0
PAVER,31,18,12,26,0
PAVER,31,18,12,27,0
PAVER,31,18,12,28,0
PAVER,31,18,12,29,0
PAVER,31,18,12,30,0
PAVER,31,18,12,31,0
PAVER,31,18,12,32,0
PAVER,31,18,12,33,0
PAVER,31,18,12,34,0
PAVER,31,18,12,35,0
PAVER,31,18,12,36,0
PAVER,31,18,12,37,0
PAVER,31,18,12,38,0
PAVER,31,18,12,39,0
PAVER,31,18,12,40,0
PAVER,31,18,12,41,0
PAVER,31,18,12,42,0
PAVER,31,18,12,43,0
PAVER,31,18,12,44,0
PAVER,31,18,12,45,0
PAVER,31,18,12,46,0
PAVER,31,18,12,47,0
PAVER,31,18,12,48,0
PAVER,31,18,12,49,0
PAVER,31,18,12,50,0
PAVER,31,18,12,51,0
PAVER,31,18,12,52,0
PAVER,31,18,12,53,0
PAVER,31,18,12,54,0
PAVER,31,18,12,55,0
PAVER,31,18,12,56,0
PAVER,31,18,12,57,0
PAVER,17,19,13,1,0
PAVER,17,19,13,2,0
PAVER,17,19,13,3,0
PAVER,17,19,13,4,0
PAVER,17,19,13,5,0
PAVER,17,19,13,6,0
PAVER,17,19,13,7,0
PAVER,17,19,13,8,0
PAVER,17,19,13,9,0
PAVER,17,19,13,10,0
PAVER,17,19,13,11,0
PAVER,17,19,13,12,0
PAVER,17,19,13,13,0.25
PAVER,17,19,13,14,0.1111111111111111
PAVER,17,19,13,15,0.25
PAVER,17,19,13,16,0
PAVER,17,19,13,17,0
PAVER,17,19,13,18,0
PAVER,17,19,13,19,0
PAVER,17,19,13,20,0
PAVER,17,19,13,21,0
PAVER,17,19,13,22,0
PAVER,17,19,13,23,0
PAVER,17,19,13,24,0
PAVER,17,19,13,25,0
PAVER,17,19,13,26,0
PAVER,17,19,13,27,0
PAVER,17,19,13,28,0
PAVER,17,19,13,29,0
PAVER,17,19,13,30,0
PAVER,17,19,13,31,0
PAVER,17,19,13,32,0
PAVER,17,19,13,33,0
PAVER,17,19,13,34,0
PAVER,17,19,13,35,0
PAVER,17,19,13,36,0
PAVER,17,19,13,37,0
PAVER,17,19,13,38,0
PAVER,17,19,13,39,0
PAVER,17,19,13,40,0
PAVER,17,19,13,41,0
PAVER,17,19,13,42,0
PAVER,17,19,13,43,0
PAVER,17,19,13,44,0
PAVER,17,19,13,45,0
PAVER,17,19,13,46,0
PAVER,17,19,13,47,0
PAVER,17,19,13,48,0
PAVER,17,19,13,49,0
PAVER,17,19,13,50,0
PAVER,17,19,13,51,0
PAVER,17,19,13,52,0
PAVER,17,19,13,53,0
PAVER,17,19,13,54,0
PAVER,17,19,13,55,0
PAVER,17,19,13,56,0
PAVER,17,19,13,57,0
PAVER,71,20,13,1,0
PAVER,71,20,13,2,0
PAVER,71,20,13,3,0
PAVER,71,20,13,4,0
PAVER,71,20,13,5,0
PAVER,71,20,13,6,0
PAVER,71,20,13,7,0
PAVER,71,20,13,8,0
PAVER,71,20,13,9,0
PAVER,71,20,13,10,0
PAVER,71,20,13,11,0
PAVER,71,20,13,12,0
PAVER,71,20,13,13,0.16666666666666666
PAVER,71,20,13,14,0
PAVER,71,20,13,15,0
PAVER,71,20,13,16,0
PAVER,71,20,13,17,0
PAVER,71,20,13,18,0
PAVER,71,20,13,19,0
PAVER,71,20,13,20,0
PAVER,71,20,13,21,0
PAVER,71,20,13,22,0
PAVER,71,20,13,23,0
PAVER,71,20,13,24,0
PAVER,71,20,13,25,0.125
PAVER,71,20,13,26,0
PAVER,71,20,13,27,0
PAVER,71,20,13,28,0
PAVER,71,20,13,29,0
PAVER,71,20,13,30,0
PAVER,71,20,13,31,0
PAVER,71,20,13,32,0
PAVER,71,20,13,33,0
PAVER,71,20,13,34,0
PAVER,71,20,13,35,0
PAVER,71,20,13,36,0
PAVER,71,20,13,37,0
PAVER,71,20,13,38,0
PAVER,71,20,13,39,0
PAVER,71,20,13,40,0
PAVER,71,20,13,41,0
PAVER,71,20,13,42,0
PAVER,71,20,13,43,0
PAVER,71,20,13,44,0
PAVER,71,20,13,45,0
PAVER,71,20,13,46,0
PAVER,71,20,13,47,0
PAVER,71,20,13,48,0
PAVER,71,20,13,49,0
PAVER,71,20,13,50,0
PAVER,71,20,13,51,0
PAVER,71,20,13,52,0
PAVER,71,20,13,53,0
PAVER,71,20,13,54,0
PAVER,71,20,13,55,0
PAVER,71,20,13,56,0
PAVER,71,20,13,57,0
PAVER,46,21,14,1,0
PAVER,46,21,14,2,0
PAVER,46,21,14,3,0
PAVER,46,21,14,4,0
PAVER,46,21,14,5,0
PAVER,46,21,14,6,0
PAVER,46,21,14,7,0
PAVER,46,21,14,8,0
PAVER,46,21,14,9,0
PAVER,46,21,14,10,0
PAVER,46,21,14,11,0
PAVER,46,21,14,12,0
PAVER,46,21,14,13,0
PAVER,46,21,14,14,0.14285714285714285
PAVER,46,21,14,15,0
PAVER,46,21,14,16,0
PAVER,46,21,14,17,0
PAVER,46,21,14,18,0
PAVER,46,21,14,19,0
PAVER,46,21,14,20,0
PAVER,46,21,14,21,0
PAVER,46,21,14,22,0
PAVER,46,21,14,23,0
PAVER,46,21,14,24,0
PAVER,46,21,14,25,0
PAVER,46,21,14,26,0
PAVER,46,21,14,27,0
PAVER,46,21,14,28,0
PAVER,46,21,14,29,0
PAVER,46,21,14,30,0
PAVER,46,21,14,31,0
PAVER,46,21,14,32,0
PAVER,46,21,14,33,0
PAVER,46,21,14,34,0
PAVER,46,21,14,35,0
PAVER,46,21,14,36,0
PAVER,46,21,14,37,0
PAVER,46,21,14,38,0
PAVER,46,21,14,39,0
PAVER,46,21,14,40,0
PAVER,46,21,14,41,0
PAVER,46,21,14,42,0
PAVER,46,21,14,43,0.1111111111111111
PAVER,46,21,14,44,0.1111111111111111
PAVER,46,21,14,45,0
PAVER,46,21,14,46,0
PAVER,46,21,14,47,0
PAVER,46,21,14,48,0
PAVER,46,21,14,49,0
PAVER,46,21,14,50,0
PAVER,46,21,14,51,0
PAVER,46,21,14,52,0
PAVER,46,21,14,53,0
PAVER,46,21,14,54,0
PAVER,46,21,14,55,0
PAVER,46,21,14,56,0
PAVER,46,21,14,57,0
PAVER,65,22,15,1,0
PAVER,65,22,15,2,0
PAVER,65,22,15,3,0
PAVER,65,22,15,4,0
PAVER,65,22,15,5,0
PAVER,65,22,15,6,0
PAVER,65,22,15,7,0
PAVER,65,22,15,8,0
PAVER,65,22,15,9,0
PAVER,65,22,15,10,0
PAVER,65,22,15,11,0
PAVER,65,22,15,12,0
PAVER,65,22,15,13,0.125
PAVER,65,22,15,14,0
PAVER,65,22,15,15,0.5
PAVER,65,22,15,16,0
PAVER,65,22,15,17,0
PAVER,65,22,15,18,0
PAVER,65,22,15,19,0
PAVER,65,22,15,20,0
PAVER,65,22,15,21,0
PAVER,65,22,15,22,0
PAVER,65,22,15,23,0
PAVER,65,22,15,24,0
PAVER,65,22,15,25,0
PAVER,65,22,15,26,0
PAVER,65,22,15,27,0
PAVER,65,22,15,28,0
PAVER,65,22,15,29,0
PAVER,65,22,15,30,0
PAVER,65,22,15,31,0
PAVER,65,22,15,32,0
PAVER,65,22,15,33,0
PAVER,65,22,15,34,0
PAVER,65,22,15,35,0
PAVER,65,22,15,36,0
PAVER,65,22,15,37,0
PAVER,65,22,15,38,0
PAVER,65,22,15,39,0
PAVER,65,22,15,40,0
PAVER,65,22,15,41,0
PAVER,65,22,15,42,0
PAVER,65,22,15,43,0
PAVER,65,22,15,44,0
PAVER,65,22,15,45,0
PAVER,65,22,15,46,0
PAVER,65,22,15,47,0
PAVER,65,22,15,48,0
PAVER,65,22,15,49,0
PAVER,65,22,15,50,0
PAVER,65,22,15,51,0
PAVER,65,22,15,52,0
PAVER,65,22,15,53,0
PAVER,65,22,15,54,0
PAVER,65,22,15,55,0
PAVER,65,22,15,56,0
PAVER,65,22,15,57,0
PAVER,51,23,16,1,0
PAVER,51,23,16,2,0
PAVER,51,23,16,3,0
PAVER,51,23,16,4,0
PAVER,51,23,16,5,0
PAVER,51,23,16,6,0
PAVER,51,23,16,7,0
PAVER,51,23,16,8,0
PAVER,51,23,16,9,0
PAVER,51,23,16,10,0
PAVER,51,23,16,11,0
PAVER,51,23,16,12,0
PAVER,51,23,16,13,0
PAVER,51,23,16,14,0
PAVER,51,23,16,15,0
PAVER,51,23,16,16,0.125
PAVER,51,23,16,17,0.09090909090909091
PAVER,51,23,16,18,0.09090909090909091
PAVER,51,23,16,19,0.1111111111111111
PAVER,51,23,16,20,0
PAVER,51,23,16,21,0
PAVER,51,23,16,22,0
PAVER,51,23,16,23,0
PAVER,51,23,16,24,0
PAVER,51,23,16,25,0
PAVER,51,23,16,26,0
PAVER,51,23,16,27,0
PAVER,51,23,16,28,0
PAVER,51,23,16,29,0
PAVER,51,23,16,30,0
PAVER,51,23,16,31,0
PAVER,51,23,16,32,0
PAVER,51,23,16,33,0
PAVER,51,23,16,34,0
PAVER,51,23,16,35,0
PAVER,51,23,16,36,0
PAVER,51,23,16,37,0
PAVER,51,23,16,38,0
PAVER,51,23,16,39,0
PAVER,51,23,16,40,0
PAVER,51,23,16,41,0
PAVER,51,23,16,42,0
PAVER,51,23,16,43,0
PAVER,51,23,16,44,0
PAVER,51,23,16,45,0
PAVER,51,23,16,46,0
PAVER,51,23,16,47,0
PAVER,51,23,16,48,0.1111111111111111
PAVER,51,23,16,49,0
PAVER,51,23,16,50,0
PAVER,51,23,16,51,0
PAVER,51,23,16,52,0
PAVER,51,23,16,53,0
PAVER,51,23,16,54,0
PAVER,51,23,16,55,0
PAVER,51,23,16,56,0
PAVER,51,23,16,57,0
PAVER,57,24,16,1,0
PAVER,57,24,16,2,0
PAVER,57,24,16,3,0
PAVER,57,24,16,4,0
PAVER,57,24,16,5,0
PAVER,57,24,16,6,0
PAVER,57,24,16,7,0
PAVER,57,24,16,8,0
PAVER,57,24,16,9,0
PAVER,57,24,16,10,0
PAVER,57,24,16,11,0
PAVER,57,24,16,12,0
PAVER,57,24,16,13,0
PAVER,57,24,16,14,0
PAVER,57,24,16,15,0
PAVER,57,24,16,16,0.375
PAVER,57,24,16,17,0
PAVER,57,24,16,18,0
PAVER,57,24,16,19,0
PAVER,57,24,16,20,0
PAVER,57,24,16,21,0
PAVER,57,24,16,22,0
PAVER,57,24,16,23,0
PAVER,57,24,16,24,0
PAVER,57,24,16,25,0
PAVER,57,24,16,26,0
PAVER,57,24,16,27,0
PAVER,57,24,16,28,0.2
PAVER,57,24,16,29,0
PAVER,57,24,16,30,0
PAVER,57,24,16,31,0
PAVER,57,24,16,32,0
PAVER,57,24,16,33,0
PAVER,57,24,16,34,0
PAVER,57,24,16,35,0
PAVER,57,24,16,36,0
PAVER,57,24,16,37,0
PAVER,57,24,16,38,0
PAVER,57,24,16,39,0
PAVER,57,24,16,40,0
PAVER,57,24,16,41,0
PAVER,57,24,16,42,0
PAVER,57,24,16,43,0
PAVER,57,24,16,44,0
PAVER,57,24,16,45,0
PAVER,57,24,16,46,0
PAVER,57,24,16,47,0
PAVER,57,24,16,48,0
PAVER,57,24,16,49,0
PAVER,57,24,16,50,0
PAVER,57,24,16,51,0
PAVER,57,24,16,52,0
PAVER,57,24,16,53,0
PAVER,57,24,16,54,0
PAVER,57,24,16,55,0.2
PAVER,57,24,16,56,0
PAVER,57,24,16,57,0
PAVER,36,25,17,1,0
PAVER,36,25,17,2,0.07142857142857142
PAVER,36,25,17,3,0
PAVER,36,25,17,4,0
PAVER,36,25,17,5,0
PAVER,36,25,17,6,0
PAVER,36,25,17,7,0
PAVER,36,25,17,8,0
PAVER,36,25,17,9,0
PAVER,36,25,17,10,0
PAVER,36,25,17,11,0
PAVER,36,25,17,12,0
PAVER,36,25,17,13,0
PAVER,36,25,17,14,0
PAVER,36,25,17,15,0
PAVER,36,25,17,16,0
PAVER,36,25,17,17,0.25
PAVER,36,25,17,18,0
PAVER,36,25,17,19,0
PAVER,36,25,17,20,0
PAVER,36,25,17,21,0
PAVER,36,25,17,22,0
PAVER,36,25,17,23,0
PAVER,36,25,17,24,0
PAVER,36,25,17,25,0
PAVER,36,25,17,26,0
PAVER,36,25,17,27,0
PAVER,36,25,17,28,0
PAVER,36,25,17,29,0
PAVER,36,25,17,30,0
PAVER,36,25,17,31,0
PAVER,36,25,17,32,0
PAVER,36,25,17,33,0
PAVER,36,25,17,34,0
PAVER,36,25,17,35,0
PAVER,36,25,17,36,0
PAVER,36,25,17,37,0
PAVER,36,25,17,38,0
PAVER,36,25,17,39,0
PAVER,36,25,17,40,0
PAVER,36,25,17,41,0
PAVER,36,25,17,42,0
PAVER,36,25,17,43,0
PAVER,36,25,17,44,0
PAVER,36,25,17,45,0
PAVER,36,25,17,46,0
PAVER,36,25,17,47,0
PAVER,36,25,17,48,0
PAVER,36,25,17,49,0
PAVER,36,25,17,50,0
PAVER,36,25,17,51,0
PAVER,36,25,17,52,0
PAVER,36,25,17,53,0
PAVER,36,25,17,54,0
PAVER,36,25,17,55,0
PAVER,36,25,17,56,0
PAVER,36,25,17,57,0
PAVER,37,26,17,1,0
PAVER,37,26,17,2,0
PAVER,37,26,17,3,0
PAVER,37,26,17,4,0
PAVER,37,26,17,5,0
PAVER,37,26,17,6,0
PAVER,37,26,17,7,0
PAVER,37,26,17,8,0
PAVER,37,26,17,9,0
PAVER,37,26,17,10,0
PAVER,37,26,17,11,0
PAVER,37,26,17,12,0
PAVER,37,26,17,13,0
PAVER,37,26,17,14,0
PAVER,37,26,17,15,0
PAVER,37,26,17,16,0
PAVER,37,26,17,17,0.2857142857142857
PAVER,37,26,17,18,0
PAVER,37,26,17,19,0
PAVER,37,26,17,20,0
PAVER,37,26,17,21,0
PAVER,37,26,17,22,0
PAVER,37,26,17,23,0
PAVER,37,26,17,24,0
PAVER,37,26,17,25,0
PAVER,37,26,17,26,0
PAVER,37,26,17,27,0
PAVER,37,26,17,28,0
PAVER,37,26,17,29,0
PAVER,37,26,17,30,0
PAVER,37,26,17,31,0
PAVER,37,26,17,32,0
PAVER,37,26,17,33,0
PAVER,37,26,17,34,0
PAVER,37,26,17,35,0
PAVER,37,26,17,36,0
PAVER,37,26,17,37,0
PAVER,37,26,17,38,0
PAVER,37,26,17,39,0
PAVER,37,26,17,40,0
PAVER,37,26,17,41,0
PAVER,37,26,17,42,0
PAVER,37,26,17,43,0
PAVER,37,26,17,44,0
PAVER,37,26,17,45,0
PAVER,37,26,17,46,0
PAVER,37,26,17,47,0
PAVER,37,26,17,48,0
PAVER,37,26,17,49,0
PAVER,37,26,17,50,0
PAVER,37,26,17,51,0
PAVER,37,26,17,52,0
PAVER,37,26,17,53,0
PAVER,37,26,17,54,0
PAVER,37,26,17,55,0
PAVER,37,26,17,56,0
PAVER,37,26,17,57,0
PAVER,22,27,20,1,0
PAVER,22,27,20,2,0
PAVER,22,27,20,3,0
PAVER,22,27,20,4,0
PAVER,22,27,20,5,0
PAVER,22,27,20,6,0.08333333333333333
PAVER,22,27,20,7,0
PAVER,22,27,20,8,0
PAVER,22,27,20,9,0
PAVER,22,27,20,10,0
PAVER,22,27,20,11,0
PAVER,22,27,20,12,0
PAVER,22,27,20,13,0
PAVER,22,27,20,14,0
PAVER,22,27,20,15,0
PAVER,22,27,20,16,0
PAVER,22,27,20,17,0
PAVER,22,27,20,18,0
PAVER,22,27,20,19,0
PAVER,22,27,20,20,0.6666666666666666
PAVER,22,27,20,21,0
PAVER,22,27,20,22,0
PAVER,22,27,20,23,0
PAVER,22,27,20,24,0
PAVER,22,27,20,25,0
PAVER,22,27,20,26,0
PAVER,22,27,20,27,0
PAVER,22,27,20,28,0
PAVER,22,27,20,29,0
PAVER,22,27,20,30,0
PAVER,22,27,20,31,0
PAVER,22,27,20,32,0
PAVER,22,27,20,33,0
PAVER,22,27,20,34,0
PAVER,22,27,20,35,0
PAVER,22,27,20,36,0
PAVER,22,27,20,37,0
PAVER,22,27,20,38,0
PAVER,22,27,20,39,0
PAVER,22,27,20,40,0
PAVER,22,27,20,41,0
PAVER,22,27,20,42,0
PAVER,22,27,20,43,0
PAVER,22,27,20,44,0
PAVER,22,27,20,45,0
PAVER,22,27,20,46,0
PAVER,22,27,20,47,0
PAVER,22,27,20,48,0
PAVER,22,27,20,49,0
PAVER,22,27,20,50,0
PAVER,22,27,20,51,0
PAVER,22,27,20,52,0
PAVER,22,27,20,53,0
PAVER,22,27,20,54,0
PAVER,22,27,20,55,0
PAVER,22,27,20,56,0
PAVER,22,27,20,57,0
PAVER,26,28,20,1,0
PAVER,26,28,20,2,0
PAVER,26,28,20,3,0
PAVER,26,28,20,4,0
PAVER,26,28,20,5,0
PAVER,26,28,20,6,0
PAVER,26,28,20,7,0
PAVER,26,28,20,8,0
PAVER,26,28,20,9,0
PAVER,26,28,20,10,0
PAVER,26,28,20,11,0
PAVER,26,28,20,12,0
PAVER,26,28,20,13,0
PAVER,26,28,20,14,0
PAVER,26,28,20,15,0
PAVER,26,28,20,16,0
PAVER,26,28,20,17,0
PAVER,26,28,20,18,0
PAVER,26,28,20,19,0
PAVER,26,28,20,20,0.16666666666666666
PAVER,26,28,20,21,0
PAVER,26,28,20,22,0
PAVER,26,28,20,23,0
PAVER,26,28,20,24,0
PAVER,26,28,20,25,0
PAVER,26,28,20,26,0
PAVER,26,28,20,27,0
PAVER,26,28,20,28,0
PAVER,26,28,20,29,0
PAVER,26,28,20,30,0
PAVER,26,28,20,31,0
PAVER,26,28,20,32,0
PAVER,26,28,20,33,0
PAVER,26,28,20,34,0
PAVER,26,28,20,35,0
PAVER,26,28,20,36,0
PAVER,26,28,20,37,0
PAVER,26,28,20,38,0
PAVER,26,28,20,39,0
PAVER,26,28,20,40,0
PAVER,26,28,20,41,0
PAVER,26,28,20,42,0
PAVER,26,28,20,43,0
PAVER,26,28,20,44,0
PAVER,26,28,20,45,0
PAVER,26,28,20,46,0
PAVER,26,28,20,47,0
PAVER,26,28,20,48,0.16666666666666666
PAVER,26,28,20,49,0
PAVER,26,28,20,50,0
PAVER,26,28,20,51,0
PAVER,26,28,20,52,0
PAVER,26,28,20,53,0
PAVER,26,28,20,54,0
PAVER,26,28,20,55,0
PAVER,26,28,20,56,0
PAVER,26,28,20,57,0
PAVER,3,29,21,1,0
PAVER,3,29,21,2,0
PAVER,3,29,21,3,0
PAVER,3,29,21,4,0
PAVER,3,29,21,5,0
PAVER,3,29,21,6,0
PAVER,3,29,21,7,0
PAVER,3,29,21,8,0.1111111111111111
PAVER,3,29,21,9,0
PAVER,3,29,21,10,0
PAVER,3,29,21,11,0
PAVER,3,29,21,12,0
PAVER,3,29,21,13,0
PAVER,3,29,21,14,0
PAVER,3,29,21,15,0
PAVER,3,29,21,16,0
PAVER,3,29,21,17,0
PAVER,3,29,21,18,0
PAVER,3,29,21,19,0
PAVER,3,29,21,20,0
PAVER,3,29,21,21,0.8333333333333334
PAVER,3,29,21,22,0
PAVER,3,29,21,23,0
PAVER,3,29,21,24,0
PAVER,3,29,21,25,0
PAVER,3,29,21,26,0
PAVER,3,29,21,27,0
PAVER,3,29,21,28,0
PAVER,3,29,21,29,0
PAVER,3,29,21,30,0
PAVER,3,29,21,31,0
PAVER,3,29,21,32,0
PAVER,3,29,21,33,0
PAVER,3,29,21,34,0
PAVER,3,29,21,35,0
PAVER,3,29,21,36,0
PAVER,3,29,21,37,0
PAVER,3,29,21,38,0
PAVER,3,29,21,39,0
PAVER,3,29,21,40,0
PAVER,3,29,21,41,0
PAVER,3,29,21,42,0
PAVER,3,29,21,43,0
PAVER,3,29,21,44,0
PAVER,3,29,21,45,0
PAVER,3,29,21,46,0
PAVER,3,29,21,47,0
PAVER,3,29,21,48,0
PAVER,3,29,21,49,0
PAVER,3,29,21,50,0
PAVER,3,29,21,51,0
PAVER,3,29,21,52,0
PAVER,3,29,21,53,0
PAVER,3,29,21,54,0
PAVER,3,29,21,55,0
PAVER,3,29,21,56,0
PAVER,3,29,21,57,0
PAVER,2,30,22,1,0
PAVER,2,30,22,2,0
PAVER,2,30,22,3,0
PAVER,2,30,22,4,0
PAVER,2,30,22,5,0
PAVER,2,30,22,6,0
PAVER,2,30,22,7,0
PAVER,2,30,22,8,0
PAVER,2,30,22,9,0
PAVER,2,30,22,10,0
PAVER,2,30,22,11,0
PAVER,2,30,22,12,0
PAVER,2,30,22,13,0
PAVER,2,30,22,14,0
PAVER,2,30,22,15,0
PAVER,2,30,22,16,0
PAVER,2,30,22,17,0
PAVER,2,30,22,18,0
PAVER,2,30,22,19,0
PAVER,2,30,22,20,0
PAVER,2,30,22,21,0
PAVER,2,30,22,22,0.5
PAVER,2,30,22,23,0
PAVER,2,30,22,24,0
PAVER,2,30,22,25,0
PAVER,2,30,22,26,0
PAVER,2,30,22,27,0
PAVER,2,30,22,28,0
PAVER,2,30,22,29,0
PAVER,2,30,22,30,0
PAVER,2,30,22,31,0
PAVER,2,30,22,32,0
PAVER,2,30,22,33,0
PAVER,2,30,22,34,0
PAVER,2,30,22,35,0
PAVER,2,30,22,36,0
PAVER,2,30,22,37,0
PAVER,2,30,22,38,0
PAVER,2,30,22,39,0
PAVER,2,30,22,40,0
PAVER,2,30,22,41,0
PAVER,2,30,22,42,0
PAVER,2,30,22,43,0
PAVER,2,30,22,44,0
PAVER,2,30,22,45,0
PAVER,2,30,22,46,0
PAVER,2,30,22,47,0
PAVER,2,30,22,48,0
PAVER,2,30,22,49,0
PAVER,2,30,22,50,0
PAVER,2,30,22,51,0
PAVER,2,30,22,52,0
PAVER,2,30,22,53,0
PAVER,2,30,22,54,0
PAVER,2,30,22,55,0
PAVER,2,30,22,56,0
PAVER,2,30,22,57,0
PAVER,21,31,23,1,0
PAVER,21,31,23,2,0
PAVER,21,31,23,3,0
PAVER,21,31,23,4,0
PAVER,21,31,23,5,0
PAVER,21,31,23,6,0
PAVER,21,31,23,7,0
PAVER,21,31,23,8,0
PAVER,21,31,23,9,0
PAVER,21,31,23,10,0
PAVER,21,31,23,11,0
PAVER,21,31,23,12,0
PAVER,21,31,23,13,0
PAVER,21,31,23,14,0
PAVER,21,31,23,15,0
PAVER,21,31,23,16,0
PAVER,21,31,23,17,0
PAVER,21,31,23,18,0
PAVER,21,31,23,19,0
PAVER,21,31,23,20,0
PAVER,21,31,23,21,0
PAVER,21,31,23,22,0
PAVER,21,31,23,23,1
PAVER,21,31,23,24,0
PAVER,21,31,23,25,0
PAVER,21,31,23,26,0
PAVER,21,31,23,27,0
PAVER,21,31,23,28,0
PAVER,21,31,23,29,0
PAVER,21,31,23,30,0
PAVER,21,31,23,31,0
PAVER,21,31,23,32,0
PAVER,21,31,23,33,0
PAVER,21,31,23,34,0
PAVER,21,31,23,35,0
PAVER,21,31,23,36,0
PAVER,21,31,23,37,0
PAVER,21,31,23,38,0
PAVER,21,31,23,39,0
PAVER,21,31,23,40,0
PAVER,21,31,23,41,0
PAVER,21,31,23,42,0
PAVER,21,31,23,43,0
PAVER,21,31,23,44,0
PAVER,21,31,23,45,0
PAVER,21,31,23,46,0
PAVER,21,31,23,47,0
PAVER,21,31,23,48,0
PAVER,21,31,23,49,0
PAVER,21,31,23,50,0
PAVER,21,31,23,51,0
PAVER,21,31,23,52,0
PAVER,21,31,23,53,0
PAVER,21,31,23,54,0
PAVER,21,31,23,55,0
PAVER,21,31,23,56,0
PAVER,21,31,23,57,0
PAVER,5,32,24,1,0
PAVER,5,32,24,2,0
PAVER,5,32,24,3,0
PAVER,5,32,24,4,0
PAVER,5,32,24,5,0
PAVER,5,32,24,6,0
PAVER,5,32,24,7,0
PAVER,5,32,24,8,0
PAVER,5,32,24,9,0
PAVER,5,32,24,10,0
PAVER,5,32,24,11,0
PAVER,5,32,24,12,0
PAVER,5,32,24,13,0
PAVER,5,32,24,14,0
PAVER,5,32,24,15,0
PAVER,5,32,24,16,0
PAVER,5,32,24,17,0
PAVER,5,32,24,18,0
PAVER,5,32,24,19,0
PAVER,5,32,24,20,0
PAVER,5,32,24,21,0
PAVER,5,32,24,22,0
PAVER,5,32,24,23,0
PAVER,5,32,24,24,0.2222222222222222
PAVER,5,32,24,25,0
PAVER,5,32,24,26,0
PAVER,5,32,24,27,0
PAVER,5,32,24,28,0
PAVER,5,32,24,29,0
PAVER,5,32,24,30,0
PAVER,5,32,24,31,0
PAVER,5,32,24,32,0
PAVER,5,32,24,33,0
PAVER,5,32,24,34,0
PAVER,5,32,24,35,0
PAVER,5,32,24,36,0
PAVER,5,32,24,37,0
PAVER,5,32,24,38,0.16666666666666666
PAVER,5,32,24,39,0
PAVER,5,32,24,40,0
PAVER,5,32,24,41,0
PAVER,5,32,24,42,0
PAVER,5,32,24,43,0
PAVER,5,32,24,44,0
PAVER,5,32,24,45,0
PAVER,5,32,24,46,0
PAVER,5,32,24,47,0
PAVER,5,32,24,48,0
PAVER,5,32,24,49,0
PAVER,5,32,24,50,0
PAVER,5,32,24,51,0
PAVER,5,32,24,52,0
PAVER,5,32,24,53,0
PAVER,5,32,24,54,0
PAVER,5,32,24,55,0
PAVER,5,32,24,56,0
PAVER,5,32,24,57,0
PAVER,6,33,24,1,0
PAVER,6,33,24,2,0
PAVER,6,33,24,3,0
PAVER,6,33,24,4,0
PAVER,6,33,24,5,0
PAVER,6,33,24,6,0
PAVER,6,33,24,7,0
PAVER,6,33,24,8,0
PAVER,6,33,24,9,0
PAVER,6,33,24,10,0
PAVER,6,33,24,11,0
PAVER,6,33,24,12,0
PAVER,6,33,24,13,0
PAVER,6,33,24,14,0
PAVER,6,33,24,15,0
PAVER,6,33,24,16,0
PAVER,6,33,24,17,0
PAVER,6,33,24,18,0
PAVER,6,33,24,19,0
PAVER,6,33,24,20,0
PAVER,6,33,24,21,0
PAVER,6,33,24,22,0
PAVER,6,33,24,23,0
PAVER,6,33,24,24,0.625
PAVER,6,33,24,25,0
PAVER,6,33,24,26,0
PAVER,6,33,24,27,0
PAVER,6,33,24,28,0
PAVER,6,33,24,29,0
PAVER,6,33,24,30,0
PAVER,6,33,24,31,0
PAVER,6,33,24,32,0
PAVER,6,33,24,33,0
PAVER,6,33,24,34,0
PAVER,6,33,24,35,0
PAVER,6,33,24,36,0
PAVER,6,33,24,37,0
PAVER,6,33,24,38,0
PAVER,6,33,24,39,0
PAVER,6,33,24,40,0
PAVER,6,33,24,41,0
PAVER,6,33,24,42,0
PAVER,6,33,24,43,0
PAVER,6,33,24,44,0
PAVER,6,33,24,45,0
PAVER,6,33,24,46,0
PAVER,6,33,24,47,0
PAVER,6,33,24,48,0
PAVER,6,33,24,49,0
PAVER,6,33,24,50,0
PAVER,6,33,24,51,0
PAVER,6,33,24,52,0
PAVER,6,33,24,53,0
PAVER,6,33,24,54,0
PAVER,6,33,24,55,0
PAVER,6,33,24,56,0
PAVER,6,33,24,57,0
PAVER,42,34,26,1,0
PAVER,42,34,26,2,0
PAVER,42,34,26,3,0
PAVER,42,34,26,4,0
PAVER,42,34,26,5,0
PAVER,42,34,26,6,0
PAVER,42,34,26,7,0
PAVER,42,34,26,8,0
PAVER,42,34,26,9,0
PAVER,42,34,26,10,0
PAVER,42,34,26,11,0
PAVER,42,34,26,12,0
PAVER,42,34,26,13,0
PAVER,42,34,26,14,0
PAVER,42,34,26,15,0
PAVER,42,34,26,16,0
PAVER,42,34,26,17,0
PAVER,42,34,26,18,0
PAVER,42,34,26,19,0
PAVER,42,34,26,20,0
PAVER,42,34,26,21,0
PAVER,42,34,26,22,0
PAVER,42,34,26,23,0
PAVER,42,34,26,24,0
PAVER,42,34,26,25,0.1
PAVER,42,34,26,26,0.14285714285714285
PAVER,42,34,26,27,0
PAVER,42,34,26,28,0
PAVER,42,34,26,29,0
PAVER,42,34,26,30,0
PAVER,42,34,26,31,0
PAVER,42,34,26,32,0
PAVER,42,34,26,33,0
PAVER,42,34,26,34,0
PAVER,42,34,26,35,0
PAVER,42,34,26,36,0
PAVER,42,34,26,37,0
PAVER,42,34,26,38,0
PAVER,42,34,26,39,0
PAVER,42,34,26,40,0
PAVER,42,34,26,41,0
PAVER,42,34,26,42,0
PAVER,42,34,26,43,0.1
PAVER,42,34,26,44,0.1
PAVER,42,34,26,45,0
PAVER,42,34,26,46,0
PAVER,42,34,26,47,0
PAVER,42,34,26,48,0
PAVER,42,34,26,49,0
PAVER,42,34,26,50,0
PAVER,42,34,26,51,0
PAVER,42,34,26,52,0
PAVER,42,34,26,53,0
PAVER,42,34,26,54,0
PAVER,42,34,26,55,0
PAVER,42,34,26,56,0
PAVER,42,34,26,57,0
PAVER,23,35,27,1,0
PAVER,23,35,27,2,0
PAVER,23,35,27,3,0
PAVER,23,35,27,4,0
PAVER,23,35,27,5,0
PAVER,23,35,27,6,0
PAVER,23,35,27,7,0
PAVER,23,35,27,8,0
PAVER,23,35,27,9,0
PAVER,23,35,27,10,0
PAVER,23,35,27,11,0
PAVER,23,35,27,12,0
PAVER,23,35,27,13,0
PAVER,23,35,27,14,0
PAVER,23,35,27,15,0
PAVER,23,35,27,16,0
PAVER,23,35,27,17,0
PAVER,23,35,27,18,0
PAVER,23,35,27,19,0
PAVER,23,35,27,20,0
PAVER,23,35,27,21,0
PAVER,23,35,27,22,0
PAVER,23,35,27,23,0
PAVER,23,35,27,24,0
PAVER,23,35,27,25,0
PAVER,23,35,27,26,0
PAVER,23,35,27,27,0.3333333333333333
PAVER,23,35,27,28,0.14285714285714285
PAVER,23,35,27,29,0
PAVER,23,35,27,30,0
PAVER,23,35,27,31,0
PAVER,23,35,27,32,0
PAVER,23,35,27,33,0
PAVER,23,35,27,34,0
PAVER,23,35,27,35,0
PAVER,23,35,27,36,0
PAVER,23,35,27,37,0
PAVER,23,35,27,38,0
PAVER,23,35,27,39,0
PAVER,23,35,27,40,0
PAVER,23,35,27,41,0
PAVER,23,35,27,42,0
PAVER,23,35,27,43,0
PAVER,23,35,27,44,0
PAVER,23,35,27,45,0
PAVER,23,35,27,46,0
PAVER,23,35,27,47,0
PAVER,23,35,27,48,0
PAVER,23,35,27,49,0
PAVER,23,35,27,50,0
PAVER,23,35,27,51,0
PAVER,23,35,27,52,0
PAVER,23,35,27,53,0
PAVER,23,35,27,54,0
PAVER,23,35,27,55,0
PAVER,23,35,27,56,0
PAVER,23,35,27,57,0
PAVER,59,36,27,1,0
PAVER,59,36,27,2,0
PAVER,59,36,27,3,0
PAVER,59,36,27,4,0
PAVER,59,36,27,5,0
PAVER,59,36,27,6,0
PAVER,59,36,27,7,0
PAVER,59,36,27,8,0
PAVER,59,36,27,9,0
PAVER,59,36,27,10,0
PAVER,59,36,27,11,0
PAVER,59,36,27,12,0
PAVER,59,36,27,13,0
PAVER,59,36,27,14,0
PAVER,59,36,27,15,0
PAVER,59,36,27,16,0
PAVER,59,36,27,17,0
PAVER,59,36,27,18,0
PAVER,59,36,27,19,0
PAVER,59,36,27,20,0
PAVER,59,36,27,21,0
PAVER,59,36,27,22,0
PAVER,59,36,27,23,0
PAVER,59,36,27,24,0
PAVER,59,36,27,25,0
PAVER,59,36,27,26,0
PAVER,59,36,27,27,0.16666666666666666
PAVER,59,36,27,28,0
PAVER,59,36,27,29,0
PAVER,59,36,27,30,0
PAVER,59,36,27,31,0
PAVER,59,36,27,32,0
PAVER,59,36,27,33,0
PAVER,59,36,27,34,0
PAVER,59,36,27,35,0
PAVER,59,36,27,36,0
PAVER,59,36,27,37,0
PAVER,59,36,27,38,0
PAVER,59,36,27,39,0
PAVER,59,36,27,40,0
PAVER,59,36,27,41,0
PAVER,59,36,27,42,0
PAVER,59,36,27,43,0
PAVER,59,36,27,44,0
PAVER,59,36,27,45,0
PAVER,59,36,27,46,0
PAVER,59,36,27,47,0
PAVER,59,36,27,48,0
PAVER,59,36,27,49,0
PAVER,59,36,27,50,0
PAVER,59,36,27,51,0
PAVER,59,36,27,52,0
PAVER,59,36,27,53,0
PAVER,59,36,27,54,0
PAVER,59,36,27,55,0
PAVER,59,36,27,56,0.1111111111111111
PAVER,59,36,27,57,0
PAVER,38,37,29,1,0
PAVER,38,37,29,2,0
PAVER,38,37,29,3,0
PAVER,38,37,29,4,0
PAVER,38,37,29,5,0
PAVER,38,37,29,6,0
PAVER,38,37,29,7,0
PAVER,38,37,29,8,0
PAVER,38,37,29,9,0
PAVER,38,37,29,10,0
PAVER,38,37,29,11,0
PAVER,38,37,29,12,0
PAVER,38,37,29,13,0
PAVER,38,37,29,14,0
PAVER,38,37,29,15,0
PAVER,38,37,29,16,0
PAVER,38,37,29,17,0
PAVER,38,37,29,18,0
PAVER,38,37,29,19,0
PAVER,38,37,29,20,0
PAVER,38,37,29,21,0
PAVER,38,37,29,22,0
PAVER,38,37,29,23,0
PAVER,38,37,29,24,0
PAVER,38,37,29,25,0
PAVER,38,37,29,26,0
PAVER,38,37,29,27,0
PAVER,38,37,29,28,0
PAVER,38,37,29,29,0.8
PAVER,38,37,29,30,0
PAVER,38,37,29,31,0
PAVER,38,37,29,32,0
PAVER,38,37,29,33,0
PAVER,38,37,29,34,0
PAVER,38,37,29,35,0
PAVER,38,37,29,36,0
PAVER,38,37,29,37,0
PAVER,38,37,29,38,0
PAVER,38,37,29,39,0
PAVER,38,37,29,40,0
PAVER,38,37,29,41,0
PAVER,38,37,29,42,0
PAVER,38,37,29,43,0
PAVER,38,37,29,44,0
PAVER,38,37,29,45,0
PAVER,38,37,29,46,0
PAVER,38,37,29,47,0
PAVER,38,37,29,48,0
PAVER,38,37,29,49,0
PAVER,38,37,29,50,0
PAVER,38,37,29,51,0
PAVER,38,37,29,52,0
PAVER,38,37,29,53,0
PAVER,38,37,29,54,0
PAVER,38,37,29,55,0
PAVER,38,37,29,56,0
PAVER,38,37,29,57,0.1
PAVER,69,38,30,1,0
PAVER,69,38,30,2,0
PAVER,69,38,30,3,0
PAVER,69,38,30,4,0
PAVER,69,38,30,5,0
PAVER,69,38,30,6,0
PAVER,69,38,30,7,0
PAVER,69,38,30,8,0
PAVER,69,38,30,9,0
PAVER,69,38,30,10,0
PAVER,69,38,30,11,0
PAVER,69,38,30,12,0
PAVER,69,38,30,13,0
PAVER,69,38,30,14,0
PAVER,69,38,30,15,0
PAVER,69,38,30,16,0
PAVER,69,38,30,17,0
PAVER,69,38,30,18,0
PAVER,69,38,30,19,0
PAVER,69,38,30,20,0
PAVER,69,38,30,21,0
PAVER,69,38,30,22,0
PAVER,69,38,30,23,0
PAVER,69,38,30,24,0
PAVER,69,38,30,25,0
PAVER,69,38,30,26,0
PAVER,69,38,30,27,0
PAVER,69,38,30,28,0
PAVER,69,38,30,29,0
PAVER,69,38,30,30,1
PAVER,69,38,30,31,0
PAVER,69,38,30,32,0
PAVER,69,38,30,33,0
PAVER,69,38,30,34,0
PAVER,69,38,30,35,0
PAVER,69,38,30,36,0
PAVER,69,38,30,37,0
PAVER,69,38,30,38,0
PAVER,69,38,30,39,0
PAVER,69,38,30,40,0
PAVER,69,38,30,41,0
PAVER,69,38,30,42,0
PAVER,69,38,30,43,0
PAVER,69,38,30,44,0
PAVER,69,38,30,45,0
PAVER,69,38,30,46,0
PAVER,69,38,30,47,0
PAVER,69,38,30,48,0
PAVER,69,38,30,49,0
PAVER,69,38,30,50,0
PAVER,69,38,30,51,0
PAVER,69,38,30,52,0
PAVER,69,38,30,53,0
PAVER,69,38,30,54,0
PAVER,69,38,30,55,0
PAVER,69,38,30,56,0
PAVER,69,38,30,57,0
PAVER,13,39,31,1,0
PAVER,13,39,31,2,0
PAVER,13,39,31,3,0
PAVER,13,39,31,4,0
PAVER,13,39,31,5,0
PAVER,13,39,31,6,0
PAVER,13,39,31,7,0
PAVER,13,39,31,8,0
PAVER,13,39,31,9,0
PAVER,13,39,31,10,0
PAVER,13,39,31,11,0
PAVER,13,39,31,12,0
PAVER,13,39,31,13,0.1
PAVER,13,39,31,14,0
PAVER,13,39,31,15,0
PAVER,13,39,31,16,0
PAVER,13,39,31,17,0
PAVER,13,39,31,18,0
PAVER,13,39,31,19,0
PAVER,13,39,31,20,0
PAVER,13,39,31,21,0
PAVER,13,39,31,22,0
PAVER,13,39,31,23,0
PAVER,13,39,31,24,0
PAVER,13,39,31,25,0
PAVER,13,39,31,26,0
PAVER,13,39,31,27,0
PAVER,13,39,31,28,0
PAVER,13,39,31,29,0
PAVER,13,39,31,30,0
PAVER,13,39,31,31,0.7142857142857143
PAVER,13,39,31,32,0
PAVER,13,39,31,33,0
PAVER,13,39,31,34,0
PAVER,13,39,31,35,0
PAVER,13,39,31,36,0
PAVER,13,39,31,37,0
PAVER,13,39,31,38,0
PAVER,13,39,31,39,0
PAVER,13,39,31,40,0
PAVER,13,39,31,41,0
PAVER,13,39,31,42,0
PAVER,13,39,31,43,0
PAVER,13,39,31,44,0
PAVER,13,39,31,45,0
PAVER,13,39,31,46,0
PAVER,13,39,31,47,0
PAVER,13,39,31,48,0
PAVER,13,39,31,49,0
PAVER,13,39,31,50,0
PAVER,13,39,31,51,0
PAVER,13,39,31,52,0
PAVER,13,39,31,53,0
PAVER,13,39,31,54,0
PAVER,13,39,31,55,0
PAVER,13,39,31,56,0
PAVER,13,39,31,57,0
PAVER,9,40,32,1,0
PAVER,9,40,32,2,0
PAVER,9,40,32,3,0
PAVER,9,40,32,4,0
PAVER,9,40,32,5,0
PAVER,9,40,32,6,0
PAVER,9,40,32,7,0
PAVER,9,40,32,8,0
PAVER,9,40,32,9,0
PAVER,9,40,32,10,0
PAVER,9,40,32,11,0
PAVER,9,40,32,12,0
PAVER,9,40,32,13,0
PAVER,9,40,32,14,0
PAVER,9,40,32,15,0
PAVER,9,40,32,16,0
PAVER,9,40,32,17,0
PAVER,9,40,32,18,0
PAVER,9,40,32,19,0
PAVER,9,40,32,20,0
PAVER,9,40,32,21,0
PAVER,9,40,32,22,0
PAVER,9,40,32,23,0
PAVER,9,40,32,24,0
PAVER,9,40,32,25,0
PAVER,9,40,32,26,0
PAVER,9,40,32,27,0
PAVER,9,40,32,28,0
PAVER,9,40,32,29,0
PAVER,9,40,32,30,0
PAVER,9,40,32,31,0
PAVER,9,40,32,32,1
PAVER,9,40,32,33,0
PAVER,9,40,32,34,0
PAVER,9,40,32,35,0
PAVER,9,40,32,36,0
PAVER,9,40,32,37,0
PAVER,9,40,32,38,0
PAVER,9,40,32,39,0
PAVER,9,40,32,40,0
PAVER,9,40,32,41,0
PAVER,9,40,32,42,0
PAVER,9,40,32,43,0
PAVER,9,40,32,44,0
PAVER,9,40,32,45,0
PAVER,9,40,32,46,0
PAVER,9,40,32,47,0
PAVER,9,40,32,48,0
PAVER,9,40,32,49,0
PAVER,9,40,32,50,0
PAVER,9,40,32,51,0
PAVER,9,40,32,52,0
PAVER,9,40,32,53,0
PAVER,9,40,32,54,0
PAVER,9,40,32,55,0
PAVER,9,40,32,56,0
PAVER,9,40,32,57,0
PAVER,53,41,33,1,0
PAVER,53,41,33,2,0
PAVER,53,41,33,3,0
PAVER,53,41,33,4,0
PAVER,53,41,33,5,0
PAVER,53,41,33,6,0
PAVER,53,41,33,7,0
PAVER,53,41,33,8,0
PAVER,53,41,33,9,0
PAVER,53,41,33,10,0
PAVER,53,41,33,11,0
PAVER,53,41,33,12,0
PAVER,53,41,33,13,0
PAVER,53,41,33,14,0
PAVER,53,41,33,15,0
PAVER,53,41,33,16,0
PAVER,53,41,33,17,0
PAVER,53,41,33,18,0
PAVER,53,41,33,19,0
PAVER,53,41,33,20,0
PAVER,53,41,33,21,0
PAVER,53,41,33,22,0
PAVER,53,41,33,23,0
PAVER,53,41,33,24,0
PAVER,53,41,33,25,0
PAVER,53,41,33,26,0
PAVER,53,41,33,27,0
PAVER,53,41,33,28,0
PAVER,53,41,33,29,0
PAVER,53,41,33,30,0
PAVER,53,41,33,31,0
PAVER,53,41,33,32,0
PAVER,53,41,33,33,1
PAVER,53,41,33,34,0
PAVER,53,41,33,35,0
PAVER,53,41,33,36,0
PAVER,53,41,33,37,0
PAVER,53,41,33,38,0
PAVER,53,41,33,39,0
PAVER,53,41,33,40,0
PAVER,53,41,33,41,0
PAVER,53,41,33,42,0
PAVER,53,41,33,43,0
PAVER,53,41,33,44,0
PAVER,53,41,33,45,0
PAVER,53,41,33,46,0
PAVER,53,41,33,47,0
PAVER,53,41,33,48,0
PAVER,53,41,33,49,0
PAVER,53,41,33,50,0
PAVER,53,41,33,51,0
PAVER,53,41,33,52,0
PAVER,53,41,33,53,0
PAVER,53,41,33,54,0
PAVER,53,41,33,55,0
PAVER,53,41,33,56,0
PAVER,53,41,33,57,0
PAVER,44,42,34,1,0
PAVER,44,42,34,2,0
PAVER,44,42,34,3,0
PAVER,44,42,34,4,0
PAVER,44,42,34,5,0
PAVER,44,42,34,6,0
PAVER,44,42,34,7,0
PAVER,44,42,34,8,0
PAVER,44,42,34,9,0
PAVER,44,42,34,10,0
PAVER,44,42,34,11,0
PAVER,44,42,34,12,0
PAVER,44,42,34,13,0
PAVER,44,42,34,14,0
PAVER,44,42,34,15,0
PAVER,44,42,34,16,0
PAVER,44,42,34,17,0
PAVER,44,42,34,18,0
PAVER,44,42,34,19,0
PAVER,44,42,34,20,0
PAVER,44,42,34,21,0
PAVER,44,42,34,22,0
PAVER,44,42,34,23,0
PAVER,44,42,34,24,0
PAVER,44,42,34,25,0
PAVER,44,42,34,26,0
PAVER,44,42,34,27,0
PAVER,44,42,34,28,0
PAVER,44,42,34,29,0
PAVER,44,42,34,30,0
PAVER,44,42,34,31,0
PAVER,44,42,34,32,0
PAVER,44,42,34,33,0
PAVER,44,42,34,34,0.5714285714285714
PAVER,44,42,34,35,0
PAVER,44,42,34,36,0
PAVER,44,42,34,37,0
PAVER,44,42,34,38,0
PAVER,44,42,34,39,0
PAVER,44,42,34,40,0
PAVER,44,42,34,41,0
PAVER,44,42,34,42,0
PAVER,44,42,34,43,0
PAVER,44,42,34,44,0.18181818181818182
PAVER,44,42,34,45,0
PAVER,44,42,34,46,0
PAVER,44,42,34,47,0
PAVER,44,42,34,48,0
PAVER,44,42,34,49,0
PAVER,44,42,34,50,0
PAVER,44,42,34,51,0
PAVER,44,42,34,52,0
PAVER,44,42,34,53,0
PAVER,44,42,34,54,0
PAVER,44,42,34,55,0
PAVER,44,42,34,56,0
PAVER,44,42,34,57,0
PAVER,39,43,35,1,0
PAVER,39,43,35,2,0
PAVER,39,43,35,3,0
PAVER,39,43,35,4,0
PAVER,39,43,35,5,0
PAVER,39,43,35,6,0
PAVER,39,43,35,7,0
PAVER,39,43,35,8,0
PAVER,39,43,35,9,0
PAVER,39,43,35,10,0
PAVER,39,43,35,11,0
PAVER,39,43,35,12,0
PAVER,39,43,35,13,0
PAVER,39,43,35,14,0
PAVER,39,43,35,15,0
PAVER,39,43,35,16,0
PAVER,39,43,35,17,0
PAVER,39,43,35,18,0
PAVER,39,43,35,19,0
PAVER,39,43,35,20,0
PAVER,39,43,35,21,0
PAVER,39,43,35,22,0
PAVER,39,43,35,23,0
PAVER,39,43,35,24,0
PAVER,39,43,35,25,0
PAVER,39,43,35,26,0
PAVER,39,43,35,27,0
PAVER,39,43,35,28,0
PAVER,39,43,35,29,0
PAVER,39,43,35,30,0
PAVER,39,43,35,31,0
PAVER,39,43,35,32,0
PAVER,39,43,35,33,0
PAVER,39,43,35,34,0.14285714285714285
PAVER,39,43,35,35,0.3333333333333333
PAVER,39,43,35,36,0
PAVER,39,43,35,37,0
PAVER,39,43,35,38,0
PAVER,39,43,35,39,0
PAVER,39,43,35,40,0
PAVER,39,43,35,41,0
PAVER,39,43,35,42,0
PAVER,39,43,35,43,0
PAVER,39,43,35,44,0
PAVER,39,43,35,45,0
PAVER,39,43,35,46,0
PAVER,39,43,35,47,0
PAVER,39,43,35,48,0
PAVER,39,43,35,49,0
PAVER,39,43,35,50,0
PAVER,39,43,35,51,0
PAVER,39,43,35,52,0
PAVER,39,43,35,53,0
PAVER,39,43,35,54,0
PAVER,39,43,35,55,0
PAVER,39,43,35,56,0
PAVER,39,43,35,57,0
PAVER,64,44,35,1,0
PAVER,64,44,35,2,0
PAVER,64,44,35,3,0
PAVER,64,44,35,4,0
PAVER,64,44,35,5,0
PAVER,64,44,35,6,0
PAVER,64,44,35,7,0
PAVER,64,44,35,8,0
PAVER,64,44,35,9,0
PAVER,64,44,35,10,0
PAVER,64,44,35,11,0
PAVER,64,44,35,12,0
PAVER,64,44,35,13,0
PAVER,64,44,35,14,0
PAVER,64,44,35,15,0
PAVER,64,44,35,16,0
PAVER,64,44,35,17,0
PAVER,64,44,35,18,0
PAVER,64,44,35,19,0
PAVER,64,44,35,20,0
PAVER,64,44,35,21,0
PAVER,64,44,35,22,0
PAVER,64,44,35,23,0
PAVER,64,44,35,24,0
PAVER,64,44,35,25,0
PAVER,64,44,35,26,0
PAVER,64,44,35,27,0
PAVER,64,44,35,28,0
PAVER,64,44,35,29,0
PAVER,64,44,35,30,0
PAVER,64,44,35,31,0
PAVER,64,44,35,32,0
PAVER,64,44,35,33,0
PAVER,64,44,35,34,0
PAVER,64,44,35,35,0.42857142857142855
PAVER,64,44,35,36,0
PAVER,64,44,35,37,0
PAVER,64,44,35,38,0
PAVER,64,44,35,39,0
PAVER,64,44,35,40,0
PAVER,64,44,35,41,0
PAVER,64,44,35,42,0
PAVER,64,44,35,43,0.2
PAVER,64,44,35,44,0
PAVER,64,44,35,45,0
PAVER,64,44,35,46,0
PAVER,64,44,35,47,0
PAVER,64,44,35,48,0
PAVER,64,44,35,49,0
PAVER,64,44,35,50,0
PAVER,64,44,35,51,0
PAVER,64,44,35,52,0
PAVER,64,44,35,53,0
PAVER,64,44,35,54,0
PAVER,64,44,35,55,0
PAVER,64,44,35,56,0
PAVER,64,44,35,57,0
PAVER,34,45,36,1,0
PAVER,34,45,36,2,0
PAVER,34,45,36,3,0
PAVER,34,45,36,4,0
PAVER,34,45,36,5,0
PAVER,34,45,36,6,0
PAVER,34,45,36,7,0
PAVER,34,45,36,8,0
PAVER,34,45,36,9,0
PAVER,34,45,36,10,0
PAVER,34,45,36,11,0
PAVER,34,45,36,12,0
PAVER,34,45,36,13,0
PAVER,34,45,36,14,0.3333333333333333
PAVER,34,45,36,15,0
PAVER,34,45,36,16,0
PAVER,34,45,36,17,0
PAVER,34,45,36,18,0
PAVER,34,45,36,19,0
PAVER,34,45,36,20,0
PAVER,34,45,36,21,0
PAVER,34,45,36,22,0
PAVER,34,45,36,23,0
PAVER,34,45,36,24,0
PAVER,34,45,36,25,0
PAVER,34,45,36,26,0
PAVER,34,45,36,27,0
PAVER,34,45,36,28,0
PAVER,34,45,36,29,0
PAVER,34,45,36,30,0
PAVER,34,45,36,31,0
PAVER,34,45,36,32,0
PAVER,34,45,36,33,0
PAVER,34,45,36,34,0
PAVER,34,45,36,35,0
PAVER,34,45,36,36,0.5714285714285714
PAVER,34,45,36,37,0
PAVER,34,45,36,38,0
PAVER,34,45,36,39,0
PAVER,34,45,36,40,0
PAVER,34,45,36,41,0
PAVER,34,45,36,42,0
PAVER,34,45,36,43,0
PAVER,34,45,36,44,0
PAVER,34,45,36,45,0
PAVER,34,45,36,46,0
PAVER,34,45,36,47,0
PAVER,34,45,36,48,0
PAVER,34,45,36,49,0
PAVER,34,45,36,50,0
PAVER,34,45,36,51,0
PAVER,34,45,36,52,0
PAVER,34,45,36,53,0
PAVER,34,45,36,54,0
PAVER,34,45,36,55,0
PAVER,34,45,36,56,0
PAVER,34,45,36,57,0
PAVER,20,46,37,1,0
PAVER,20,46,37,2,0
PAVER,20,46,37,3,0
PAVER,20,46,37,4,0
PAVER,20,46,37,5,0
PAVER,20,46,37,6,0
PAVER,20,46,37,7,0
PAVER,20,46,37,8,0
PAVER,20,46,37,9,0
PAVER,20,46,37,10,0
PAVER,20,46,37,11,0
PAVER,20,46,37,12,0
PAVER,20,46,37,13,0
PAVER,20,46,37,14,0
PAVER,20,46,37,15,0
PAVER,20,46,37,16,0
PAVER,20,46,37,17,0
PAVER,20,46,37,18,0
PAVER,20,46,37,19,0
PAVER,20,46,37,20,0
PAVER,20,46,37,21,0
PAVER,20,46,37,22,0
PAVER,20,46,37,23,0
PAVER,20,46,37,24,0
PAVER,20,46,37,25,0
PAVER,20,46,37,26,0
PAVER,20,46,37,27,0.1111111111111111
PAVER,20,46,37,28,0
PAVER,20,46,37,29,0
PAVER,20,46,37,30,0
PAVER,20,46,37,31,0
PAVER,20,46,37,32,0
PAVER,20,46,37,33,0
PAVER,20,46,37,34,0
PAVER,20,46,37,35,0
PAVER,20,46,37,36,0
PAVER,20,46,37,37,0.8
PAVER,20,46,37,38,0
PAVER,20,46,37,39,0
PAVER,20,46,37,40,0
PAVER,20,46,37,41,0
PAVER,20,46,37,42,0
PAVER,20,46,37,43,0
PAVER,20,46,37,44,0
PAVER,20,46,37,45,0
PAVER,20,46,37,46,0
PAVER,20,46,37,47,0
PAVER,20,46,37,48,0
PAVER,20,46,37,49,0
PAVER,20,46,37,50,0
PAVER,20,46,37,51,0
PAVER,20,46,37,52,0
PAVER,20,46,37,53,0
PAVER,20,46,37,54,0
PAVER,20,46,37,55,0
PAVER,20,46,37,56,0
PAVER,20,46,37,57,0
PAVER,47,47,38,1,0
PAVER,47,47,38,2,0
PAVER,47,47,38,3,0
PAVER,47,47,38,4,0
PAVER,47,47,38,5,0
PAVER,47,47,38,6,0
PAVER,47,47,38,7,0
PAVER,47,47,38,8,0
PAVER,47,47,38,9,0
PAVER,47,47,38,10,0
PAVER,47,47,38,11,0
PAVER,47,47,38,12,0
PAVER,47,47,38,13,0
PAVER,47,47,38,14,0
PAVER,47,47,38,15,0
PAVER,47,47,38,16,0
PAVER,47,47,38,17,0
PAVER,47,47,38,18,0
PAVER,47,47,38,19,0
PAVER,47,47,38,20,0
PAVER,47,47,38,21,0
PAVER,47,47,38,22,0
PAVER,47,47,38,23,0
PAVER,47,47,38,24,0.1
PAVER,47,47,38,25,0
PAVER,47,47,38,26,0
PAVER,47,47,38,27,0
PAVER,47,47,38,28,0
PAVER,47,47,38,29,0
PAVER,47,47,38,30,0
PAVER,47,47,38,31,0
PAVER,47,47,38,32,0
PAVER,47,47,38,33,0
PAVER,47,47,38,34,0
PAVER,47,47,38,35,0
PAVER,47,47,38,36,0
PAVER,47,47,38,37,0
PAVER,47,47,38,38,0.16666666666666666
PAVER,47,47,38,39,0
PAVER,47,47,38,40,0
PAVER,47,47,38,41,0
PAVER,47,47,38,42,0
PAVER,47,47,38,43,0
PAVER,47,47,38,44,0
PAVER,47,47,38,45,0
PAVER,47,47,38,46,0
PAVER,47,47,38,47,0
PAVER,47,47,38,48,0
PAVER,47,47,38,49,0
PAVER,47,47,38,50,0
PAVER,47,47,38,51,0
PAVER,47,47,38,52,0
PAVER,47,47,38,53,0
PAVER,47,47,38,54,0.05555555555555555
PAVER,47,47,38,55,0
PAVER,47,47,38,56,0
PAVER,47,47,38,57,0
PAVER,16,48,39,1,0
PAVER,16,48,39,2,0
PAVER,16,48,39,3,0
PAVER,16,48,39,4,0
PAVER,16,48,39,5,0
PAVER,16,48,39,6,0
PAVER,16,48,39,7,0
PAVER,16,48,39,8,0
PAVER,16,48,39,9,0
PAVER,16,48,39,10,0
PAVER,16,48,39,11,0
PAVER,16,48,39,12,0
PAVER,16,48,39,13,0
PAVER,16,48,39,14,0
PAVER,16,48,39,15,0
PAVER,16,48,39,16,0
PAVER,16,48,39,17,0
PAVER,16,48,39,18,0
PAVER,16,48,39,19,0
PAVER,16,48,39,20,0
PAVER,16,48,39,21,0
PAVER,16,48,39,22,0
PAVER,16,48,39,23,0
PAVER,16,48,39,24,0
PAVER,16,48,39,25,0
PAVER,16,48,39,26,0
PAVER,16,48,39,27,0
PAVER,16,48,39,28,0
PAVER,16,48,39,29,0
PAVER,16,48,39,30,0
PAVER,16,48,39,31,0
PAVER,16,48,39,32,0
PAVER,16,48,39,33,0
PAVER,16,48,39,34,0
PAVER,16,48,39,35,0
PAVER,16,48,39,36,0
PAVER,16,48,39,37,0
PAVER,16,48,39,38,0
PAVER,16,48,39,39,0.16666666666666666
PAVER,16,48,39,40,0
PAVER,16,48,39,41,0
PAVER,16,48,39,42,0
PAVER,16,48,39,43,0
PAVER,16,48,39,44,0
PAVER,16,48,39,45,0
PAVER,16,48,39,46,0
PAVER,16,48,39,47,0
PAVER,16,48,39,48,0
PAVER,16,48,39,49,0
PAVER,16,48,39,50,0
PAVER,16,48,39,51,0
PAVER,16,48,39,52,0
PAVER,16,48,39,53,0
PAVER,16,48,39,54,0.11764705882352941
PAVER,16,48,39,55,0
PAVER,16,48,39,56,0
PAVER,16,48,39,57,0
PAVER,32,49,39,1,0
PAVER,32,49,39,2,0
PAVER,32,49,39,3,0
PAVER,32,49,39,4,0
PAVER,32,49,39,5,0
PAVER,32,49,39,6,0
PAVER,32,49,39,7,0
PAVER,32,49,39,8,0
PAVER,32,49,39,9,0
PAVER,32,49,39,10,0
PAVER,32,49,39,11,0
PAVER,32,49,39,12,0
PAVER,32,49,39,13,0
PAVER,32,49,39,14,0
PAVER,32,49,39,15,0
PAVER,32,49,39,16,0
PAVER,32,49,39,17,0
PAVER,32,49,39,18,0
PAVER,32,49,39,19,0
PAVER,32,49,39,20,0
PAVER,32,49,39,21,0
PAVER,32,49,39,22,0
PAVER,32,49,39,23,0
PAVER,32,49,39,24,0
PAVER,32,49,39,25,0
PAVER,32,49,39,26,0
PAVER,32,49,39,27,0
PAVER,32,49,39,28,0
PAVER,32,49,39,29,0
PAVER,32,49,39,30,0
PAVER,32,49,39,31,0
PAVER,32,49,39,32,0
PAVER,32,49,39,33,0
PAVER,32,49,39,34,0
PAVER,32,49,39,35,0
PAVER,32,49,39,36,0
PAVER,32,49,39,37,0
PAVER,32,49,39,38,0
PAVER,32,49,39,39,0.5
PAVER,32,49,39,40,0
PAVER,32,49,39,41,0
PAVER,32,49,39,42,0
PAVER,32,49,39,43,0
PAVER,32,49,39,44,0
PAVER,32,49,39,45,0
PAVER,32,49,39,46,0
PAVER,32,49,39,47,0
PAVER,32,49,39,48,0
PAVER,32,49,39,49,0
PAVER,32,49,39,50,0
PAVER,32,49,39,51,0
PAVER,32,49,39,52,0
PAVER,32,49,39,53,0
PAVER,32,49,39,54,0
PAVER,32,49,39,55,0
PAVER,32,49,39,56,0
PAVER,32,49,39,57,0
PAVER,66,50,39,1,0
PAVER,66,50,39,2,0
PAVER,66,50,39,3,0
PAVER,66,50,39,4,0
PAVER,66,50,39,5,0
PAVER,66,50,39,6,0
PAVER,66,50,39,7,0
PAVER,66,50,39,8,0
PAVER,66,50,39,9,0
PAVER,66,50,39,10,0
PAVER,66,50,39,11,0
PAVER,66,50,39,12,0
PAVER,66,50,39,13,0
PAVER,66,50,39,14,0
PAVER,66,50,39,15,0
PAVER,66,50,39,16,0
PAVER,66,50,39,17,0
PAVER,66,50,39,18,0
PAVER,66,50,39,19,0
PAVER,66,50,39,20,0
PAVER,66,50,39,21,0
PAVER,66,50,39,22,0
PAVER,66,50,39,23,0
PAVER,66,50,39,24,0
PAVER,66,50,39,25,0.125
PAVER,66,50,39,26,0
PAVER,66,50,39,27,0
PAVER,66,50,39,28,0
PAVER,66,50,39,29,0
PAVER,66,50,39,30,0
PAVER,66,50,39,31,0
PAVER,66,50,39,32,0
PAVER,66,50,39,33,0
PAVER,66,50,39,34,0
PAVER,66,50,39,35,0
PAVER,66,50,39,36,0
PAVER,66,50,39,37,0
PAVER,66,50,39,38,0
PAVER,66,50,39,39,0.2
PAVER,66,50,39,40,0
PAVER,66,50,39,41,0
PAVER,66,50,39,42,0
PAVER,66,50,39,43,0
PAVER,66,50,39,44,0
PAVER,66,50,39,45,0
PAVER,66,50,39,46,0
PAVER,66,50,39,47,0
PAVER,66,50,39,48,0
PAVER,66,50,39,49,0
PAVER,66,50,39,50,0
PAVER,66,50,39,51,0
PAVER,66,50,39,52,0
PAVER,66,50,39,53,0
PAVER,66,50,39,54,0
PAVER,66,50,39,55,0
PAVER,66,50,39,56,0
PAVER,66,50,39,57,0
PAVER,52,51,40,1,0
PAVER,52,51,40,2,0
PAVER,52,51,40,3,0
PAVER,52,51,40,4,0
PAVER,52,51,40,5,0
PAVER,52,51,40,6,0
PAVER,52,51,40,7,0
PAVER,52,51,40,8,0
PAVER,52,51,40,9,0
PAVER,52,51,40,10,0
PAVER,52,51,40,11,0
PAVER,52,51,40,12,0
PAVER,52,51,40,13,0
PAVER,52,51,40,14,0
PAVER,52,51,40,15,0
PAVER,52,51,40,16,0
PAVER,52,51,40,17,0
PAVER,52,51,40,18,0
PAVER,52,51,40,19,0
PAVER,52,51,40,20,0
PAVER,52,51,40,21,0
PAVER,52,51,40,22,0
PAVER,52,51,40,23,0
PAVER,52,51,40,24,0
PAVER,52,51,40,25,0
PAVER,52,51,40,26,0
PAVER,52,51,40,27,0
PAVER,52,51,40,28,0
PAVER,52,51,40,29,0
PAVER,52,51,40,30,0
PAVER,52,51,40,31,0
PAVER,52,51,40,32,0
PAVER,52,51,40,33,0
PAVER,52,51,40,34,0
PAVER,52,51,40,35,0
PAVER,52,51,40,36,0
PAVER,52,51,40,37,0
PAVER,52,51,40,38,0
PAVER,52,51,40,39,0
PAVER,52,51,40,40,0.4
PAVER,52,51,40,41,0
PAVER,52,51,40,42,0
PAVER,52,51,40,43,0
PAVER,52,51,40,44,0
PAVER,52,51,40,45,0
PAVER,52,51,40,46,0
PAVER,52,51,40,47,0
PAVER,52,51,40,48,0
PAVER,52,51,40,49,0
PAVER,52,51,40,50,0
PAVER,52,51,40,51,0
PAVER,52,51,40,52,0
PAVER,52,51,40,53,0
PAVER,52,51,40,54,0
PAVER,52,51,40,55,0
PAVER,52,51,40,56,0
PAVER,52,51,40,57,0
PAVER,76,52,40,1,0
PAVER,76,52,40,2,0
PAVER,76,52,40,3,0
PAVER,76,52,40,4,0
PAVER,76,52,40,5,0
PAVER,76,52,40,6,0
PAVER,76,52,40,7,0
PAVER,76,52,40,8,0
PAVER,76,52,40,9,0
PAVER,76,52,40,10,0
PAVER,76,52,40,11,0
PAVER,76,52,40,12,0
PAVER,76,52,40,13,0
PAVER,76,52,40,14,0
PAVER,76,52,40,15,0
PAVER,76,52,40,16,0
PAVER,76,52,40,17,0
PAVER,76,52,40,18,0
PAVER,76,52,40,19,0
PAVER,76,52,40,20,0
PAVER,76,52,40,21,0
PAVER,76,52,40,22,0
PAVER,76,52,40,23,0
PAVER,76,52,40,24,0
PAVER,76,52,40,25,0
PAVER,76,52,40,26,0
PAVER,76,52,40,27,0
PAVER,76,52,40,28,0
PAVER,76,52,40,29,0
PAVER,76,52,40,30,0
PAVER,76,52,40,31,0
PAVER,76,52,40,32,0
PAVER,76,52,40,33,0
PAVER,76,52,40,34,0
PAVER,76,52,40,35,0
PAVER,76,52,40,36,0
PAVER,76,52,40,37,0
PAVER,76,52,40,38,0
PAVER,76,52,40,39,0
PAVER,76,52,40,40,0.5
PAVER,76,52,40,41,0
PAVER,76,52,40,42,0
PAVER,76,52,40,43,0
PAVER,76,52,40,44,0
PAVER,76,52,40,45,0
PAVER,76,52,40,46,0
PAVER,76,52,40,47,0
PAVER,76,52,40,48,0.125
PAVER,76,52,40,49,0
PAVER,76,52,40,50,0
PAVER,76,52,40,51,0
PAVER,76,52,40,52,0
PAVER,76,52,40,53,0
PAVER,76,52,40,54,0
PAVER,76,52,40,55,0
PAVER,76,52,40,56,0
PAVER,76,52,40,57,0
PAVER,48,53,41,1,0
PAVER,48,53,41,2,0
PAVER,48,53,41,3,0
PAVER,48,53,41,4,0
PAVER,48,53,41,5,0
PAVER,48,53,41,6,0
PAVER,48,53,41,7,0
PAVER,48,53,41,8,0
PAVER,48,53,41,9,0
PAVER,48,53,41,10,0
PAVER,48,53,41,11,0
PAVER,48,53,41,12,0
PAVER,48,53,41,13,0
PAVER,48,53,41,14,0
PAVER,48,53,41,15,0
PAVER,48,53,41,16,0
PAVER,48,53,41,17,0
PAVER,48,53,41,18,0.08333333333333333
PAVER,48,53,41,19,0
PAVER,48,53,41,20,0
PAVER,48,53,41,21,0
PAVER,48,53,41,22,0
PAVER,48,53,41,23,0
PAVER,48,53,41,24,0
PAVER,48,53,41,25,0
PAVER,48,53,41,26,0
PAVER,48,53,41,27,0
PAVER,48,53,41,28,0
PAVER,48,53,41,29,0
PAVER,48,53,41,30,0
PAVER,48,53,41,31,0
PAVER,48,53,41,32,0
PAVER,48,53,41,33,0
PAVER,48,53,41,34,0
PAVER,48,53,41,35,0
PAVER,48,53,41,36,0
PAVER,48,53,41,37,0
PAVER,48,53,41,38,0
PAVER,48,53,41,39,0
PAVER,48,53,41,40,0
PAVER,48,53,41,41,0.6666666666666666
PAVER,48,53,41,42,0
PAVER,48,53,41,43,0.08333333333333333
PAVER,48,53,41,44,0
PAVER,48,53,41,45,0
PAVER,48,53,41,46,0
PAVER,48,53,41,47,0
PAVER,48,53,41,48,0
PAVER,48,53,41,49,0
PAVER,48,53,41,50,0
PAVER,48,53,41,51,0
PAVER,48,53,41,52,0
PAVER,48,53,41,53,0
PAVER,48,53,41,54,0
PAVER,48,53,41,55,0
PAVER,48,53,41,56,0
PAVER,48,53,41,57,0
PAVER,11,54,42,1,0
PAVER,11,54,42,2,0
PAVER,11,54,42,3,0
PAVER,11,54,42,4,0
PAVER,11,54,42,5,0
PAVER,11,54,42,6,0
PAVER,11,54,42,7,0
PAVER,11,54,42,8,0
PAVER,11,54,42,9,0
PAVER,11,54,42,10,0
PAVER,11,54,42,11,0
PAVER,11,54,42,12,0
PAVER,11,54,42,13,0
PAVER,11,54,42,14,0
PAVER,11,54,42,15,0
PAVER,11,54,42,16,0
PAVER,11,54,42,17,0
PAVER,11,54,42,18,0
PAVER,11,54,42,19,0
PAVER,11,54,42,20,0
PAVER,11,54,42,21,0
PAVER,11,54,42,22,0
PAVER,11,54,42,23,0
PAVER,11,54,42,24,0
PAVER,11,54,42,25,0.1111111111111111
PAVER,11,54,42,26,0
PAVER,11,54,42,27,0
PAVER,11,54,42,28,0
PAVER,11,54,42,29,0
PAVER,11,54,42,30,0
PAVER,11,54,42,31,0
PAVER,11,54,42,32,0
PAVER,11,54,42,33,0
PAVER,11,54,42,34,0
PAVER,11,54,42,35,0
PAVER,11,54,42,36,0
PAVER,11,54,42,37,0
PAVER,11,54,42,38,0
PAVER,11,54,42,39,0
PAVER,11,54,42,40,0
PAVER,11,54,42,41,0
PAVER,11,54,42,42,0.16666666666666666
PAVER,11,54,42,43,0
PAVER,11,54,42,44,0
PAVER,11,54,42,45,0
PAVER,11,54,42,46,0
PAVER,11,54,42,47,0
PAVER,11,54,42,48,0
PAVER,11,54,42,49,0
PAVER,11,54,42,50,0
PAVER,11,54,42,51,0
PAVER,11,54,42,52,0
PAVER,11,54,42,53,0
PAVER,11,54,42,54,0.05555555555555555
PAVER,11,54,42,55,0
PAVER,11,54,42,56,0
PAVER,11,54,42,57,0
PAVER,33,55,42,1,0
PAVER,33,55,42,2,0
PAVER,33,55,42,3,0
PAVER,33,55,42,4,0
PAVER,33,55,42,5,0
PAVER,33,55,42,6,0
PAVER,33,55,42,7,0
PAVER,33,55,42,8,0
PAVER,33,55,42,9,0
PAVER,33,55,42,10,0
PAVER,33,55,42,11,0
PAVER,33,55,42,12,0
PAVER,33,55,42,13,0
PAVER,33,55,42,14,0
PAVER,33,55,42,15,0
PAVER,33,55,42,16,0
PAVER,33,55,42,17,0
PAVER,33,55,42,18,0
PAVER,33,55,42,19,0
PAVER,33,55,42,20,0
PAVER,33,55,42,21,0
PAVER,33,55,42,22,0
PAVER,33,55,42,23,0
PAVER,33,55,42,24,0
PAVER,33,55,42,25,0
PAVER,33,55,42,26,0
PAVER,33,55,42,27,0
PAVER,33,55,42,28,0
PAVER,33,55,42,29,0
PAVER,33,55,42,30,0
PAVER,33,55,42,31,0
PAVER,33,55,42,32,0
PAVER,33,55,42,33,0
PAVER,33,55,42,34,0
PAVER,33,55,42,35,0
PAVER,33,55,42,36,0
PAVER,33,55,42,37,0
PAVER,33,55,42,38,0
PAVER,33,55,42,39,0
PAVER,33,55,42,40,0
PAVER,33,55,42,41,0
PAVER,33,55,42,42,0.2
PAVER,33,55,42,43,0
PAVER,33,55,42,44,0
PAVER,33,55,42,45,0
PAVER,33,55,42,46,0
PAVER,33,55,42,47,0
PAVER,33,55,42,48,0.16666666666666666
PAVER,33,55,42,49,0
PAVER,33,55,42,50,0
PAVER,33,55,42,51,0
PAVER,33,55,42,52,0
PAVER,33,55,42,53,0
PAVER,33,55,42,54,0
PAVER,33,55,42,55,0
PAVER,33,55,42,56,0
PAVER,33,55,42,57,0
PAVER,40,56,42,1,0
PAVER,40,56,42,2,0
PAVER,40,56,42,3,0
PAVER,40,56,42,4,0
PAVER,40,56,42,5,0
PAVER,40,56,42,6,0
PAVER,40,56,42,7,0
PAVER,40,56,42,8,0
PAVER,40,56,42,9,0
PAVER,40,56,42,10,0
PAVER,40,56,42,11,0
PAVER,40,56,42,12,0
PAVER,40,56,42,13,0
PAVER,40,56,42,14,0
PAVER,40,56,42,15,0
PAVER,40,56,42,16,0
PAVER,40,56,42,17,0
PAVER,40,56,42,18,0
PAVER,40,56,42,19,0
PAVER,40,56,42,20,0
PAVER,40,56,42,21,0
PAVER,40,56,42,22,0
PAVER,40,56,42,23,0
PAVER,40,56,42,24,0
PAVER,40,56,42,25,0.125
PAVER,40,56,42,26,0
PAVER,40,56,42,27,0
PAVER,40,56,42,28,0
PAVER,40,56,42,29,0
PAVER,40,56,42,30,0
PAVER,40,56,42,31,0
PAVER,40,56,42,32,0
PAVER,40,56,42,33,0
PAVER,40,56,42,34,0
PAVER,40,56,42,35,0
PAVER,40,56,42,36,0
PAVER,40,56,42,37,0
PAVER,40,56,42,38,0
PAVER,40,56,42,39,0
PAVER,40,56,42,40,0
PAVER,40,56,42,41,0
PAVER,40,56,42,42,0.2
PAVER,40,56,42,43,0
PAVER,40,56,42,44,0
PAVER,40,56,42,45,0
PAVER,40,56,42,46,0
PAVER,40,56,42,47,0
PAVER,40,56,42,48,0
PAVER,40,56,42,49,0
PAVER,40,56,42,50,0
PAVER,40,56,42,51,0
PAVER,40,56,42,52,0
PAVER,40,56,42,53,0
PAVER,40,56,42,54,0
PAVER,40,56,42,55,0
PAVER,40,56,42,56,0
PAVER,40,56,42,57,0
PAVER,58,57,42,1,0
PAVER,58,57,42,2,0
PAVER,58,57,42,3,0
PAVER,58,57,42,4,0
PAVER,58,57,42,5,0
PAVER,58,57,42,6,0
PAVER,58,57,42,7,0
PAVER,58,57,42,8,0
PAVER,58,57,42,9,0
PAVER,58,57,42,10,0
PAVER,58,57,42,11,0
PAVER,58,57,42,12,0
PAVER,58,57,42,13,0
PAVER,58,57,42,14,0
PAVER,58,57,42,15,0
PAVER,58,57,42,16,0
PAVER,58,57,42,17,0
PAVER,58,57,42,18,0
PAVER,58,57,42,19,0
PAVER,58,57,42,20,0
PAVER,58,57,42,21,0
PAVER,58,57,42,22,0
PAVER,58,57,42,23,0
PAVER,58,57,42,24,0
PAVER,58,57,42,25,0.1111111111111111
PAVER,58,57,42,26,0
PAVER,58,57,42,27,0
PAVER,58,57,42,28,0
PAVER,58,57,42,29,0
PAVER,58,57,42,30,0
PAVER,58,57,42,31,0
PAVER,58,57,42,32,0
PAVER,58,57,42,33,0
PAVER,58,57,42,34,0
PAVER,58,57,42,35,0
PAVER,58,57,42,36,0
PAVER,58,57,42,37,0
PAVER,58,57,42,38,0
PAVER,58,57,42,39,0
PAVER,58,57,42,40,0
PAVER,58,57,42,41,0
PAVER,58,57,42,42,0.16666666666666666
PAVER,58,57,42,43,0
PAVER,58,57,42,44,0.1111111111111111
PAVER,58,57,42,45,0
PAVER,58,57,42,46,0
PAVER,58,57,42,47,0
PAVER,58,57,42,48,0
PAVER,58,57,42,49,0
PAVER,58,57,42,50,0
PAVER,58,57,42,51,0
PAVER,58,57,42,52,0
PAVER,58,57,42,53,0
PAVER,58,57,42,54,0
PAVER,58,57,42,55,0
PAVER,58,57,42,56,0
PAVER,58,57,42,57,0
PAVER,77,58,43,1,0
PAVER,77,58,43,2,0
PAVER,77,58,43,3,0
PAVER,77,58,43,4,0
PAVER,77,58,43,5,0
PAVER,77,58,43,6,0
PAVER,77,58,43,7,0
PAVER,77,58,43,8,0
PAVER,77,58,43,9,0
PAVER,77,58,43,10,0
PAVER,77,58,43,11,0
PAVER,77,58,43,12,0
PAVER,77,58,43,13,0
PAVER,77,58,43,14,0
PAVER,77,58,43,15,0
PAVER,77,58,43,16,0
PAVER,77,58,43,17,0
PAVER,77,58,43,18,0
PAVER,77,58,43,19,0
PAVER,77,58,43,20,0
PAVER,77,58,43,21,0
PAVER,77,58,43,22,0
PAVER,77,58,43,23,0
PAVER,77,58,43,24,0
PAVER,77,58,43,25,0
PAVER,77,58,43,26,0
PAVER,77,58,43,27,0
PAVER,77,58,43,28,0
PAVER,77,58,43,29,0
PAVER,77,58,43,30,0
PAVER,77,58,43,31,0
PAVER,77,58,43,32,0
PAVER,77,58,43,33,0
PAVER,77,58,43,34,0
PAVER,77,58,43,35,0
PAVER,77,58,43,36,0
PAVER,77,58,43,37,0
PAVER,77,58,43,38,0
PAVER,77,58,43,39,0
PAVER,77,58,43,40,0
PAVER,77,58,43,41,0
PAVER,77,58,43,42,0
PAVER,77,58,43,43,0.125
PAVER,77,58,43,44,0.125
PAVER,77,58,43,45,0
PAVER,77,58,43,46,0
PAVER,77,58,43,47,0
PAVER,77,58,43,48,0
PAVER,77,58,43,49,0
PAVER,77,58,43,50,0
PAVER,77,58,43,51,0
PAVER,77,58,43,52,0
PAVER,77,58,43,53,0
PAVER,77,58,43,54,0
PAVER,77,58,43,55,0
PAVER,77,58,43,56,0
PAVER,77,58,43,57,0
PAVER,72,59,45,1,0
PAVER,72,59,45,2,0
PAVER,72,59,45,3,0
PAVER,72,59,45,4,0
PAVER,72,59,45,5,0
PAVER,72,59,45,6,0
PAVER,72,59,45,7,0
PAVER,72,59,45,8,0
PAVER,72,59,45,9,0
PAVER,72,59,45,10,0
PAVER,72,59,45,11,0
PAVER,72,59,45,12,0
PAVER,72,59,45,13,0
PAVER,72,59,45,14,0
PAVER,72,59,45,15,0
PAVER,72,59,45,16,0
PAVER,72,59,45,17,0
PAVER,72,59,45,18,0
PAVER,72,59,45,19,0
PAVER,72,59,45,20,0
PAVER,72,59,45,21,0
PAVER,72,59,45,22,0
PAVER,72,59,45,23,0
PAVER,72,59,45,24,0
PAVER,72,59,45,25,0
PAVER,72,59,45,26,0
PAVER,72,59,45,27,0
PAVER,72,59,45,28,0
PAVER,72,59,45,29,0
PAVER,72,59,45,30,0
PAVER,72,59,45,31,0
PAVER,72,59,45,32,0
PAVER,72,59,45,33,0
PAVER,72,59,45,34,0
PAVER,72,59,45,35,0
PAVER,72,59,45,36,0
PAVER,72,59,45,37,0
PAVER,72,59,45,38,0
PAVER,72,59,45,39,0
PAVER,72,59,45,40,0
PAVER,72,59,45,41,0
PAVER,72,59,45,42,0
PAVER,72,59,45,43,0
PAVER,72,59,45,44,0
PAVER,72,59,45,45,1
PAVER,72,59,45,46,0
PAVER,72,59,45,47,0
PAVER,72,59,45,48,0
PAVER,72,59,45,49,0
PAVER,72,59,45,50,0
PAVER,72,59,45,51,0
PAVER,72,59,45,52,0
PAVER,72,59,45,53,0
PAVER,72,59,45,54,0
PAVER,72,59,45,55,0
PAVER,72,59,45,56,0
PAVER,72,59,45,57,0
PAVER,70,60,46,1,0
PAVER,70,60,46,2,0
PAVER,70,60,46,3,0
PAVER,70,60,46,4,0
PAVER,70,60,46,5,0
PAVER,70,60,46,6,0.1
PAVER,70,60,46,7,0
PAVER,70,60,46,8,0
PAVER,70,60,46,9,0
PAVER,70,60,46,10,0
PAVER,70,60,46,11,0
PAVER,70,60,46,12,0
PAVER,70,60,46,13,0
PAVER,70,60,46,14,0
PAVER,70,60,46,15,0
PAVER,70,60,46,16,0
PAVER,70,60,46,17,0
PAVER,70,60,46,18,0
PAVER,70,60,46,19,0
PAVER,70,60,46,20,0
PAVER,70,60,46,21,0
PAVER,70,60,46,22,0
PAVER,70,60,46,23,0
PAVER,70,60,46,24,0
PAVER,70,60,46,25,0.1111111111111111
PAVER,70,60,46,26,0
PAVER,70,60,46,27,0
PAVER,70,60,46,28,0
PAVER,70,60,46,29,0
PAVER,70,60,46,30,0
PAVER,70,60,46,31,0
PAVER,70,60,46,32,0
PAVER,70,60,46,33,0
PAVER,70,60,46,34,0
PAVER,70,60,46,35,0
PAVER,70,60,46,36,0
PAVER,70,60,46,37,0
PAVER,70,60,46,38,0
PAVER,70,60,46,39,0
PAVER,70,60,46,40,0
PAVER,70,60,46,41,0
PAVER,70,60,46,42,0
PAVER,70,60,46,43,0
PAVER,70,60,46,44,0
PAVER,70,60,46,45,0
PAVER,70,60,46,46,0.14285714285714285
PAVER,70,60,46,47,0
PAVER,70,60,46,48,0
PAVER,70,60,46,49,0
PAVER,70,60,46,50,0
PAVER,70,60,46,51,0
PAVER,70,60,46,52,0
PAVER,70,60,46,53,0
PAVER,70,60,46,54,0
PAVER,70,60,46,55,0
PAVER,70,60,46,56,0
PAVER,70,60,46,57,0
PAVER,73,61,46,1,0
PAVER,73,61,46,2,0
PAVER,73,61,46,3,0
PAVER,73,61,46,4,0
PAVER,73,61,46,5,0
PAVER,73,61,46,6,0
PAVER,73,61,46,7,0
PAVER,73,61,46,8,0
PAVER,73,61,46,9,0
PAVER,73,61,46,10,0
PAVER,73,61,46,11,0
PAVER,73,61,46,12,0
PAVER,73,61,46,13,0
PAVER,73,61,46,14,0
PAVER,73,61,46,15,0
PAVER,73,61,46,16,0
PAVER,73,61,46,17,0
PAVER,73,61,46,18,0
PAVER,73,61,46,19,0
PAVER,73,61,46,20,0
PAVER,73,61,46,21,0
PAVER,73,61,46,22,0
PAVER,73,61,46,23,0
PAVER,73,61,46,24,0
PAVER,73,61,46,25,0
PAVER,73,61,46,26,0
PAVER,73,61,46,27,0
PAVER,73,61,46,28,0
PAVER,73,61,46,29,0
PAVER,73,61,46,30,0
PAVER,73,61,46,31,0
PAVER,73,61,46,32,0
PAVER,73,61,46,33,0
PAVER,73,61,46,34,0
PAVER,73,61,46,35,0
PAVER,73,61,46,36,0
PAVER,73,61,46,37,0
PAVER,73,61,46,38,0
PAVER,73,61,46,39,0
PAVER,73,61,46,40,0
PAVER,73,61,46,41,0
PAVER,73,61,46,42,0
PAVER,73,61,46,43,0
PAVER,73,61,46,44,0
PAVER,73,61,46,45,0
PAVER,73,61,46,46,0.4
PAVER,73,61,46,47,0
PAVER,73,61,46,48,0
PAVER,73,61,46,49,0
PAVER,73,61,46,50,0
PAVER,73,61,46,51,0
PAVER,73,61,46,52,0
PAVER,73,61,46,53,0
PAVER,73,61,46,54,0
PAVER,73,61,46,55,0
PAVER,73,61,46,56,0
PAVER,73,61,46,57,0
PAVER,1,62,47,1,0
PAVER,1,62,47,2,0
PAVER,1,62,47,3,0
PAVER,1,62,47,4,0
PAVER,1,62,47,5,0
PAVER,1,62,47,6,0
PAVER,1,62,47,7,0
PAVER,1,62,47,8,0
PAVER,1,62,47,9,0
PAVER,1,62,47,10,0
PAVER,1,62,47,11,0
PAVER,1,62,47,12,0
PAVER,1,62,47,13,0
PAVER,1,62,47,14,0
PAVER,1,62,47,15,0
PAVER,1,62,47,16,0
PAVER,1,62,47,17,0
PAVER,1,62,47,18,0
PAVER,1,62,47,19,0
PAVER,1,62,47,20,0
PAVER,1,62,47,21,0
PAVER,1,62,47,22,0.2857142857142857
PAVER,1,62,47,23,0
PAVER,1,62,47,24,0
PAVER,1,62,47,25,0
PAVER,1,62,47,26,0
PAVER,1,62,47,27,0
PAVER,1,62,47,28,0
PAVER,1,62,47,29,0
PAVER,1,62,47,30,0
PAVER,1,62,47,31,0
PAVER,1,62,47,32,0
PAVER,1,62,47,33,0
PAVER,1,62,47,34,0
PAVER,1,62,47,35,0
PAVER,1,62,47,36,0
PAVER,1,62,47,37,0
PAVER,1,62,47,38,0
PAVER,1,62,47,39,0
PAVER,1,62,47,40,0
PAVER,1,62,47,41,0
PAVER,1,62,47,42,0
PAVER,1,62,47,43,0
PAVER,1,62,47,44,0
PAVER,1,62,47,45,0
PAVER,1,62,47,46,0
PAVER,1,62,47,47,0.42857142857142855
PAVER,1,62,47,48,0
PAVER,1,62,47,49,0
PAVER,1,62,47,50,0
PAVER,1,62,47,51,0
PAVER,1,62,47,52,0
PAVER,1,62,47,53,0
PAVER,1,62,47,54,0
PAVER,1,62,47,55,0
PAVER,1,62,47,56,0
PAVER,1,62,47,57,0
PAVER,61,63,47,1,0
PAVER,61,63,47,2,0
PAVER,61,63,47,3,0
PAVER,61,63,47,4,0
PAVER,61,63,47,5,0
PAVER,61,63,47,6,0.1
PAVER,61,63,47,7,0
PAVER,61,63,47,8,0
PAVER,61,63,47,9,0
PAVER,61,63,47,10,0
PAVER,61,63,47,11,0
PAVER,61,63,47,12,0
PAVER,61,63,47,13,0
PAVER,61,63,47,14,0
PAVER,61,63,47,15,0
PAVER,61,63,47,16,0
PAVER,61,63,47,17,0
PAVER,61,63,47,18,0
PAVER,61,63,47,19,0
PAVER,61,63,47,20,0
PAVER,61,63,47,21,0
PAVER,61,63,47,22,0
PAVER,61,63,47,23,0
PAVER,61,63,47,24,0
PAVER,61,63,47,25,0
PAVER,61,63,47,26,0
PAVER,61,63,47,27,0
PAVER,61,63,47,28,0
PAVER,61,63,47,29,0
PAVER,61,63,47,30,0
PAVER,61,63,47,31,0
PAVER,61,63,47,32,0
PAVER,61,63,47,33,0
PAVER,61,63,47,34,0
PAVER,61,63,47,35,0
PAVER,61,63,47,36,0
PAVER,61,63,47,37,0
PAVER,61,63,47,38,0
PAVER,61,63,47,39,0
PAVER,61,63,47,40,0
PAVER,61,63,47,41,0
PAVER,61,63,47,42,0
PAVER,61,63,47,43,0
PAVER,61,63,47,44,0
PAVER,61,63,47,45,0
PAVER,61,63,47,46,0
PAVER,61,63,47,47,0.3333333333333333
PAVER,61,63,47,48,0
PAVER,61,63,47,49,0
PAVER,61,63,47,50,0
PAVER,61,63,47,51,0
PAVER,61,63,47,52,0
PAVER,61,63,47,53,0
PAVER,61,63,47,54,0
PAVER,61,63,47,55,0
PAVER,61,63,47,56,0
PAVER,61,63,47,57,0
PAVER,67,64,48,1,0
PAVER,67,64,48,2,0
PAVER,67,64,48,3,0
PAVER,67,64,48,4,0
PAVER,67,64,48,5,0
PAVER,67,64,48,6,0
PAVER,67,64,48,7,0
PAVER,67,64,48,8,0
PAVER,67,64,48,9,0
PAVER,67,64,48,10,0
PAVER,67,64,48,11,0
PAVER,67,64,48,12,0
PAVER,67,64,48,13,0
PAVER,67,64,48,14,0
PAVER,67,64,48,15,0
PAVER,67,64,48,16,0
PAVER,67,64,48,17,0
PAVER,67,64,48,18,0
PAVER,67,64,48,19,0
PAVER,67,64,48,20,0
PAVER,67,64,48,21,0
PAVER,67,64,48,22,0
PAVER,67,64,48,23,0
PAVER,67,64,48,24,0
PAVER,67,64,48,25,0
PAVER,67,64,48,26,0
PAVER,67,64,48,27,0
PAVER,67,64,48,28,0
PAVER,67,64,48,29,0
PAVER,67,64,48,30,0
PAVER,67,64,48,31,0
PAVER,67,64,48,32,0
PAVER,67,64,48,33,0
PAVER,67,64,48,34,0
PAVER,67,64,48,35,0
PAVER,67,64,48,36,0
PAVER,67,64,48,37,0
PAVER,67,64,48,38,0
PAVER,67,64,48,39,0
PAVER,67,64,48,40,0
PAVER,67,64,48,41,0
PAVER,67,64,48,42,0
PAVER,67,64,48,43,0.1111111111111111
PAVER,67,64,48,44,0.1111111111111111
PAVER,67,64,48,45,0
PAVER,67,64,48,46,0
PAVER,67,64,48,47,0
PAVER,67,64,48,48,0.14285714285714285
PAVER,67,64,48,49,0
PAVER,67,64,48,50,0
PAVER,67,64,48,51,0
PAVER,67,64,48,52,0
PAVER,67,64,48,53,0
PAVER,67,64,48,54,0
PAVER,67,64,48,55,0
PAVER,67,64,48,56,0
PAVER,67,64,48,57,0
PAVER,74,65,49,1,0
PAVER,74,65,49,2,0
PAVER,74,65,49,3,0
PAVER,74,65,49,4,0
PAVER,74,65,49,5,0
PAVER,74,65,49,6,0
PAVER,74,65,49,7,0
PAVER,74,65,49,8,0
PAVER,74,65,49,9,0
PAVER,74,65,49,10,0
PAVER,74,65,49,11,0
PAVER,74,65,49,12,0
PAVER,74,65,49,13,0
PAVER,74,65,49,14,0
PAVER,74,65,49,15,0
PAVER,74,65,49,16,0
PAVER,74,65,49,17,0
PAVER,74,65,49,18,0
PAVER,74,65,49,19,0
PAVER,74,65,49,20,0
PAVER,74,65,49,21,0
PAVER,74,65,49,22,0
PAVER,74,65,49,23,0
PAVER,74,65,49,24,0
PAVER,74,65,49,25,0
PAVER,74,65,49,26,0
PAVER,74,65,49,27,0
PAVER,74,65,49,28,0
PAVER,74,65,49,29,0
PAVER,74,65,49,30,0
PAVER,74,65,49,31,0
PAVER,74,65,49,32,0
PAVER,74,65,49,33,0
PAVER,74,65,49,34,0
PAVER,74,65,49,35,0
PAVER,74,65,49,36,0
PAVER,74,65,49,37,0
PAVER,74,65,49,38,0
PAVER,74,65,49,39,0
PAVER,74,65,49,40,0
PAVER,74,65,49,41,0
PAVER,74,65,49,42,0
PAVER,74,65,49,43,0
PAVER,74,65,49,44,0
PAVER,74,65,49,45,0
PAVER,74,65,49,46,0
PAVER,74,65,49,47,0
PAVER,74,65,49,48,0
PAVER,74,65,49,49,1
PAVER,74,65,49,50,0
PAVER,74,65,49,51,0
PAVER,74,65,49,52,0
PAVER,74,65,49,53,0
PAVER,74,65,49,54,0
PAVER,74,65,49,55,0
PAVER,74,65,49,56,0
PAVER,74,65,49,57,0
PAVER,60,66,50,1,0
PAVER,60,66,50,2,0
PAVER,60,66,50,3,0
PAVER,60,66,50,4,0
PAVER,60,66,50,5,0
PAVER,60,66,50,6,0
PAVER,60,66,50,7,0
PAVER,60,66,50,8,0
PAVER,60,66,50,9,0
PAVER,60,66,50,10,0
PAVER,60,66,50,11,0
PAVER,60,66,50,12,0
PAVER,60,66,50,13,0
PAVER,60,66,50,14,0
PAVER,60,66,50,15,0
PAVER,60,66,50,16,0
PAVER,60,66,50,17,0
PAVER,60,66,50,18,0
PAVER,60,66,50,19,0
PAVER,60,66,50,20,0
PAVER,60,66,50,21,0
PAVER,60,66,50,22,0
PAVER,60,66,50,23,0
PAVER,60,66,50,24,0
PAVER,60,66,50,25,0
PAVER,60,66,50,26,0
PAVER,60,66,50,27,0
PAVER,60,66,50,28,0
PAVER,60,66,50,29,0
PAVER,60,66,50,30,0
PAVER,60,66,50,31,0
PAVER,60,66,50,32,0
PAVER,60,66,50,33,0
PAVER,60,66,50,34,0
PAVER,60,66,50,35,0
PAVER,60,66,50,36,0
PAVER,60,66,50,37,0
PAVER,60,66,50,38,0
PAVER,60,66,50,39,0
PAVER,60,66,50,40,0
PAVER,60,66,50,41,0
PAVER,60,66,50,42,0
PAVER,60,66,50,43,0
PAVER,60,66,50,44,0
PAVER,60,66,50,45,0
PAVER,60,66,50,46,0
PAVER,60,66,50,47,0
PAVER,60,66,50,48,0
PAVER,60,66,50,49,0
PAVER,60,66,50,50,0.4
PAVER,60,66,50,51,0
PAVER,60,66,50,52,0
PAVER,60,66,50,53,0
PAVER,60,66,50,54,0
PAVER,60,66,50,55,0
PAVER,60,66,50,56,0
PAVER,60,66,50,57,0
PAVER,75,67,50,1,0
PAVER,75,67,50,2,0
PAVER,75,67,50,3,0
PAVER,75,67,50,4,0
PAVER,75,67,50,5,0
PAVER,75,67,50,6,0
PAVER,75,67,50,7,0
PAVER,75,67,50,8,0
PAVER,75,67,50,9,0
PAVER,75,67,50,10,0
PAVER,75,67,50,11,0
PAVER,75,67,50,12,0
PAVER,75,67,50,13,0
PAVER,75,67,50,14,0
PAVER,75,67,50,15,0
PAVER,75,67,50,16,0
PAVER,75,67,50,17,0
PAVER,75,67,50,18,0
PAVER,75,67,50,19,0
PAVER,75,67,50,20,0
PAVER,75,67,50,21,0
PAVER,75,67,50,22,0
PAVER,75,67,50,23,0
PAVER,75,67,50,24,0
PAVER,75,67,50,25,0
PAVER,75,67,50,26,0
PAVER,75,67,50,27,0
PAVER,75,67,50,28,0
PAVER,75,67,50,29,0
PAVER,75,67,50,30,0
PAVER,75,67,50,31,0
PAVER,75,67,50,32,0
PAVER,75,67,50,33,0
PAVER,75,67,50,34,0
PAVER,75,67,50,35,0
PAVER,75,67,50,36,0
PAVER,75,67,50,37,0
PAVER,75,67,50,38,0
PAVER,75,67,50,39,0
PAVER,75,67,50,40,0
PAVER,75,67,50,41,0
PAVER,75,67,50,42,0
PAVER,75,67,50,43,0
PAVER,75,67,50,44,0
PAVER,75,67,50,45,0
PAVER,75,67,50,46,0
PAVER,75,67,50,47,0
PAVER,75,67,50,48,0
PAVER,75,67,50,49,0
PAVER,75,67,50,50,0.6
PAVER,75,67,50,51,0
PAVER,75,67,50,52,0
PAVER,75,67,50,53,0
PAVER,75,67,50,54,0
PAVER,75,67,50,55,0
PAVER,75,67,50,56,0
PAVER,75,67,50,57,0
PAVER,54,68,51,1,0
PAVER,54,68,51,2,0
PAVER,54,68,51,3,0
PAVER,54,68,51,4,0
PAVER,54,68,51,5,0
PAVER,54,68,51,6,0
PAVER,54,68,51,7,0
PAVER,54,68,51,8,0
PAVER,54,68,51,9,0
PAVER,54,68,51,10,0
PAVER,54,68,51,11,0
PAVER,54,68,51,12,0
PAVER,54,68,51,13,0
PAVER,54,68,51,14,0
PAVER,54,68,51,15,0
PAVER,54,68,51,16,0
PAVER,54,68,51,17,0
PAVER,54,68,51,18,0
PAVER,54,68,51,19,0
PAVER,54,68,51,20,0
PAVER,54,68,51,21,0
PAVER,54,68,51,22,0
PAVER,54,68,51,23,0
PAVER,54,68,51,24,0
PAVER,54,68,51,25,0
PAVER,54,68,51,26,0
PAVER,54,68,51,27,0
PAVER,54,68,51,28,0
PAVER,54,68,51,29,0
PAVER,54,68,51,30,0
PAVER,54,68,51,31,0
PAVER,54,68,51,32,0
PAVER,54,68,51,33,0
PAVER,54,68,51,34,0
PAVER,54,68,51,35,0
PAVER,54,68,51,36,0
PAVER,54,68,51,37,0
PAVER,54,68,51,38,0
PAVER,54,68,51,39,0
PAVER,54,68,51,40,0
PAVER,54,68,51,41,0
PAVER,54,68,51,42,0
PAVER,54,68,51,43,0
PAVER,54,68,51,44,0
PAVER,54,68,51,45,0
PAVER,54,68,51,46,0
PAVER,54,68,51,47,0
PAVER,54,68,51,48,0
PAVER,54,68,51,49,0
PAVER,54,68,51,50,0
PAVER,54,68,51,51,1
PAVER,54,68,51,52,0
PAVER,54,68,51,53,0
PAVER,54,68,51,54,0
PAVER,54,68,51,55,0
PAVER,54,68,51,56,0
PAVER,54,68,51,57,0
PAVER,24,69,52,1,0
PAVER,24,69,52,2,0
PAVER,24,69,52,3,0
PAVER,24,69,52,4,0
PAVER,24,69,52,5,0
PAVER,24,69,52,6,0
PAVER,24,69,52,7,0
PAVER,24,69,52,8,0
PAVER,24,69,52,9,0
PAVER,24,69,52,10,0
PAVER,24,69,52,11,0
PAVER,24,69,52,12,0
PAVER,24,69,52,13,0
PAVER,24,69,52,14,0
PAVER,24,69,52,15,0
PAVER,24,69,52,16,0
PAVER,24,69,52,17,0
PAVER,24,69,52,18,0
PAVER,24,69,52,19,0
PAVER,24,69,52,20,0
PAVER,24,69,52,21,0
PAVER,24,69,52,22,0
PAVER,24,69,52,23,0
PAVER,24,69,52,24,0
PAVER,24,69,52,25,0
PAVER,24,69,52,26,0
PAVER,24,69,52,27,0
PAVER,24,69,52,28,0
PAVER,24,69,52,29,0
PAVER,24,69,52,30,0
PAVER,24,69,52,31,0
PAVER,24,69,52,32,0
PAVER,24,69,52,33,0
PAVER,24,69,52,34,0
PAVER,24,69,52,35,0
PAVER,24,69,52,36,0
PAVER,24,69,52,37,0
PAVER,24,69,52,38,0
PAVER,24,69,52,39,0
PAVER,24,69,52,40,0
PAVER,24,69,52,41,0
PAVER,24,69,52,42,0
PAVER,24,69,52,43,0
PAVER,24,69,52,44,0
PAVER,24,69,52,45,0
PAVER,24,69,52,46,0
PAVER,24,69,52,47,0
PAVER,24,69,52,48,0
PAVER,24,69,52,49,0
PAVER,24,69,52,50,0
PAVER,24,69,52,51,0
PAVER,24,69,52,52,1
PAVER,24,69,52,53,0
PAVER,24,69,52,54,0
PAVER,24,69,52,55,0
PAVER,24,69,52,56,0
PAVER,24,69,52,57,0
PAVER,30,70,53,1,0
PAVER,30,70,53,2,0
PAVER,30,70,53,3,0
PAVER,30,70,53,4,0
PAVER,30,70,53,5,0
PAVER,30,70,53,6,0
PAVER,30,70,53,7,0
PAVER,30,70,53,8,0
PAVER,30,70,53,9,0
PAVER,30,70,53,10,0
PAVER,30,70,53,11,0
PAVER,30,70,53,12,0
PAVER,30,70,53,13,0
PAVER,30,70,53,14,0
PAVER,30,70,53,15,0
PAVER,30,70,53,16,0
PAVER,30,70,53,17,0
PAVER,30,70,53,18,0
PAVER,30,70,53,19,0
PAVER,30,70,53,20,0
PAVER,30,70,53,21,0
PAVER,30,70,53,22,0
PAVER,30,70,53,23,0
PAVER,30,70,53,24,0
PAVER,30,70,53,25,0
PAVER,30,70,53,26,0
PAVER,30,70,53,27,0
PAVER,30,70,53,28,0
PAVER,30,70,53,29,0
PAVER,30,70,53,30,0
PAVER,30,70,53,31,0
PAVER,30,70,53,32,0
PAVER,30,70,53,33,0
PAVER,30,70,53,34,0
PAVER,30,70,53,35,0
PAVER,30,70,53,36,0
PAVER,30,70,53,37,0
PAVER,30,70,53,38,0
PAVER,30,70,53,39,0
PAVER,30,70,53,40,0
PAVER,30,70,53,41,0
PAVER,30,70,53,42,0
PAVER,30,70,53,43,0
PAVER,30,70,53,44,0
PAVER,30,70,53,45,0
PAVER,30,70,53,46,0
PAVER,30,70,53,47,0
PAVER,30,70,53,48,0
PAVER,30,70,53,49,0
PAVER,30,70,53,50,0
PAVER,30,70,53,51,0
PAVER,30,70,53,52,0
PAVER,30,70,53,53,0.75
PAVER,30,70,53,54,0
PAVER,30,70,53,55,0
PAVER,30,70,53,56,0
PAVER,30,70,53,57,0
PAVER,50,71,53,1,0
PAVER,50,71,53,2,0
PAVER,50,71,53,3,0
PAVER,50,71,53,4,0
PAVER,50,71,53,5,0
PAVER,50,71,53,6,0
PAVER,50,71,53,7,0
PAVER,50,71,53,8,0
PAVER,50,71,53,9,0
PAVER,50,71,53,10,0
PAVER,50,71,53,11,0
PAVER,50,71,53,12,0
PAVER,50,71,53,13,0
PAVER,50,71,53,14,0
PAVER,50,71,53,15,0
PAVER,50,71,53,16,0
PAVER,50,71,53,17,0
PAVER,50,71,53,18,0
PAVER,50,71,53,19,0
PAVER,50,71,53,20,0
PAVER,50,71,53,21,0
PAVER,50,71,53,22,0
PAVER,50,71,53,23,0
PAVER,50,71,53,24,0
PAVER,50,71,53,25,0
PAVER,50,71,53,26,0
PAVER,50,71,53,27,0.16666666666666666
PAVER,50,71,53,28,0
PAVER,50,71,53,29,0
PAVER,50,71,53,30,0
PAVER,50,71,53,31,0
PAVER,50,71,53,32,0
PAVER,50,71,53,33,0
PAVER,50,71,53,34,0
PAVER,50,71,53,35,0
PAVER,50,71,53,36,0
PAVER,50,71,53,37,0
PAVER,50,71,53,38,0
PAVER,50,71,53,39,0
PAVER,50,71,53,40,0
PAVER,50,71,53,41,0
PAVER,50,71,53,42,0
PAVER,50,71,53,43,0
PAVER,50,71,53,44,0
PAVER,50,71,53,45,0
PAVER,50,71,53,46,0
PAVER,50,71,53,47,0
PAVER,50,71,53,48,0
PAVER,50,71,53,49,0
PAVER,50,71,53,50,0
PAVER,50,71,53,51,0
PAVER,50,71,53,52,0
PAVER,50,71,53,53,0.2
PAVER,50,71,53,54,0
PAVER,50,71,53,55,0
PAVER,50,71,53,56,0
PAVER,50,71,53,57,0
PAVER,7,72,54,1,0
PAVER,7,72,54,2,0
PAVER,7,72,54,3,0
PAVER,7,72,54,4,0
PAVER,7,72,54,5,0
PAVER,7,72,54,6,0
PAVER,7,72,54,7,0
PAVER,7,72,54,8,0
PAVER,7,72,54,9,0
PAVER,7,72,54,10,0
PAVER,7,72,54,11,0
PAVER,7,72,54,12,0
PAVER,7,72,54,13,0
PAVER,7,72,54,14,0
PAVER,7,72,54,15,0
PAVER,7,72,54,16,0
PAVER,7,72,54,17,0
PAVER,7,72,54,18,0
PAVER,7,72,54,19,0
PAVER,7,72,54,20,0
PAVER,7,72,54,21,0
PAVER,7,72,54,22,0
PAVER,7,72,54,23,0
PAVER,7,72,54,24,0
PAVER,7,72,54,25,0
PAVER,7,72,54,26,0
PAVER,7,72,54,27,0
PAVER,7,72,54,28,0
PAVER,7,72,54,29,0
PAVER,7,72,54,30,0
PAVER,7,72,54,31,0
PAVER,7,72,54,32,0
PAVER,7,72,54,33,0
PAVER,7,72,54,34,0
PAVER,7,72,54,35,0
PAVER,7,72,54,36,0
PAVER,7,72,54,37,0
PAVER,7,72,54,38,0.14285714285714285
PAVER,7,72,54,39,0
PAVER,7,72,54,40,0
PAVER,7,72,54,41,0
PAVER,7,72,54,42,0
PAVER,7,72,54,43,0
PAVER,7,72,54,44,0
PAVER,7,72,54,45,0
PAVER,7,72,54,46,0
PAVER,7,72,54,47,0
PAVER,7,72,54,48,0
PAVER,7,72,54,49,0
PAVER,7,72,54,50,0
PAVER,7,72,54,51,0
PAVER,7,72,54,52,0
PAVER,7,72,54,53,0
PAVER,7,72,54,54,0.17647058823529413
PAVER,7,72,54,55,0
PAVER,7,72,54,56,0
PAVER,7,72,54,57,0
PAVER,43,73,54,1,0
PAVER,43,73,54,2,0
PAVER,43,73,54,3,0
PAVER,43,73,54,4,0
PAVER,43,73,54,5,0
PAVER,43,73,54,6,0
PAVER,43,73,54,7,0
PAVER,43,73,54,8,0
PAVER,43,73,54,9,0
PAVER,43,73,54,10,0
PAVER,43,73,54,11,0
PAVER,43,73,54,12,0
PAVER,43,73,54,13,0
PAVER,43,73,54,14,0
PAVER,43,73,54,15,0
PAVER,43,73,54,16,0
PAVER,43,73,54,17,0
PAVER,43,73,54,18,0
PAVER,43,73,54,19,0
PAVER,43,73,54,20,0
PAVER,43,73,54,21,0
PAVER,43,73,54,22,0
PAVER,43,73,54,23,0
PAVER,43,73,54,24,0
PAVER,43,73,54,25,0
PAVER,43,73,54,26,0
PAVER,43,73,54,27,0
PAVER,43,73,54,28,0
PAVER,43,73,54,29,0
PAVER,43,73,54,30,0
PAVER,43,73,54,31,0
PAVER,43,73,54,32,0
PAVER,43,73,54,33,0
PAVER,43,73,54,34,0
PAVER,43,73,54,35,0
PAVER,43,73,54,36,0
PAVER,43,73,54,37,0
PAVER,43,73,54,38,0
PAVER,43,73,54,39,0
PAVER,43,73,54,40,0
PAVER,43,73,54,41,0
PAVER,43,73,54,42,0
PAVER,43,73,54,43,0
PAVER,43,73,54,44,0
PAVER,43,73,54,45,0
PAVER,43,73,54,46,0
PAVER,43,73,54,47,0
PAVER,43,73,54,48,0
PAVER,43,73,54,49,0
PAVER,43,73,54,50,0
PAVER,43,73,54,51,0
PAVER,43,73,54,52,0
PAVER,43,73,54,53,0
PAVER,43,73,54,54,0.1875
PAVER,43,73,54,55,0
PAVER,43,73,54,56,0
PAVER,43,73,54,57,0
PAVER,45,74,54,1,0
PAVER,45,74,54,2,0
PAVER,45,74,54,3,0
PAVER,45,74,54,4,0
PAVER,45,74,54,5,0
PAVER,45,74,54,6,0
PAVER,45,74,54,7,0
PAVER,45,74,54,8,0
PAVER,45,74,54,9,0
PAVER,45,74,54,10,0
PAVER,45,74,54,11,0
PAVER,45,74,54,12,0
PAVER,45,74,54,13,0
PAVER,45,74,54,14,0
PAVER,45,74,54,15,0
PAVER,45,74,54,16,0
PAVER,45,74,54,17,0
PAVER,45,74,54,18,0
PAVER,45,74,54,19,0
PAVER,45,74,54,20,0
PAVER,45,74,54,21,0
PAVER,45,74,54,22,0
PAVER,45,74,54,23,0
PAVER,45,74,54,24,0
PAVER,45,74,54,25,0
PAVER,45,74,54,26,0
PAVER,45,74,54,27,0
PAVER,45,74,54,28,0
PAVER,45,74,54,29,0
PAVER,45,74,54,30,0
PAVER,45,74,54,31,0
PAVER,45,74,54,32,0
PAVER,45,74,54,33,0
PAVER,45,74,54,34,0
PAVER,45,74,54,35,0
PAVER,45,74,54,36,0
PAVER,45,74,54,37,0
PAVER,45,74,54,38,0.125
PAVER,45,74,54,39,0
PAVER,45,74,54,40,0
PAVER,45,74,54,41,0
PAVER,45,74,54,42,0
PAVER,45,74,54,43,0
PAVER,45,74,54,44,0
PAVER,45,74,54,45,0
PAVER,45,74,54,46,0
PAVER,45,74,54,47,0
PAVER,45,74,54,48,0
PAVER,45,74,54,49,0
PAVER,45,74,54,50,0
PAVER,45,74,54,51,0
PAVER,45,74,54,52,0
PAVER,45,74,54,53,0
PAVER,45,74,54,54,0.23529411764705882
PAVER,45,74,54,55,0
PAVER,45,74,54,56,0
PAVER,45,74,54,57,0
PAVER,35,75,55,1,0
PAVER,35,75,55,2,0
PAVER,35,75,55,3,0
PAVER,35,75,55,4,0
PAVER,35,75,55,5,0
PAVER,35,75,55,6,0
PAVER,35,75,55,7,0.1
PAVER,35,75,55,8,0
PAVER,35,75,55,9,0
PAVER,35,75,55,10,0
PAVER,35,75,55,11,0
PAVER,35,75,55,12,0
PAVER,35,75,55,13,0
PAVER,35,75,55,14,0
PAVER,35,75,55,15,0
PAVER,35,75,55,16,0
PAVER,35,75,55,17,0
PAVER,35,75,55,18,0
PAVER,35,75,55,19,0
PAVER,35,75,55,20,0
PAVER,35,75,55,21,0
PAVER,35,75,55,22,0
PAVER,35,75,55,23,0
PAVER,35,75,55,24,0
PAVER,35,75,55,25,0
PAVER,35,75,55,26,0.1
PAVER,35,75,55,27,0
PAVER,35,75,55,28,0.2
PAVER,35,75,55,29,0
PAVER,35,75,55,30,0
PAVER,35,75,55,31,0
PAVER,35,75,55,32,0
PAVER,35,75,55,33,0
PAVER,35,75,55,34,0
PAVER,35,75,55,35,0
PAVER,35,75,55,36,0
PAVER,35,75,55,37,0
PAVER,35,75,55,38,0
PAVER,35,75,55,39,0
PAVER,35,75,55,40,0
PAVER,35,75,55,41,0
PAVER,35,75,55,42,0
PAVER,35,75,55,43,0
PAVER,35,75,55,44,0
PAVER,35,75,55,45,0
PAVER,35,75,55,46,0
PAVER,35,75,55,47,0
PAVER,35,75,55,48,0
PAVER,35,75,55,49,0
PAVER,35,75,55,50,0
PAVER,35,75,55,51,0
PAVER,35,75,55,52,0
PAVER,35,75,55,53,0
PAVER,35,75,55,54,0
PAVER,35,75,55,55,0.3333333333333333
PAVER,35,75,55,56,0
PAVER,35,75,55,57,0
PAVER,56,76,56,1,0
PAVER,56,76,56,2,0
PAVER,56,76,56,3,0
PAVER,56,76,56,4,0
PAVER,56,76,56,5,0
PAVER,56,76,56,6,0
PAVER,56,76,56,7,0
PAVER,56,76,56,8,0
PAVER,56,76,56,9,0
PAVER,56,76,56,10,0
PAVER,56,76,56,11,0
PAVER,56,76,56,12,0
PAVER,56,76,56,13,0
PAVER,56,76,56,14,0
PAVER,56,76,56,15,0
PAVER,56,76,56,16,0
PAVER,56,76,56,17,0
PAVER,56,76,56,18,0
PAVER,56,76,56,19,0.3333333333333333
PAVER,56,76,56,20,0
PAVER,56,76,56,21,0
PAVER,56,76,56,22,0
PAVER,56,76,56,23,0
PAVER,56,76,56,24,0
PAVER,56,76,56,25,0
PAVER,56,76,56,26,0
PAVER,56,76,56,27,0
PAVER,56,76,56,28,0
PAVER,56,76,56,29,0
PAVER,56,76,56,30,0
PAVER,56,76,56,31,0
PAVER,56,76,56,32,0
PAVER,56,76,56,33,0
PAVER,56,76,56,34,0
PAVER,56,76,56,35,0
PAVER,56,76,56,36,0
PAVER,56,76,56,37,0
PAVER,56,76,56,38,0
PAVER,56,76,56,39,0
PAVER,56,76,56,40,0
PAVER,56,76,56,41,0
PAVER,56,76,56,42,0
PAVER,56,76,56,43,0
PAVER,56,76,56,44,0
PAVER,56,76,56,45,0
PAVER,56,76,56,46,0
PAVER,56,76,56,47,0
PAVER,56,76,56,48,0
PAVER,56,76,56,49,0
PAVER,56,76,56,50,0
PAVER,56,76,56,51,0
PAVER,56,76,56,52,0
PAVER,56,76,56,53,0
PAVER,56,76,56,54,0
PAVER,56,76,56,55,0
PAVER,56,76,56,56,0.5833333333333334
PAVER,56,76,56,57,0
PAVER,68,77,57,1,0
PAVER,68,77,57,2,0
PAVER,68,77,57,3,0
PAVER,68,77,57,4,0
PAVER,68,77,57,5,0
PAVER,68,77,57,6,0
PAVER,68,77,57,7,0
PAVER,68,77,57,8,0
PAVER,68,77,57,9,0
PAVER,68,77,57,10,0
PAVER,68,77,57,11,0
PAVER,68,77,57,12,0
PAVER,68,77,57,13,0
PAVER,68,77,57,14,0
PAVER,68,77,57,15,0
PAVER,68,77,57,16,0
PAVER,68,77,57,17,0
PAVER,68,77,57,18,0.3333333333333333
PAVER,68,77,57,19,0
PAVER,68,77,57,20,0
PAVER,68,77,57,21,0
PAVER,68,77,57,22,0
PAVER,68,77,57,23,0
PAVER,68,77,57,24,0
PAVER,68,77,57,25,0
PAVER,68,77,57,26,0
PAVER,68,77,57,27,0
PAVER,68,77,57,28,0
PAVER,68,77,57,29,0
PAVER,68,77,57,30,0
PAVER,68,77,57,31,0
PAVER,68,77,57,32,0
PAVER,68,77,57,33,0
PAVER,68,77,57,34,0
PAVER,68,77,57,35,0
PAVER,68,77,57,36,0
PAVER,68,77,57,37,0
PAVER,68,77,57,38,0
PAVER,68,77,57,39,0
PAVER,68,77,57,40,0
PAVER,68,77,57,41,0
PAVER,68,77,57,42,0
PAVER,68,77,57,43,0
PAVER,68,77,57,44,0
PAVER,68,77,57,45,0
PAVER,68,77,57,46,0
PAVER,68,77,57,47,0
PAVER,68,77,57,48,0
PAVER,68,77,57,49,0
PAVER,68,77,57,50,0
PAVER,68,77,57,51,0
PAVER,68,77,57,52,0
PAVER,68,77,57,53,0
PAVER,68,77,57,54,0
PAVER,68,77,57,55,0
PAVER,68,77,57,56,0
PAVER,68,77,57,57,0.5
aPEAR,12,1,1,1,0.42857142857142855
aPEAR,12,1,1,2,0
aPEAR,12,1,1,3,0
aPEAR,12,1,1,4,0
aPEAR,12,1,1,5,0
aPEAR,12,1,1,6,0
aPEAR,12,1,1,7,0
aPEAR,12,1,1,8,0
aPEAR,12,1,1,9,0
aPEAR,12,1,1,10,0
aPEAR,12,1,1,11,0
aPEAR,12,1,1,12,0
aPEAR,12,1,1,13,0
aPEAR,12,1,1,14,0
aPEAR,12,1,1,15,0
aPEAR,12,1,1,16,0
aPEAR,12,1,1,17,0
aPEAR,12,1,1,18,0
aPEAR,12,1,1,19,0
aPEAR,12,1,1,20,0
aPEAR,12,1,1,21,0
aPEAR,12,1,1,22,0
aPEAR,12,1,1,23,0
aPEAR,12,1,1,24,0
aPEAR,12,1,1,25,0
aPEAR,12,1,1,26,0
aPEAR,12,1,1,27,0
aPEAR,12,1,1,28,0
aPEAR,12,1,1,29,0
aPEAR,12,1,1,30,0
aPEAR,12,1,1,31,0
aPEAR,12,1,1,32,0
aPEAR,12,1,1,33,0
aPEAR,12,1,1,34,0
aPEAR,12,1,1,35,0
aPEAR,12,1,1,36,0
aPEAR,12,1,1,37,0
aPEAR,12,1,1,38,0
aPEAR,12,1,1,39,0
aPEAR,12,1,1,40,0
aPEAR,12,1,1,41,0
aPEAR,12,1,1,42,0
aPEAR,12,1,1,43,0
aPEAR,12,1,1,44,0
aPEAR,12,1,1,45,0
aPEAR,12,1,1,46,0
aPEAR,12,1,1,47,0
aPEAR,12,1,1,48,0
aPEAR,12,1,1,49,0
aPEAR,12,1,1,50,0
aPEAR,12,1,1,51,0
aPEAR,12,1,1,52,0
aPEAR,12,1,1,53,0
aPEAR,12,1,1,54,0
aPEAR,12,1,1,55,0
aPEAR,12,1,1,56,0
aPEAR,12,1,1,57,0
aPEAR,55,2,1,1,0.2857142857142857
aPEAR,55,2,1,2,0
aPEAR,55,2,1,3,0
aPEAR,55,2,1,4,0
aPEAR,55,2,1,5,0
aPEAR,55,2,1,6,0
aPEAR,55,2,1,7,0
aPEAR,55,2,1,8,0
aPEAR,55,2,1,9,0
aPEAR,55,2,1,10,0
aPEAR,55,2,1,11,0
aPEAR,55,2,1,12,0
aPEAR,55,2,1,13,0
aPEAR,55,2,1,14,0
aPEAR,55,2,1,15,0
aPEAR,55,2,1,16,0
aPEAR,55,2,1,17,0
aPEAR,55,2,1,18,0
aPEAR,55,2,1,19,0
aPEAR,55,2,1,20,0
aPEAR,55,2,1,21,0
aPEAR,55,2,1,22,0
aPEAR,55,2,1,23,0
aPEAR,55,2,1,24,0
aPEAR,55,2,1,25,0
aPEAR,55,2,1,26,0
aPEAR,55,2,1,27,0
aPEAR,55,2,1,28,0
aPEAR,55,2,1,29,0
aPEAR,55,2,1,30,0
aPEAR,55,2,1,31,0
aPEAR,55,2,1,32,0
aPEAR,55,2,1,33,0
aPEAR,55,2,1,34,0
aPEAR,55,2,1,35,0
aPEAR,55,2,1,36,0
aPEAR,55,2,1,37,0
aPEAR,55,2,1,38,0
aPEAR,55,2,1,39,0
aPEAR,55,2,1,40,0
aPEAR,55,2,1,41,0
aPEAR,55,2,1,42,0
aPEAR,55,2,1,43,0
aPEAR,55,2,1,44,0
aPEAR,55,2,1,45,0
aPEAR,55,2,1,46,0
aPEAR,55,2,1,47,0
aPEAR,55,2,1,48,0
aPEAR,55,2,1,49,0
aPEAR,55,2,1,50,0
aPEAR,55,2,1,51,0
aPEAR,55,2,1,52,0
aPEAR,55,2,1,53,0
aPEAR,55,2,1,54,0
aPEAR,55,2,1,55,0
aPEAR,55,2,1,56,0
aPEAR,55,2,1,57,0
aPEAR,131,3,1,1,0.14285714285714285
aPEAR,131,3,1,2,0
aPEAR,131,3,1,3,0
aPEAR,131,3,1,4,0
aPEAR,131,3,1,5,0
aPEAR,131,3,1,6,0
aPEAR,131,3,1,7,0
aPEAR,131,3,1,8,0
aPEAR,131,3,1,9,0
aPEAR,131,3,1,10,0
aPEAR,131,3,1,11,0
aPEAR,131,3,1,12,0
aPEAR,131,3,1,13,0
aPEAR,131,3,1,14,0
aPEAR,131,3,1,15,0
aPEAR,131,3,1,16,0
aPEAR,131,3,1,17,0
aPEAR,131,3,1,18,0
aPEAR,131,3,1,19,0
aPEAR,131,3,1,20,0
aPEAR,131,3,1,21,0
aPEAR,131,3,1,22,0
aPEAR,131,3,1,23,0
aPEAR,131,3,1,24,0
aPEAR,131,3,1,25,0
aPEAR,131,3,1,26,0
aPEAR,131,3,1,27,0
aPEAR,131,3,1,28,0
aPEAR,131,3,1,29,0
aPEAR,131,3,1,30,0
aPEAR,131,3,1,31,0
aPEAR,131,3,1,32,0
aPEAR,131,3,1,33,0
aPEAR,131,3,1,34,0
aPEAR,131,3,1,35,0
aPEAR,131,3,1,36,0
aPEAR,131,3,1,37,0
aPEAR,131,3,1,38,0
aPEAR,131,3,1,39,0
aPEAR,131,3,1,40,0
aPEAR,131,3,1,41,0
aPEAR,131,3,1,42,0
aPEAR,131,3,1,43,0
aPEAR,131,3,1,44,0
aPEAR,131,3,1,45,0
aPEAR,131,3,1,46,0
aPEAR,131,3,1,47,0
aPEAR,131,3,1,48,0
aPEAR,131,3,1,49,0
aPEAR,131,3,1,50,0
aPEAR,131,3,1,51,0
aPEAR,131,3,1,52,0
aPEAR,131,3,1,53,0
aPEAR,131,3,1,54,0
aPEAR,131,3,1,55,0
aPEAR,131,3,1,56,0
aPEAR,131,3,1,57,0
aPEAR,56,4,2,1,0
aPEAR,56,4,2,2,0.4166666666666667
aPEAR,56,4,2,3,0
aPEAR,56,4,2,4,0
aPEAR,56,4,2,5,0
aPEAR,56,4,2,6,0
aPEAR,56,4,2,7,0
aPEAR,56,4,2,8,0
aPEAR,56,4,2,9,0
aPEAR,56,4,2,10,0
aPEAR,56,4,2,11,0
aPEAR,56,4,2,12,0
aPEAR,56,4,2,13,0
aPEAR,56,4,2,14,0
aPEAR,56,4,2,15,0
aPEAR,56,4,2,16,0
aPEAR,56,4,2,17,0
aPEAR,56,4,2,18,0
aPEAR,56,4,2,19,0
aPEAR,56,4,2,20,0
aPEAR,56,4,2,21,0
aPEAR,56,4,2,22,0
aPEAR,56,4,2,23,0
aPEAR,56,4,2,24,0
aPEAR,56,4,2,25,0
aPEAR,56,4,2,26,0
aPEAR,56,4,2,27,0
aPEAR,56,4,2,28,0
aPEAR,56,4,2,29,0
aPEAR,56,4,2,30,0
aPEAR,56,4,2,31,0
aPEAR,56,4,2,32,0
aPEAR,56,4,2,33,0
aPEAR,56,4,2,34,0
aPEAR,56,4,2,35,0
aPEAR,56,4,2,36,0
aPEAR,56,4,2,37,0
aPEAR,56,4,2,38,0
aPEAR,56,4,2,39,0
aPEAR,56,4,2,40,0
aPEAR,56,4,2,41,0
aPEAR,56,4,2,42,0
aPEAR,56,4,2,43,0
aPEAR,56,4,2,44,0
aPEAR,56,4,2,45,0
aPEAR,56,4,2,46,0
aPEAR,56,4,2,47,0
aPEAR,56,4,2,48,0
aPEAR,56,4,2,49,0
aPEAR,56,4,2,50,0
aPEAR,56,4,2,51,0
aPEAR,56,4,2,52,0
aPEAR,56,4,2,53,0
aPEAR,56,4,2,54,0
aPEAR,56,4,2,55,0
aPEAR,56,4,2,56,0
aPEAR,56,4,2,57,0
aPEAR,57,5,2,1,0
aPEAR,57,5,2,2,0.16666666666666666
aPEAR,57,5,2,3,0
aPEAR,57,5,2,4,0
aPEAR,57,5,2,5,0
aPEAR,57,5,2,6,0
aPEAR,57,5,2,7,0
aPEAR,57,5,2,8,0
aPEAR,57,5,2,9,0
aPEAR,57,5,2,10,0
aPEAR,57,5,2,11,0
aPEAR,57,5,2,12,0
aPEAR,57,5,2,13,0
aPEAR,57,5,2,14,0
aPEAR,57,5,2,15,0
aPEAR,57,5,2,16,0
aPEAR,57,5,2,17,0
aPEAR,57,5,2,18,0
aPEAR,57,5,2,19,0
aPEAR,57,5,2,20,0
aPEAR,57,5,2,21,0
aPEAR,57,5,2,22,0
aPEAR,57,5,2,23,0
aPEAR,57,5,2,24,0
aPEAR,57,5,2,25,0
aPEAR,57,5,2,26,0
aPEAR,57,5,2,27,0
aPEAR,57,5,2,28,0
aPEAR,57,5,2,29,0
aPEAR,57,5,2,30,0
aPEAR,57,5,2,31,0
aPEAR,57,5,2,32,0
aPEAR,57,5,2,33,0
aPEAR,57,5,2,34,0
aPEAR,57,5,2,35,0
aPEAR,57,5,2,36,0
aPEAR,57,5,2,37,0
aPEAR,57,5,2,38,0
aPEAR,57,5,2,39,0
aPEAR,57,5,2,40,0
aPEAR,57,5,2,41,0
aPEAR,57,5,2,42,0
aPEAR,57,5,2,43,0
aPEAR,57,5,2,44,0
aPEAR,57,5,2,45,0
aPEAR,57,5,2,46,0
aPEAR,57,5,2,47,0
aPEAR,57,5,2,48,0
aPEAR,57,5,2,49,0
aPEAR,57,5,2,50,0
aPEAR,57,5,2,51,0
aPEAR,57,5,2,52,0
aPEAR,57,5,2,53,0
aPEAR,57,5,2,54,0
aPEAR,57,5,2,55,0
aPEAR,57,5,2,56,0
aPEAR,57,5,2,57,0
aPEAR,58,6,2,1,0
aPEAR,58,6,2,2,0.16666666666666666
aPEAR,58,6,2,3,0
aPEAR,58,6,2,4,0
aPEAR,58,6,2,5,0
aPEAR,58,6,2,6,0
aPEAR,58,6,2,7,0
aPEAR,58,6,2,8,0
aPEAR,58,6,2,9,0
aPEAR,58,6,2,10,0
aPEAR,58,6,2,11,0
aPEAR,58,6,2,12,0
aPEAR,58,6,2,13,0
aPEAR,58,6,2,14,0
aPEAR,58,6,2,15,0
aPEAR,58,6,2,16,0
aPEAR,58,6,2,17,0
aPEAR,58,6,2,18,0
aPEAR,58,6,2,19,0
aPEAR,58,6,2,20,0
aPEAR,58,6,2,21,0
aPEAR,58,6,2,22,0
aPEAR,58,6,2,23,0
aPEAR,58,6,2,24,0
aPEAR,58,6,2,25,0
aPEAR,58,6,2,26,0
aPEAR,58,6,2,27,0
aPEAR,58,6,2,28,0
aPEAR,58,6,2,29,0
aPEAR,58,6,2,30,0
aPEAR,58,6,2,31,0
aPEAR,58,6,2,32,0
aPEAR,58,6,2,33,0
aPEAR,58,6,2,34,0
aPEAR,58,6,2,35,0
aPEAR,58,6,2,36,0
aPEAR,58,6,2,37,0
aPEAR,58,6,2,38,0
aPEAR,58,6,2,39,0
aPEAR,58,6,2,40,0
aPEAR,58,6,2,41,0
aPEAR,58,6,2,42,0
aPEAR,58,6,2,43,0
aPEAR,58,6,2,44,0
aPEAR,58,6,2,45,0
aPEAR,58,6,2,46,0
aPEAR,58,6,2,47,0
aPEAR,58,6,2,48,0
aPEAR,58,6,2,49,0
aPEAR,58,6,2,50,0
aPEAR,58,6,2,51,0
aPEAR,58,6,2,52,0
aPEAR,58,6,2,53,0
aPEAR,58,6,2,54,0
aPEAR,58,6,2,55,0
aPEAR,58,6,2,56,0
aPEAR,58,6,2,57,0
aPEAR,2,7,3,1,0
aPEAR,2,7,3,2,0
aPEAR,2,7,3,3,0.2
aPEAR,2,7,3,4,0
aPEAR,2,7,3,5,0
aPEAR,2,7,3,6,0
aPEAR,2,7,3,7,0
aPEAR,2,7,3,8,0
aPEAR,2,7,3,9,0
aPEAR,2,7,3,10,0
aPEAR,2,7,3,11,0
aPEAR,2,7,3,12,0
aPEAR,2,7,3,13,0
aPEAR,2,7,3,14,0
aPEAR,2,7,3,15,0
aPEAR,2,7,3,16,0
aPEAR,2,7,3,17,0
aPEAR,2,7,3,18,0
aPEAR,2,7,3,19,0
aPEAR,2,7,3,20,0
aPEAR,2,7,3,21,0
aPEAR,2,7,3,22,0
aPEAR,2,7,3,23,0
aPEAR,2,7,3,24,0
aPEAR,2,7,3,25,0
aPEAR,2,7,3,26,0
aPEAR,2,7,3,27,0
aPEAR,2,7,3,28,0
aPEAR,2,7,3,29,0
aPEAR,2,7,3,30,0
aPEAR,2,7,3,31,0
aPEAR,2,7,3,32,0
aPEAR,2,7,3,33,0
aPEAR,2,7,3,34,0
aPEAR,2,7,3,35,0
aPEAR,2,7,3,36,0
aPEAR,2,7,3,37,0
aPEAR,2,7,3,38,0
aPEAR,2,7,3,39,0
aPEAR,2,7,3,40,0
aPEAR,2,7,3,41,0
aPEAR,2,7,3,42,0
aPEAR,2,7,3,43,0
aPEAR,2,7,3,44,0
aPEAR,2,7,3,45,0
aPEAR,2,7,3,46,0
aPEAR,2,7,3,47,0
aPEAR,2,7,3,48,0
aPEAR,2,7,3,49,0
aPEAR,2,7,3,50,0
aPEAR,2,7,3,51,0
aPEAR,2,7,3,52,0
aPEAR,2,7,3,53,0
aPEAR,2,7,3,54,0.058823529411764705
aPEAR,2,7,3,55,0
aPEAR,2,7,3,56,0
aPEAR,2,7,3,57,0
aPEAR,103,8,3,1,0
aPEAR,103,8,3,2,0
aPEAR,103,8,3,3,0.25
aPEAR,103,8,3,4,0
aPEAR,103,8,3,5,0
aPEAR,103,8,3,6,0
aPEAR,103,8,3,7,0
aPEAR,103,8,3,8,0
aPEAR,103,8,3,9,0
aPEAR,103,8,3,10,0
aPEAR,103,8,3,11,0
aPEAR,103,8,3,12,0
aPEAR,103,8,3,13,0
aPEAR,103,8,3,14,0
aPEAR,103,8,3,15,0
aPEAR,103,8,3,16,0
aPEAR,103,8,3,17,0
aPEAR,103,8,3,18,0
aPEAR,103,8,3,19,0
aPEAR,103,8,3,20,0
aPEAR,103,8,3,21,0
aPEAR,103,8,3,22,0
aPEAR,103,8,3,23,0
aPEAR,103,8,3,24,0
aPEAR,103,8,3,25,0
aPEAR,103,8,3,26,0
aPEAR,103,8,3,27,0
aPEAR,103,8,3,28,0
aPEAR,103,8,3,29,0
aPEAR,103,8,3,30,0
aPEAR,103,8,3,31,0
aPEAR,103,8,3,32,0
aPEAR,103,8,3,33,0
aPEAR,103,8,3,34,0
aPEAR,103,8,3,35,0
aPEAR,103,8,3,36,0
aPEAR,103,8,3,37,0
aPEAR,103,8,3,38,0
aPEAR,103,8,3,39,0
aPEAR,103,8,3,40,0
aPEAR,103,8,3,41,0
aPEAR,103,8,3,42,0
aPEAR,103,8,3,43,0
aPEAR,103,8,3,44,0
aPEAR,103,8,3,45,0
aPEAR,103,8,3,46,0
aPEAR,103,8,3,47,0
aPEAR,103,8,3,48,0
aPEAR,103,8,3,49,0
aPEAR,103,8,3,50,0
aPEAR,103,8,3,51,0
aPEAR,103,8,3,52,0
aPEAR,103,8,3,53,0
aPEAR,103,8,3,54,0
aPEAR,103,8,3,55,0
aPEAR,103,8,3,56,0
aPEAR,103,8,3,57,0
aPEAR,118,9,3,1,0
aPEAR,118,9,3,2,0
aPEAR,118,9,3,3,0.25
aPEAR,118,9,3,4,0
aPEAR,118,9,3,5,0
aPEAR,118,9,3,6,0
aPEAR,118,9,3,7,0
aPEAR,118,9,3,8,0
aPEAR,118,9,3,9,0
aPEAR,118,9,3,10,0
aPEAR,118,9,3,11,0
aPEAR,118,9,3,12,0
aPEAR,118,9,3,13,0
aPEAR,118,9,3,14,0
aPEAR,118,9,3,15,0
aPEAR,118,9,3,16,0
aPEAR,118,9,3,17,0
aPEAR,118,9,3,18,0
aPEAR,118,9,3,19,0
aPEAR,118,9,3,20,0
aPEAR,118,9,3,21,0
aPEAR,118,9,3,22,0
aPEAR,118,9,3,23,0
aPEAR,118,9,3,24,0
aPEAR,118,9,3,25,0
aPEAR,118,9,3,26,0
aPEAR,118,9,3,27,0
aPEAR,118,9,3,28,0
aPEAR,118,9,3,29,0
aPEAR,118,9,3,30,0
aPEAR,118,9,3,31,0
aPEAR,118,9,3,32,0
aPEAR,118,9,3,33,0
aPEAR,118,9,3,34,0
aPEAR,118,9,3,35,0
aPEAR,118,9,3,36,0
aPEAR,118,9,3,37,0
aPEAR,118,9,3,38,0
aPEAR,118,9,3,39,0
aPEAR,118,9,3,40,0
aPEAR,118,9,3,41,0
aPEAR,118,9,3,42,0
aPEAR,118,9,3,43,0
aPEAR,118,9,3,44,0
aPEAR,118,9,3,45,0
aPEAR,118,9,3,46,0
aPEAR,118,9,3,47,0
aPEAR,118,9,3,48,0
aPEAR,118,9,3,49,0
aPEAR,118,9,3,50,0
aPEAR,118,9,3,51,0
aPEAR,118,9,3,52,0
aPEAR,118,9,3,53,0
aPEAR,118,9,3,54,0
aPEAR,118,9,3,55,0
aPEAR,118,9,3,56,0
aPEAR,118,9,3,57,0
aPEAR,155,10,3,1,0
aPEAR,155,10,3,2,0
aPEAR,155,10,3,3,0.25
aPEAR,155,10,3,4,0
aPEAR,155,10,3,5,0
aPEAR,155,10,3,6,0
aPEAR,155,10,3,7,0
aPEAR,155,10,3,8,0
aPEAR,155,10,3,9,0
aPEAR,155,10,3,10,0
aPEAR,155,10,3,11,0
aPEAR,155,10,3,12,0
aPEAR,155,10,3,13,0
aPEAR,155,10,3,14,0
aPEAR,155,10,3,15,0
aPEAR,155,10,3,16,0
aPEAR,155,10,3,17,0
aPEAR,155,10,3,18,0
aPEAR,155,10,3,19,0
aPEAR,155,10,3,20,0
aPEAR,155,10,3,21,0
aPEAR,155,10,3,22,0
aPEAR,155,10,3,23,0
aPEAR,155,10,3,24,0
aPEAR,155,10,3,25,0
aPEAR,155,10,3,26,0
aPEAR,155,10,3,27,0
aPEAR,155,10,3,28,0
aPEAR,155,10,3,29,0
aPEAR,155,10,3,30,0
aPEAR,155,10,3,31,0
aPEAR,155,10,3,32,0
aPEAR,155,10,3,33,0
aPEAR,155,10,3,34,0
aPEAR,155,10,3,35,0
aPEAR,155,10,3,36,0
aPEAR,155,10,3,37,0
aPEAR,155,10,3,38,0
aPEAR,155,10,3,39,0
aPEAR,155,10,3,40,0
aPEAR,155,10,3,41,0
aPEAR,155,10,3,42,0
aPEAR,155,10,3,43,0
aPEAR,155,10,3,44,0
aPEAR,155,10,3,45,0
aPEAR,155,10,3,46,0
aPEAR,155,10,3,47,0
aPEAR,155,10,3,48,0
aPEAR,155,10,3,49,0
aPEAR,155,10,3,50,0
aPEAR,155,10,3,51,0
aPEAR,155,10,3,52,0
aPEAR,155,10,3,53,0
aPEAR,155,10,3,54,0
aPEAR,155,10,3,55,0
aPEAR,155,10,3,56,0
aPEAR,155,10,3,57,0
aPEAR,14,11,4,1,0
aPEAR,14,11,4,2,0
aPEAR,14,11,4,3,0
aPEAR,14,11,4,4,0.5
aPEAR,14,11,4,5,0
aPEAR,14,11,4,6,0
aPEAR,14,11,4,7,0
aPEAR,14,11,4,8,0
aPEAR,14,11,4,9,0
aPEAR,14,11,4,10,0
aPEAR,14,11,4,11,0
aPEAR,14,11,4,12,0
aPEAR,14,11,4,13,0
aPEAR,14,11,4,14,0
aPEAR,14,11,4,15,0
aPEAR,14,11,4,16,0
aPEAR,14,11,4,17,0
aPEAR,14,11,4,18,0
aPEAR,14,11,4,19,0
aPEAR,14,11,4,20,0
aPEAR,14,11,4,21,0
aPEAR,14,11,4,22,0
aPEAR,14,11,4,23,0
aPEAR,14,11,4,24,0
aPEAR,14,11,4,25,0
aPEAR,14,11,4,26,0
aPEAR,14,11,4,27,0
aPEAR,14,11,4,28,0
aPEAR,14,11,4,29,0
aPEAR,14,11,4,30,0
aPEAR,14,11,4,31,0
aPEAR,14,11,4,32,0
aPEAR,14,11,4,33,0
aPEAR,14,11,4,34,0
aPEAR,14,11,4,35,0
aPEAR,14,11,4,36,0
aPEAR,14,11,4,37,0
aPEAR,14,11,4,38,0
aPEAR,14,11,4,39,0
aPEAR,14,11,4,40,0
aPEAR,14,11,4,41,0
aPEAR,14,11,4,42,0
aPEAR,14,11,4,43,0
aPEAR,14,11,4,44,0
aPEAR,14,11,4,45,0
aPEAR,14,11,4,46,0
aPEAR,14,11,4,47,0
aPEAR,14,11,4,48,0
aPEAR,14,11,4,49,0
aPEAR,14,11,4,50,0
aPEAR,14,11,4,51,0
aPEAR,14,11,4,52,0
aPEAR,14,11,4,53,0
aPEAR,14,11,4,54,0
aPEAR,14,11,4,55,0
aPEAR,14,11,4,56,0
aPEAR,14,11,4,57,0
aPEAR,15,12,4,1,0
aPEAR,15,12,4,2,0
aPEAR,15,12,4,3,0
aPEAR,15,12,4,4,0.2
aPEAR,15,12,4,5,0.2
aPEAR,15,12,4,6,0
aPEAR,15,12,4,7,0
aPEAR,15,12,4,8,0
aPEAR,15,12,4,9,0
aPEAR,15,12,4,10,0
aPEAR,15,12,4,11,0
aPEAR,15,12,4,12,0
aPEAR,15,12,4,13,0
aPEAR,15,12,4,14,0
aPEAR,15,12,4,15,0
aPEAR,15,12,4,16,0
aPEAR,15,12,4,17,0
aPEAR,15,12,4,18,0
aPEAR,15,12,4,19,0
aPEAR,15,12,4,20,0
aPEAR,15,12,4,21,0
aPEAR,15,12,4,22,0
aPEAR,15,12,4,23,0
aPEAR,15,12,4,24,0
aPEAR,15,12,4,25,0
aPEAR,15,12,4,26,0
aPEAR,15,12,4,27,0
aPEAR,15,12,4,28,0
aPEAR,15,12,4,29,0
aPEAR,15,12,4,30,0
aPEAR,15,12,4,31,0
aPEAR,15,12,4,32,0
aPEAR,15,12,4,33,0
aPEAR,15,12,4,34,0
aPEAR,15,12,4,35,0
aPEAR,15,12,4,36,0
aPEAR,15,12,4,37,0
aPEAR,15,12,4,38,0
aPEAR,15,12,4,39,0
aPEAR,15,12,4,40,0
aPEAR,15,12,4,41,0
aPEAR,15,12,4,42,0
aPEAR,15,12,4,43,0
aPEAR,15,12,4,44,0
aPEAR,15,12,4,45,0
aPEAR,15,12,4,46,0
aPEAR,15,12,4,47,0
aPEAR,15,12,4,48,0
aPEAR,15,12,4,49,0
aPEAR,15,12,4,50,0
aPEAR,15,12,4,51,0
aPEAR,15,12,4,52,0
aPEAR,15,12,4,53,0
aPEAR,15,12,4,54,0
aPEAR,15,12,4,55,0
aPEAR,15,12,4,56,0
aPEAR,15,12,4,57,0
aPEAR,17,13,4,1,0
aPEAR,17,13,4,2,0
aPEAR,17,13,4,3,0
aPEAR,17,13,4,4,0.2
aPEAR,17,13,4,5,0
aPEAR,17,13,4,6,0
aPEAR,17,13,4,7,0
aPEAR,17,13,4,8,0
aPEAR,17,13,4,9,0
aPEAR,17,13,4,10,0
aPEAR,17,13,4,11,0
aPEAR,17,13,4,12,0
aPEAR,17,13,4,13,0
aPEAR,17,13,4,14,0
aPEAR,17,13,4,15,0.16666666666666666
aPEAR,17,13,4,16,0
aPEAR,17,13,4,17,0
aPEAR,17,13,4,18,0
aPEAR,17,13,4,19,0
aPEAR,17,13,4,20,0
aPEAR,17,13,4,21,0
aPEAR,17,13,4,22,0
aPEAR,17,13,4,23,0
aPEAR,17,13,4,24,0
aPEAR,17,13,4,25,0
aPEAR,17,13,4,26,0
aPEAR,17,13,4,27,0
aPEAR,17,13,4,28,0
aPEAR,17,13,4,29,0
aPEAR,17,13,4,30,0
aPEAR,17,13,4,31,0
aPEAR,17,13,4,32,0
aPEAR,17,13,4,33,0
aPEAR,17,13,4,34,0
aPEAR,17,13,4,35,0
aPEAR,17,13,4,36,0
aPEAR,17,13,4,37,0
aPEAR,17,13,4,38,0
aPEAR,17,13,4,39,0
aPEAR,17,13,4,40,0
aPEAR,17,13,4,41,0
aPEAR,17,13,4,42,0
aPEAR,17,13,4,43,0
aPEAR,17,13,4,44,0
aPEAR,17,13,4,45,0
aPEAR,17,13,4,46,0
aPEAR,17,13,4,47,0
aPEAR,17,13,4,48,0
aPEAR,17,13,4,49,0
aPEAR,17,13,4,50,0
aPEAR,17,13,4,51,0
aPEAR,17,13,4,52,0
aPEAR,17,13,4,53,0
aPEAR,17,13,4,54,0
aPEAR,17,13,4,55,0
aPEAR,17,13,4,56,0
aPEAR,17,13,4,57,0
aPEAR,16,14,5,1,0
aPEAR,16,14,5,2,0
aPEAR,16,14,5,3,0
aPEAR,16,14,5,4,0
aPEAR,16,14,5,5,0.5
aPEAR,16,14,5,6,0
aPEAR,16,14,5,7,0
aPEAR,16,14,5,8,0
aPEAR,16,14,5,9,0
aPEAR,16,14,5,10,0
aPEAR,16,14,5,11,0
aPEAR,16,14,5,12,0
aPEAR,16,14,5,13,0
aPEAR,16,14,5,14,0
aPEAR,16,14,5,15,0
aPEAR,16,14,5,16,0
aPEAR,16,14,5,17,0
aPEAR,16,14,5,18,0
aPEAR,16,14,5,19,0
aPEAR,16,14,5,20,0
aPEAR,16,14,5,21,0
aPEAR,16,14,5,22,0
aPEAR,16,14,5,23,0
aPEAR,16,14,5,24,0
aPEAR,16,14,5,25,0
aPEAR,16,14,5,26,0
aPEAR,16,14,5,27,0
aPEAR,16,14,5,28,0
aPEAR,16,14,5,29,0
aPEAR,16,14,5,30,0
aPEAR,16,14,5,31,0
aPEAR,16,14,5,32,0
aPEAR,16,14,5,33,0
aPEAR,16,14,5,34,0
aPEAR,16,14,5,35,0
aPEAR,16,14,5,36,0
aPEAR,16,14,5,37,0
aPEAR,16,14,5,38,0
aPEAR,16,14,5,39,0
aPEAR,16,14,5,40,0
aPEAR,16,14,5,41,0
aPEAR,16,14,5,42,0
aPEAR,16,14,5,43,0
aPEAR,16,14,5,44,0
aPEAR,16,14,5,45,0
aPEAR,16,14,5,46,0
aPEAR,16,14,5,47,0
aPEAR,16,14,5,48,0
aPEAR,16,14,5,49,0
aPEAR,16,14,5,50,0
aPEAR,16,14,5,51,0
aPEAR,16,14,5,52,0
aPEAR,16,14,5,53,0
aPEAR,16,14,5,54,0
aPEAR,16,14,5,55,0
aPEAR,16,14,5,56,0
aPEAR,16,14,5,57,0
aPEAR,137,15,5,1,0
aPEAR,137,15,5,2,0
aPEAR,137,15,5,3,0
aPEAR,137,15,5,4,0
aPEAR,137,15,5,5,0.25
aPEAR,137,15,5,6,0
aPEAR,137,15,5,7,0
aPEAR,137,15,5,8,0
aPEAR,137,15,5,9,0
aPEAR,137,15,5,10,0
aPEAR,137,15,5,11,0
aPEAR,137,15,5,12,0
aPEAR,137,15,5,13,0
aPEAR,137,15,5,14,0
aPEAR,137,15,5,15,0
aPEAR,137,15,5,16,0
aPEAR,137,15,5,17,0
aPEAR,137,15,5,18,0
aPEAR,137,15,5,19,0
aPEAR,137,15,5,20,0
aPEAR,137,15,5,21,0
aPEAR,137,15,5,22,0
aPEAR,137,15,5,23,0
aPEAR,137,15,5,24,0
aPEAR,137,15,5,25,0
aPEAR,137,15,5,26,0
aPEAR,137,15,5,27,0
aPEAR,137,15,5,28,0
aPEAR,137,15,5,29,0
aPEAR,137,15,5,30,0
aPEAR,137,15,5,31,0
aPEAR,137,15,5,32,0
aPEAR,137,15,5,33,0
aPEAR,137,15,5,34,0
aPEAR,137,15,5,35,0
aPEAR,137,15,5,36,0
aPEAR,137,15,5,37,0
aPEAR,137,15,5,38,0
aPEAR,137,15,5,39,0
aPEAR,137,15,5,40,0
aPEAR,137,15,5,41,0
aPEAR,137,15,5,42,0
aPEAR,137,15,5,43,0
aPEAR,137,15,5,44,0
aPEAR,137,15,5,45,0
aPEAR,137,15,5,46,0
aPEAR,137,15,5,47,0
aPEAR,137,15,5,48,0
aPEAR,137,15,5,49,0
aPEAR,137,15,5,50,0
aPEAR,137,15,5,51,0
aPEAR,137,15,5,52,0
aPEAR,137,15,5,53,0
aPEAR,137,15,5,54,0
aPEAR,137,15,5,55,0
aPEAR,137,15,5,56,0
aPEAR,137,15,5,57,0
aPEAR,21,16,6,1,0
aPEAR,21,16,6,2,0
aPEAR,21,16,6,3,0
aPEAR,21,16,6,4,0
aPEAR,21,16,6,5,0
aPEAR,21,16,6,6,0.2222222222222222
aPEAR,21,16,6,7,0
aPEAR,21,16,6,8,0
aPEAR,21,16,6,9,0
aPEAR,21,16,6,10,0
aPEAR,21,16,6,11,0
aPEAR,21,16,6,12,0
aPEAR,21,16,6,13,0
aPEAR,21,16,6,14,0
aPEAR,21,16,6,15,0
aPEAR,21,16,6,16,0
aPEAR,21,16,6,17,0
aPEAR,21,16,6,18,0
aPEAR,21,16,6,19,0
aPEAR,21,16,6,20,0.14285714285714285
aPEAR,21,16,6,21,0
aPEAR,21,16,6,22,0
aPEAR,21,16,6,23,0
aPEAR,21,16,6,24,0
aPEAR,21,16,6,25,0
aPEAR,21,16,6,26,0
aPEAR,21,16,6,27,0
aPEAR,21,16,6,28,0
aPEAR,21,16,6,29,0
aPEAR,21,16,6,30,0
aPEAR,21,16,6,31,0
aPEAR,21,16,6,32,0
aPEAR,21,16,6,33,0
aPEAR,21,16,6,34,0
aPEAR,21,16,6,35,0
aPEAR,21,16,6,36,0
aPEAR,21,16,6,37,0
aPEAR,21,16,6,38,0
aPEAR,21,16,6,39,0
aPEAR,21,16,6,40,0
aPEAR,21,16,6,41,0
aPEAR,21,16,6,42,0
aPEAR,21,16,6,43,0
aPEAR,21,16,6,44,0
aPEAR,21,16,6,45,0
aPEAR,21,16,6,46,0
aPEAR,21,16,6,47,0
aPEAR,21,16,6,48,0
aPEAR,21,16,6,49,0
aPEAR,21,16,6,50,0
aPEAR,21,16,6,51,0
aPEAR,21,16,6,52,0
aPEAR,21,16,6,53,0
aPEAR,21,16,6,54,0
aPEAR,21,16,6,55,0
aPEAR,21,16,6,56,0
aPEAR,21,16,6,57,0
aPEAR,42,17,6,1,0
aPEAR,42,17,6,2,0
aPEAR,42,17,6,3,0
aPEAR,42,17,6,4,0
aPEAR,42,17,6,5,0
aPEAR,42,17,6,6,0.25
aPEAR,42,17,6,7,0
aPEAR,42,17,6,8,0
aPEAR,42,17,6,9,0
aPEAR,42,17,6,10,0
aPEAR,42,17,6,11,0
aPEAR,42,17,6,12,0
aPEAR,42,17,6,13,0
aPEAR,42,17,6,14,0
aPEAR,42,17,6,15,0
aPEAR,42,17,6,16,0
aPEAR,42,17,6,17,0
aPEAR,42,17,6,18,0
aPEAR,42,17,6,19,0
aPEAR,42,17,6,20,0
aPEAR,42,17,6,21,0
aPEAR,42,17,6,22,0
aPEAR,42,17,6,23,0
aPEAR,42,17,6,24,0
aPEAR,42,17,6,25,0
aPEAR,42,17,6,26,0
aPEAR,42,17,6,27,0
aPEAR,42,17,6,28,0
aPEAR,42,17,6,29,0
aPEAR,42,17,6,30,0
aPEAR,42,17,6,31,0
aPEAR,42,17,6,32,0
aPEAR,42,17,6,33,0
aPEAR,42,17,6,34,0
aPEAR,42,17,6,35,0
aPEAR,42,17,6,36,0
aPEAR,42,17,6,37,0
aPEAR,42,17,6,38,0
aPEAR,42,17,6,39,0
aPEAR,42,17,6,40,0
aPEAR,42,17,6,41,0
aPEAR,42,17,6,42,0
aPEAR,42,17,6,43,0
aPEAR,42,17,6,44,0
aPEAR,42,17,6,45,0
aPEAR,42,17,6,46,0
aPEAR,42,17,6,47,0
aPEAR,42,17,6,48,0
aPEAR,42,17,6,49,0
aPEAR,42,17,6,50,0
aPEAR,42,17,6,51,0
aPEAR,42,17,6,52,0
aPEAR,42,17,6,53,0
aPEAR,42,17,6,54,0
aPEAR,42,17,6,55,0
aPEAR,42,17,6,56,0
aPEAR,42,17,6,57,0
aPEAR,71,18,6,1,0
aPEAR,71,18,6,2,0
aPEAR,71,18,6,3,0
aPEAR,71,18,6,4,0
aPEAR,71,18,6,5,0
aPEAR,71,18,6,6,0.375
aPEAR,71,18,6,7,0
aPEAR,71,18,6,8,0
aPEAR,71,18,6,9,0
aPEAR,71,18,6,10,0
aPEAR,71,18,6,11,0
aPEAR,71,18,6,12,0
aPEAR,71,18,6,13,0
aPEAR,71,18,6,14,0
aPEAR,71,18,6,15,0
aPEAR,71,18,6,16,0
aPEAR,71,18,6,17,0
aPEAR,71,18,6,18,0
aPEAR,71,18,6,19,0
aPEAR,71,18,6,20,0
aPEAR,71,18,6,21,0
aPEAR,71,18,6,22,0
aPEAR,71,18,6,23,0
aPEAR,71,18,6,24,0
aPEAR,71,18,6,25,0
aPEAR,71,18,6,26,0
aPEAR,71,18,6,27,0
aPEAR,71,18,6,28,0
aPEAR,71,18,6,29,0
aPEAR,71,18,6,30,0
aPEAR,71,18,6,31,0
aPEAR,71,18,6,32,0
aPEAR,71,18,6,33,0
aPEAR,71,18,6,34,0
aPEAR,71,18,6,35,0
aPEAR,71,18,6,36,0
aPEAR,71,18,6,37,0
aPEAR,71,18,6,38,0
aPEAR,71,18,6,39,0
aPEAR,71,18,6,40,0
aPEAR,71,18,6,41,0
aPEAR,71,18,6,42,0
aPEAR,71,18,6,43,0
aPEAR,71,18,6,44,0
aPEAR,71,18,6,45,0
aPEAR,71,18,6,46,0
aPEAR,71,18,6,47,0
aPEAR,71,18,6,48,0
aPEAR,71,18,6,49,0
aPEAR,71,18,6,50,0
aPEAR,71,18,6,51,0
aPEAR,71,18,6,52,0
aPEAR,71,18,6,53,0
aPEAR,71,18,6,54,0
aPEAR,71,18,6,55,0
aPEAR,71,18,6,56,0
aPEAR,71,18,6,57,0
aPEAR,124,19,6,1,0
aPEAR,124,19,6,2,0
aPEAR,124,19,6,3,0
aPEAR,124,19,6,4,0
aPEAR,124,19,6,5,0
aPEAR,124,19,6,6,0.125
aPEAR,124,19,6,7,0
aPEAR,124,19,6,8,0
aPEAR,124,19,6,9,0
aPEAR,124,19,6,10,0
aPEAR,124,19,6,11,0
aPEAR,124,19,6,12,0
aPEAR,124,19,6,13,0
aPEAR,124,19,6,14,0
aPEAR,124,19,6,15,0
aPEAR,124,19,6,16,0
aPEAR,124,19,6,17,0
aPEAR,124,19,6,18,0
aPEAR,124,19,6,19,0
aPEAR,124,19,6,20,0
aPEAR,124,19,6,21,0
aPEAR,124,19,6,22,0
aPEAR,124,19,6,23,0
aPEAR,124,19,6,24,0
aPEAR,124,19,6,25,0
aPEAR,124,19,6,26,0
aPEAR,124,19,6,27,0
aPEAR,124,19,6,28,0
aPEAR,124,19,6,29,0
aPEAR,124,19,6,30,0
aPEAR,124,19,6,31,0
aPEAR,124,19,6,32,0
aPEAR,124,19,6,33,0
aPEAR,124,19,6,34,0
aPEAR,124,19,6,35,0
aPEAR,124,19,6,36,0
aPEAR,124,19,6,37,0
aPEAR,124,19,6,38,0
aPEAR,124,19,6,39,0
aPEAR,124,19,6,40,0
aPEAR,124,19,6,41,0
aPEAR,124,19,6,42,0
aPEAR,124,19,6,43,0
aPEAR,124,19,6,44,0
aPEAR,124,19,6,45,0
aPEAR,124,19,6,46,0
aPEAR,124,19,6,47,0
aPEAR,124,19,6,48,0
aPEAR,124,19,6,49,0
aPEAR,124,19,6,50,0
aPEAR,124,19,6,51,0
aPEAR,124,19,6,52,0
aPEAR,124,19,6,53,0
aPEAR,124,19,6,54,0
aPEAR,124,19,6,55,0
aPEAR,124,19,6,56,0
aPEAR,124,19,6,57,0
aPEAR,39,20,7,1,0
aPEAR,39,20,7,2,0
aPEAR,39,20,7,3,0
aPEAR,39,20,7,4,0
aPEAR,39,20,7,5,0
aPEAR,39,20,7,6,0
aPEAR,39,20,7,7,0.2
aPEAR,39,20,7,8,0
aPEAR,39,20,7,9,0
aPEAR,39,20,7,10,0
aPEAR,39,20,7,11,0
aPEAR,39,20,7,12,0
aPEAR,39,20,7,13,0
aPEAR,39,20,7,14,0
aPEAR,39,20,7,15,0
aPEAR,39,20,7,16,0
aPEAR,39,20,7,17,0
aPEAR,39,20,7,18,0
aPEAR,39,20,7,19,0
aPEAR,39,20,7,20,0
aPEAR,39,20,7,21,0
aPEAR,39,20,7,22,0
aPEAR,39,20,7,23,0
aPEAR,39,20,7,24,0
aPEAR,39,20,7,25,0
aPEAR,39,20,7,26,0
aPEAR,39,20,7,27,0
aPEAR,39,20,7,28,0
aPEAR,39,20,7,29,0
aPEAR,39,20,7,30,0
aPEAR,39,20,7,31,0
aPEAR,39,20,7,32,0
aPEAR,39,20,7,33,0
aPEAR,39,20,7,34,0
aPEAR,39,20,7,35,0
aPEAR,39,20,7,36,0
aPEAR,39,20,7,37,0
aPEAR,39,20,7,38,0
aPEAR,39,20,7,39,0
aPEAR,39,20,7,40,0
aPEAR,39,20,7,41,0
aPEAR,39,20,7,42,0
aPEAR,39,20,7,43,0.125
aPEAR,39,20,7,44,0
aPEAR,39,20,7,45,0
aPEAR,39,20,7,46,0
aPEAR,39,20,7,47,0
aPEAR,39,20,7,48,0
aPEAR,39,20,7,49,0
aPEAR,39,20,7,50,0
aPEAR,39,20,7,51,0
aPEAR,39,20,7,52,0
aPEAR,39,20,7,53,0
aPEAR,39,20,7,54,0
aPEAR,39,20,7,55,0
aPEAR,39,20,7,56,0
aPEAR,39,20,7,57,0
aPEAR,109,21,7,1,0
aPEAR,109,21,7,2,0
aPEAR,109,21,7,3,0
aPEAR,109,21,7,4,0
aPEAR,109,21,7,5,0
aPEAR,109,21,7,6,0
aPEAR,109,21,7,7,0.25
aPEAR,109,21,7,8,0
aPEAR,109,21,7,9,0
aPEAR,109,21,7,10,0
aPEAR,109,21,7,11,0
aPEAR,109,21,7,12,0
aPEAR,109,21,7,13,0
aPEAR,109,21,7,14,0
aPEAR,109,21,7,15,0
aPEAR,109,21,7,16,0
aPEAR,109,21,7,17,0
aPEAR,109,21,7,18,0
aPEAR,109,21,7,19,0
aPEAR,109,21,7,20,0
aPEAR,109,21,7,21,0
aPEAR,109,21,7,22,0
aPEAR,109,21,7,23,0
aPEAR,109,21,7,24,0
aPEAR,109,21,7,25,0
aPEAR,109,21,7,26,0
aPEAR,109,21,7,27,0
aPEAR,109,21,7,28,0
aPEAR,109,21,7,29,0
aPEAR,109,21,7,30,0
aPEAR,109,21,7,31,0
aPEAR,109,21,7,32,0
aPEAR,109,21,7,33,0
aPEAR,109,21,7,34,0
aPEAR,109,21,7,35,0
aPEAR,109,21,7,36,0
aPEAR,109,21,7,37,0
aPEAR,109,21,7,38,0
aPEAR,109,21,7,39,0
aPEAR,109,21,7,40,0
aPEAR,109,21,7,41,0
aPEAR,109,21,7,42,0
aPEAR,109,21,7,43,0
aPEAR,109,21,7,44,0
aPEAR,109,21,7,45,0
aPEAR,109,21,7,46,0
aPEAR,109,21,7,47,0
aPEAR,109,21,7,48,0
aPEAR,109,21,7,49,0
aPEAR,109,21,7,50,0
aPEAR,109,21,7,51,0
aPEAR,109,21,7,52,0
aPEAR,109,21,7,53,0
aPEAR,109,21,7,54,0
aPEAR,109,21,7,55,0
aPEAR,109,21,7,56,0
aPEAR,109,21,7,57,0
aPEAR,136,22,7,1,0
aPEAR,136,22,7,2,0
aPEAR,136,22,7,3,0
aPEAR,136,22,7,4,0
aPEAR,136,22,7,5,0
aPEAR,136,22,7,6,0
aPEAR,136,22,7,7,0.25
aPEAR,136,22,7,8,0
aPEAR,136,22,7,9,0
aPEAR,136,22,7,10,0
aPEAR,136,22,7,11,0
aPEAR,136,22,7,12,0
aPEAR,136,22,7,13,0
aPEAR,136,22,7,14,0
aPEAR,136,22,7,15,0
aPEAR,136,22,7,16,0
aPEAR,136,22,7,17,0
aPEAR,136,22,7,18,0
aPEAR,136,22,7,19,0
aPEAR,136,22,7,20,0
aPEAR,136,22,7,21,0
aPEAR,136,22,7,22,0
aPEAR,136,22,7,23,0
aPEAR,136,22,7,24,0
aPEAR,136,22,7,25,0
aPEAR,136,22,7,26,0
aPEAR,136,22,7,27,0
aPEAR,136,22,7,28,0
aPEAR,136,22,7,29,0
aPEAR,136,22,7,30,0
aPEAR,136,22,7,31,0
aPEAR,136,22,7,32,0
aPEAR,136,22,7,33,0
aPEAR,136,22,7,34,0
aPEAR,136,22,7,35,0
aPEAR,136,22,7,36,0
aPEAR,136,22,7,37,0
aPEAR,136,22,7,38,0
aPEAR,136,22,7,39,0
aPEAR,136,22,7,40,0
aPEAR,136,22,7,41,0
aPEAR,136,22,7,42,0
aPEAR,136,22,7,43,0
aPEAR,136,22,7,44,0
aPEAR,136,22,7,45,0
aPEAR,136,22,7,46,0
aPEAR,136,22,7,47,0
aPEAR,136,22,7,48,0
aPEAR,136,22,7,49,0
aPEAR,136,22,7,50,0
aPEAR,136,22,7,51,0
aPEAR,136,22,7,52,0
aPEAR,136,22,7,53,0
aPEAR,136,22,7,54,0
aPEAR,136,22,7,55,0
aPEAR,136,22,7,56,0
aPEAR,136,22,7,57,0
aPEAR,23,23,8,1,0
aPEAR,23,23,8,2,0
aPEAR,23,23,8,3,0
aPEAR,23,23,8,4,0
aPEAR,23,23,8,5,0
aPEAR,23,23,8,6,0
aPEAR,23,23,8,7,0
aPEAR,23,23,8,8,0.2
aPEAR,23,23,8,9,0
aPEAR,23,23,8,10,0
aPEAR,23,23,8,11,0
aPEAR,23,23,8,12,0
aPEAR,23,23,8,13,0
aPEAR,23,23,8,14,0
aPEAR,23,23,8,15,0
aPEAR,23,23,8,16,0
aPEAR,23,23,8,17,0
aPEAR,23,23,8,18,0
aPEAR,23,23,8,19,0
aPEAR,23,23,8,20,0
aPEAR,23,23,8,21,0
aPEAR,23,23,8,22,0
aPEAR,23,23,8,23,0
aPEAR,23,23,8,24,0
aPEAR,23,23,8,25,0
aPEAR,23,23,8,26,0
aPEAR,23,23,8,27,0
aPEAR,23,23,8,28,0
aPEAR,23,23,8,29,0
aPEAR,23,23,8,30,0
aPEAR,23,23,8,31,0
aPEAR,23,23,8,32,0
aPEAR,23,23,8,33,0
aPEAR,23,23,8,34,0
aPEAR,23,23,8,35,0
aPEAR,23,23,8,36,0
aPEAR,23,23,8,37,0
aPEAR,23,23,8,38,0
aPEAR,23,23,8,39,0
aPEAR,23,23,8,40,0
aPEAR,23,23,8,41,0
aPEAR,23,23,8,42,0
aPEAR,23,23,8,43,0
aPEAR,23,23,8,44,0
aPEAR,23,23,8,45,0
aPEAR,23,23,8,46,0
aPEAR,23,23,8,47,0.16666666666666666
aPEAR,23,23,8,48,0
aPEAR,23,23,8,49,0
aPEAR,23,23,8,50,0
aPEAR,23,23,8,51,0
aPEAR,23,23,8,52,0
aPEAR,23,23,8,53,0
aPEAR,23,23,8,54,0
aPEAR,23,23,8,55,0
aPEAR,23,23,8,56,0
aPEAR,23,23,8,57,0
aPEAR,63,24,8,1,0
aPEAR,63,24,8,2,0
aPEAR,63,24,8,3,0
aPEAR,63,24,8,4,0
aPEAR,63,24,8,5,0
aPEAR,63,24,8,6,0
aPEAR,63,24,8,7,0
aPEAR,63,24,8,8,0.2
aPEAR,63,24,8,9,0
aPEAR,63,24,8,10,0
aPEAR,63,24,8,11,0
aPEAR,63,24,8,12,0
aPEAR,63,24,8,13,0
aPEAR,63,24,8,14,0
aPEAR,63,24,8,15,0
aPEAR,63,24,8,16,0
aPEAR,63,24,8,17,0
aPEAR,63,24,8,18,0
aPEAR,63,24,8,19,0
aPEAR,63,24,8,20,0
aPEAR,63,24,8,21,0
aPEAR,63,24,8,22,0
aPEAR,63,24,8,23,0
aPEAR,63,24,8,24,0
aPEAR,63,24,8,25,0
aPEAR,63,24,8,26,0
aPEAR,63,24,8,27,0
aPEAR,63,24,8,28,0
aPEAR,63,24,8,29,0
aPEAR,63,24,8,30,0
aPEAR,63,24,8,31,0
aPEAR,63,24,8,32,0
aPEAR,63,24,8,33,0
aPEAR,63,24,8,34,0
aPEAR,63,24,8,35,0
aPEAR,63,24,8,36,0
aPEAR,63,24,8,37,0
aPEAR,63,24,8,38,0
aPEAR,63,24,8,39,0
aPEAR,63,24,8,40,0
aPEAR,63,24,8,41,0
aPEAR,63,24,8,42,0
aPEAR,63,24,8,43,0
aPEAR,63,24,8,44,0
aPEAR,63,24,8,45,0
aPEAR,63,24,8,46,0.16666666666666666
aPEAR,63,24,8,47,0
aPEAR,63,24,8,48,0
aPEAR,63,24,8,49,0
aPEAR,63,24,8,50,0
aPEAR,63,24,8,51,0
aPEAR,63,24,8,52,0
aPEAR,63,24,8,53,0
aPEAR,63,24,8,54,0
aPEAR,63,24,8,55,0
aPEAR,63,24,8,56,0
aPEAR,63,24,8,57,0
aPEAR,93,25,8,1,0
aPEAR,93,25,8,2,0
aPEAR,93,25,8,3,0
aPEAR,93,25,8,4,0
aPEAR,93,25,8,5,0
aPEAR,93,25,8,6,0
aPEAR,93,25,8,7,0
aPEAR,93,25,8,8,0.2
aPEAR,93,25,8,9,0
aPEAR,93,25,8,10,0
aPEAR,93,25,8,11,0
aPEAR,93,25,8,12,0
aPEAR,93,25,8,13,0
aPEAR,93,25,8,14,0
aPEAR,93,25,8,15,0
aPEAR,93,25,8,16,0
aPEAR,93,25,8,17,0
aPEAR,93,25,8,18,0
aPEAR,93,25,8,19,0
aPEAR,93,25,8,20,0
aPEAR,93,25,8,21,0.16666666666666666
aPEAR,93,25,8,22,0
aPEAR,93,25,8,23,0
aPEAR,93,25,8,24,0
aPEAR,93,25,8,25,0
aPEAR,93,25,8,26,0
aPEAR,93,25,8,27,0
aPEAR,93,25,8,28,0
aPEAR,93,25,8,29,0
aPEAR,93,25,8,30,0
aPEAR,93,25,8,31,0
aPEAR,93,25,8,32,0
aPEAR,93,25,8,33,0
aPEAR,93,25,8,34,0
aPEAR,93,25,8,35,0
aPEAR,93,25,8,36,0
aPEAR,93,25,8,37,0
aPEAR,93,25,8,38,0
aPEAR,93,25,8,39,0
aPEAR,93,25,8,40,0
aPEAR,93,25,8,41,0
aPEAR,93,25,8,42,0
aPEAR,93,25,8,43,0
aPEAR,93,25,8,44,0
aPEAR,93,25,8,45,0
aPEAR,93,25,8,46,0
aPEAR,93,25,8,47,0
aPEAR,93,25,8,48,0
aPEAR,93,25,8,49,0
aPEAR,93,25,8,50,0
aPEAR,93,25,8,51,0
aPEAR,93,25,8,52,0
aPEAR,93,25,8,53,0
aPEAR,93,25,8,54,0
aPEAR,93,25,8,55,0
aPEAR,93,25,8,56,0
aPEAR,93,25,8,57,0
aPEAR,116,26,8,1,0
aPEAR,116,26,8,2,0
aPEAR,116,26,8,3,0
aPEAR,116,26,8,4,0
aPEAR,116,26,8,5,0
aPEAR,116,26,8,6,0
aPEAR,116,26,8,7,0
aPEAR,116,26,8,8,0.25
aPEAR,116,26,8,9,0
aPEAR,116,26,8,10,0
aPEAR,116,26,8,11,0
aPEAR,116,26,8,12,0
aPEAR,116,26,8,13,0
aPEAR,116,26,8,14,0
aPEAR,116,26,8,15,0
aPEAR,116,26,8,16,0
aPEAR,116,26,8,17,0
aPEAR,116,26,8,18,0
aPEAR,116,26,8,19,0
aPEAR,116,26,8,20,0
aPEAR,116,26,8,21,0
aPEAR,116,26,8,22,0
aPEAR,116,26,8,23,0
aPEAR,116,26,8,24,0
aPEAR,116,26,8,25,0
aPEAR,116,26,8,26,0
aPEAR,116,26,8,27,0
aPEAR,116,26,8,28,0
aPEAR,116,26,8,29,0
aPEAR,116,26,8,30,0
aPEAR,116,26,8,31,0
aPEAR,116,26,8,32,0
aPEAR,116,26,8,33,0
aPEAR,116,26,8,34,0
aPEAR,116,26,8,35,0
aPEAR,116,26,8,36,0
aPEAR,116,26,8,37,0
aPEAR,116,26,8,38,0
aPEAR,116,26,8,39,0
aPEAR,116,26,8,40,0
aPEAR,116,26,8,41,0
aPEAR,116,26,8,42,0
aPEAR,116,26,8,43,0
aPEAR,116,26,8,44,0
aPEAR,116,26,8,45,0
aPEAR,116,26,8,46,0
aPEAR,116,26,8,47,0
aPEAR,116,26,8,48,0
aPEAR,116,26,8,49,0
aPEAR,116,26,8,50,0
aPEAR,116,26,8,51,0
aPEAR,116,26,8,52,0
aPEAR,116,26,8,53,0
aPEAR,116,26,8,54,0
aPEAR,116,26,8,55,0
aPEAR,116,26,8,56,0
aPEAR,116,26,8,57,0
aPEAR,30,27,9,1,0
aPEAR,30,27,9,2,0
aPEAR,30,27,9,3,0
aPEAR,30,27,9,4,0
aPEAR,30,27,9,5,0
aPEAR,30,27,9,6,0
aPEAR,30,27,9,7,0
aPEAR,30,27,9,8,0
aPEAR,30,27,9,9,0.125
aPEAR,30,27,9,10,0
aPEAR,30,27,9,11,0
aPEAR,30,27,9,12,0
aPEAR,30,27,9,13,0
aPEAR,30,27,9,14,0
aPEAR,30,27,9,15,0
aPEAR,30,27,9,16,0
aPEAR,30,27,9,17,0
aPEAR,30,27,9,18,0.125
aPEAR,30,27,9,19,0
aPEAR,30,27,9,20,0
aPEAR,30,27,9,21,0
aPEAR,30,27,9,22,0
aPEAR,30,27,9,23,0
aPEAR,30,27,9,24,0
aPEAR,30,27,9,25,0
aPEAR,30,27,9,26,0
aPEAR,30,27,9,27,0
aPEAR,30,27,9,28,0
aPEAR,30,27,9,29,0
aPEAR,30,27,9,30,0
aPEAR,30,27,9,31,0
aPEAR,30,27,9,32,0
aPEAR,30,27,9,33,0
aPEAR,30,27,9,34,0
aPEAR,30,27,9,35,0
aPEAR,30,27,9,36,0
aPEAR,30,27,9,37,0
aPEAR,30,27,9,38,0
aPEAR,30,27,9,39,0
aPEAR,30,27,9,40,0
aPEAR,30,27,9,41,0
aPEAR,30,27,9,42,0
aPEAR,30,27,9,43,0
aPEAR,30,27,9,44,0
aPEAR,30,27,9,45,0
aPEAR,30,27,9,46,0
aPEAR,30,27,9,47,0
aPEAR,30,27,9,48,0
aPEAR,30,27,9,49,0
aPEAR,30,27,9,50,0
aPEAR,30,27,9,51,0
aPEAR,30,27,9,52,0
aPEAR,30,27,9,53,0
aPEAR,30,27,9,54,0
aPEAR,30,27,9,55,0
aPEAR,30,27,9,56,0
aPEAR,30,27,9,57,0
aPEAR,31,28,9,1,0
aPEAR,31,28,9,2,0
aPEAR,31,28,9,3,0
aPEAR,31,28,9,4,0
aPEAR,31,28,9,5,0
aPEAR,31,28,9,6,0
aPEAR,31,28,9,7,0
aPEAR,31,28,9,8,0
aPEAR,31,28,9,9,0.125
aPEAR,31,28,9,10,0
aPEAR,31,28,9,11,0
aPEAR,31,28,9,12,0
aPEAR,31,28,9,13,0
aPEAR,31,28,9,14,0
aPEAR,31,28,9,15,0
aPEAR,31,28,9,16,0
aPEAR,31,28,9,17,0
aPEAR,31,28,9,18,0
aPEAR,31,28,9,19,0
aPEAR,31,28,9,20,0
aPEAR,31,28,9,21,0
aPEAR,31,28,9,22,0
aPEAR,31,28,9,23,0
aPEAR,31,28,9,24,0
aPEAR,31,28,9,25,0
aPEAR,31,28,9,26,0
aPEAR,31,28,9,27,0
aPEAR,31,28,9,28,0
aPEAR,31,28,9,29,0
aPEAR,31,28,9,30,0
aPEAR,31,28,9,31,0
aPEAR,31,28,9,32,0
aPEAR,31,28,9,33,0
aPEAR,31,28,9,34,0
aPEAR,31,28,9,35,0
aPEAR,31,28,9,36,0
aPEAR,31,28,9,37,0
aPEAR,31,28,9,38,0
aPEAR,31,28,9,39,0
aPEAR,31,28,9,40,0
aPEAR,31,28,9,41,0
aPEAR,31,28,9,42,0
aPEAR,31,28,9,43,0
aPEAR,31,28,9,44,0
aPEAR,31,28,9,45,0
aPEAR,31,28,9,46,0
aPEAR,31,28,9,47,0
aPEAR,31,28,9,48,0
aPEAR,31,28,9,49,0
aPEAR,31,28,9,50,0
aPEAR,31,28,9,51,0
aPEAR,31,28,9,52,0.1111111111111111
aPEAR,31,28,9,53,0
aPEAR,31,28,9,54,0
aPEAR,31,28,9,55,0
aPEAR,31,28,9,56,0
aPEAR,31,28,9,57,0
aPEAR,50,29,9,1,0
aPEAR,50,29,9,2,0
aPEAR,50,29,9,3,0
aPEAR,50,29,9,4,0
aPEAR,50,29,9,5,0
aPEAR,50,29,9,6,0
aPEAR,50,29,9,7,0
aPEAR,50,29,9,8,0
aPEAR,50,29,9,9,0.125
aPEAR,50,29,9,10,0
aPEAR,50,29,9,11,0
aPEAR,50,29,9,12,0
aPEAR,50,29,9,13,0
aPEAR,50,29,9,14,0
aPEAR,50,29,9,15,0
aPEAR,50,29,9,16,0
aPEAR,50,29,9,17,0.125
aPEAR,50,29,9,18,0
aPEAR,50,29,9,19,0
aPEAR,50,29,9,20,0
aPEAR,50,29,9,21,0
aPEAR,50,29,9,22,0
aPEAR,50,29,9,23,0
aPEAR,50,29,9,24,0
aPEAR,50,29,9,25,0
aPEAR,50,29,9,26,0
aPEAR,50,29,9,27,0
aPEAR,50,29,9,28,0
aPEAR,50,29,9,29,0
aPEAR,50,29,9,30,0
aPEAR,50,29,9,31,0
aPEAR,50,29,9,32,0
aPEAR,50,29,9,33,0
aPEAR,50,29,9,34,0
aPEAR,50,29,9,35,0
aPEAR,50,29,9,36,0
aPEAR,50,29,9,37,0
aPEAR,50,29,9,38,0
aPEAR,50,29,9,39,0
aPEAR,50,29,9,40,0
aPEAR,50,29,9,41,0
aPEAR,50,29,9,42,0
aPEAR,50,29,9,43,0
aPEAR,50,29,9,44,0
aPEAR,50,29,9,45,0
aPEAR,50,29,9,46,0
aPEAR,50,29,9,47,0
aPEAR,50,29,9,48,0
aPEAR,50,29,9,49,0
aPEAR,50,29,9,50,0
aPEAR,50,29,9,51,0
aPEAR,50,29,9,52,0
aPEAR,50,29,9,53,0
aPEAR,50,29,9,54,0
aPEAR,50,29,9,55,0
aPEAR,50,29,9,56,0
aPEAR,50,29,9,57,0
aPEAR,88,30,9,1,0
aPEAR,88,30,9,2,0
aPEAR,88,30,9,3,0
aPEAR,88,30,9,4,0
aPEAR,88,30,9,5,0
aPEAR,88,30,9,6,0
aPEAR,88,30,9,7,0
aPEAR,88,30,9,8,0
aPEAR,88,30,9,9,0.125
aPEAR,88,30,9,10,0
aPEAR,88,30,9,11,0
aPEAR,88,30,9,12,0
aPEAR,88,30,9,13,0
aPEAR,88,30,9,14,0
aPEAR,88,30,9,15,0
aPEAR,88,30,9,16,0
aPEAR,88,30,9,17,0
aPEAR,88,30,9,18,0
aPEAR,88,30,9,19,0
aPEAR,88,30,9,20,0
aPEAR,88,30,9,21,0
aPEAR,88,30,9,22,0
aPEAR,88,30,9,23,0
aPEAR,88,30,9,24,0
aPEAR,88,30,9,25,0
aPEAR,88,30,9,26,0
aPEAR,88,30,9,27,0
aPEAR,88,30,9,28,0
aPEAR,88,30,9,29,0
aPEAR,88,30,9,30,0
aPEAR,88,30,9,31,0
aPEAR,88,30,9,32,0
aPEAR,88,30,9,33,0
aPEAR,88,30,9,34,0
aPEAR,88,30,9,35,0
aPEAR,88,30,9,36,0
aPEAR,88,30,9,37,0
aPEAR,88,30,9,38,0
aPEAR,88,30,9,39,0
aPEAR,88,30,9,40,0
aPEAR,88,30,9,41,0
aPEAR,88,30,9,42,0
aPEAR,88,30,9,43,0
aPEAR,88,30,9,44,0
aPEAR,88,30,9,45,0
aPEAR,88,30,9,46,0
aPEAR,88,30,9,47,0
aPEAR,88,30,9,48,0
aPEAR,88,30,9,49,0
aPEAR,88,30,9,50,0
aPEAR,88,30,9,51,0
aPEAR,88,30,9,52,0
aPEAR,88,30,9,53,0
aPEAR,88,30,9,54,0.058823529411764705
aPEAR,88,30,9,55,0
aPEAR,88,30,9,56,0
aPEAR,88,30,9,57,0
aPEAR,138,31,9,1,0
aPEAR,138,31,9,2,0
aPEAR,138,31,9,3,0
aPEAR,138,31,9,4,0
aPEAR,138,31,9,5,0
aPEAR,138,31,9,6,0
aPEAR,138,31,9,7,0
aPEAR,138,31,9,8,0
aPEAR,138,31,9,9,0.14285714285714285
aPEAR,138,31,9,10,0
aPEAR,138,31,9,11,0
aPEAR,138,31,9,12,0
aPEAR,138,31,9,13,0
aPEAR,138,31,9,14,0
aPEAR,138,31,9,15,0
aPEAR,138,31,9,16,0
aPEAR,138,31,9,17,0
aPEAR,138,31,9,18,0
aPEAR,138,31,9,19,0
aPEAR,138,31,9,20,0
aPEAR,138,31,9,21,0
aPEAR,138,31,9,22,0
aPEAR,138,31,9,23,0
aPEAR,138,31,9,24,0
aPEAR,138,31,9,25,0
aPEAR,138,31,9,26,0
aPEAR,138,31,9,27,0
aPEAR,138,31,9,28,0
aPEAR,138,31,9,29,0
aPEAR,138,31,9,30,0
aPEAR,138,31,9,31,0
aPEAR,138,31,9,32,0
aPEAR,138,31,9,33,0
aPEAR,138,31,9,34,0
aPEAR,138,31,9,35,0
aPEAR,138,31,9,36,0
aPEAR,138,31,9,37,0
aPEAR,138,31,9,38,0
aPEAR,138,31,9,39,0
aPEAR,138,31,9,40,0
aPEAR,138,31,9,41,0
aPEAR,138,31,9,42,0
aPEAR,138,31,9,43,0
aPEAR,138,31,9,44,0
aPEAR,138,31,9,45,0
aPEAR,138,31,9,46,0
aPEAR,138,31,9,47,0
aPEAR,138,31,9,48,0
aPEAR,138,31,9,49,0
aPEAR,138,31,9,50,0
aPEAR,138,31,9,51,0
aPEAR,138,31,9,52,0
aPEAR,138,31,9,53,0
aPEAR,138,31,9,54,0
aPEAR,138,31,9,55,0
aPEAR,138,31,9,56,0
aPEAR,138,31,9,57,0
aPEAR,35,32,10,1,0
aPEAR,35,32,10,2,0
aPEAR,35,32,10,3,0
aPEAR,35,32,10,4,0
aPEAR,35,32,10,5,0
aPEAR,35,32,10,6,0
aPEAR,35,32,10,7,0
aPEAR,35,32,10,8,0
aPEAR,35,32,10,9,0
aPEAR,35,32,10,10,0.2222222222222222
aPEAR,35,32,10,11,0
aPEAR,35,32,10,12,0
aPEAR,35,32,10,13,0
aPEAR,35,32,10,14,0
aPEAR,35,32,10,15,0
aPEAR,35,32,10,16,0
aPEAR,35,32,10,17,0
aPEAR,35,32,10,18,0
aPEAR,35,32,10,19,0
aPEAR,35,32,10,20,0
aPEAR,35,32,10,21,0
aPEAR,35,32,10,22,0
aPEAR,35,32,10,23,0
aPEAR,35,32,10,24,0
aPEAR,35,32,10,25,0
aPEAR,35,32,10,26,0
aPEAR,35,32,10,27,0
aPEAR,35,32,10,28,0
aPEAR,35,32,10,29,0
aPEAR,35,32,10,30,0
aPEAR,35,32,10,31,0
aPEAR,35,32,10,32,0
aPEAR,35,32,10,33,0
aPEAR,35,32,10,34,0
aPEAR,35,32,10,35,0
aPEAR,35,32,10,36,0
aPEAR,35,32,10,37,0
aPEAR,35,32,10,38,0
aPEAR,35,32,10,39,0
aPEAR,35,32,10,40,0
aPEAR,35,32,10,41,0
aPEAR,35,32,10,42,0
aPEAR,35,32,10,43,0
aPEAR,35,32,10,44,0
aPEAR,35,32,10,45,0
aPEAR,35,32,10,46,0
aPEAR,35,32,10,47,0
aPEAR,35,32,10,48,0
aPEAR,35,32,10,49,0
aPEAR,35,32,10,50,0
aPEAR,35,32,10,51,0
aPEAR,35,32,10,52,0
aPEAR,35,32,10,53,0.16666666666666666
aPEAR,35,32,10,54,0
aPEAR,35,32,10,55,0
aPEAR,35,32,10,56,0
aPEAR,35,32,10,57,0
aPEAR,68,33,10,1,0
aPEAR,68,33,10,2,0
aPEAR,68,33,10,3,0
aPEAR,68,33,10,4,0
aPEAR,68,33,10,5,0
aPEAR,68,33,10,6,0
aPEAR,68,33,10,7,0
aPEAR,68,33,10,8,0
aPEAR,68,33,10,9,0
aPEAR,68,33,10,10,0.3
aPEAR,68,33,10,11,0
aPEAR,68,33,10,12,0
aPEAR,68,33,10,13,0
aPEAR,68,33,10,14,0
aPEAR,68,33,10,15,0
aPEAR,68,33,10,16,0
aPEAR,68,33,10,17,0
aPEAR,68,33,10,18,0
aPEAR,68,33,10,19,0
aPEAR,68,33,10,20,0
aPEAR,68,33,10,21,0
aPEAR,68,33,10,22,0
aPEAR,68,33,10,23,0
aPEAR,68,33,10,24,0
aPEAR,68,33,10,25,0
aPEAR,68,33,10,26,0
aPEAR,68,33,10,27,0
aPEAR,68,33,10,28,0
aPEAR,68,33,10,29,0
aPEAR,68,33,10,30,0.125
aPEAR,68,33,10,31,0
aPEAR,68,33,10,32,0
aPEAR,68,33,10,33,0
aPEAR,68,33,10,34,0
aPEAR,68,33,10,35,0
aPEAR,68,33,10,36,0
aPEAR,68,33,10,37,0
aPEAR,68,33,10,38,0
aPEAR,68,33,10,39,0
aPEAR,68,33,10,40,0
aPEAR,68,33,10,41,0
aPEAR,68,33,10,42,0
aPEAR,68,33,10,43,0
aPEAR,68,33,10,44,0
aPEAR,68,33,10,45,0
aPEAR,68,33,10,46,0
aPEAR,68,33,10,47,0
aPEAR,68,33,10,48,0
aPEAR,68,33,10,49,0
aPEAR,68,33,10,50,0
aPEAR,68,33,10,51,0
aPEAR,68,33,10,52,0
aPEAR,68,33,10,53,0
aPEAR,68,33,10,54,0
aPEAR,68,33,10,55,0
aPEAR,68,33,10,56,0
aPEAR,68,33,10,57,0.1
aPEAR,25,34,11,1,0
aPEAR,25,34,11,2,0
aPEAR,25,34,11,3,0
aPEAR,25,34,11,4,0
aPEAR,25,34,11,5,0
aPEAR,25,34,11,6,0
aPEAR,25,34,11,7,0
aPEAR,25,34,11,8,0
aPEAR,25,34,11,9,0
aPEAR,25,34,11,10,0
aPEAR,25,34,11,11,0.2857142857142857
aPEAR,25,34,11,12,0
aPEAR,25,34,11,13,0
aPEAR,25,34,11,14,0
aPEAR,25,34,11,15,0
aPEAR,25,34,11,16,0
aPEAR,25,34,11,17,0
aPEAR,25,34,11,18,0
aPEAR,25,34,11,19,0
aPEAR,25,34,11,20,0
aPEAR,25,34,11,21,0
aPEAR,25,34,11,22,0
aPEAR,25,34,11,23,0
aPEAR,25,34,11,24,0
aPEAR,25,34,11,25,0
aPEAR,25,34,11,26,0
aPEAR,25,34,11,27,0
aPEAR,25,34,11,28,0
aPEAR,25,34,11,29,0
aPEAR,25,34,11,30,0
aPEAR,25,34,11,31,0
aPEAR,25,34,11,32,0
aPEAR,25,34,11,33,0
aPEAR,25,34,11,34,0
aPEAR,25,34,11,35,0
aPEAR,25,34,11,36,0
aPEAR,25,34,11,37,0
aPEAR,25,34,11,38,0
aPEAR,25,34,11,39,0
aPEAR,25,34,11,40,0
aPEAR,25,34,11,41,0
aPEAR,25,34,11,42,0
aPEAR,25,34,11,43,0
aPEAR,25,34,11,44,0
aPEAR,25,34,11,45,0
aPEAR,25,34,11,46,0
aPEAR,25,34,11,47,0
aPEAR,25,34,11,48,0
aPEAR,25,34,11,49,0
aPEAR,25,34,11,50,0
aPEAR,25,34,11,51,0
aPEAR,25,34,11,52,0
aPEAR,25,34,11,53,0
aPEAR,25,34,11,54,0
aPEAR,25,34,11,55,0
aPEAR,25,34,11,56,0
aPEAR,25,34,11,57,0
aPEAR,27,35,11,1,0
aPEAR,27,35,11,2,0
aPEAR,27,35,11,3,0
aPEAR,27,35,11,4,0
aPEAR,27,35,11,5,0
aPEAR,27,35,11,6,0
aPEAR,27,35,11,7,0
aPEAR,27,35,11,8,0
aPEAR,27,35,11,9,0
aPEAR,27,35,11,10,0
aPEAR,27,35,11,11,0.2857142857142857
aPEAR,27,35,11,12,0
aPEAR,27,35,11,13,0
aPEAR,27,35,11,14,0
aPEAR,27,35,11,15,0
aPEAR,27,35,11,16,0
aPEAR,27,35,11,17,0
aPEAR,27,35,11,18,0
aPEAR,27,35,11,19,0
aPEAR,27,35,11,20,0
aPEAR,27,35,11,21,0
aPEAR,27,35,11,22,0
aPEAR,27,35,11,23,0
aPEAR,27,35,11,24,0
aPEAR,27,35,11,25,0
aPEAR,27,35,11,26,0
aPEAR,27,35,11,27,0
aPEAR,27,35,11,28,0
aPEAR,27,35,11,29,0
aPEAR,27,35,11,30,0
aPEAR,27,35,11,31,0
aPEAR,27,35,11,32,0
aPEAR,27,35,11,33,0
aPEAR,27,35,11,34,0
aPEAR,27,35,11,35,0
aPEAR,27,35,11,36,0
aPEAR,27,35,11,37,0
aPEAR,27,35,11,38,0
aPEAR,27,35,11,39,0
aPEAR,27,35,11,40,0
aPEAR,27,35,11,41,0
aPEAR,27,35,11,42,0
aPEAR,27,35,11,43,0
aPEAR,27,35,11,44,0
aPEAR,27,35,11,45,0
aPEAR,27,35,11,46,0
aPEAR,27,35,11,47,0
aPEAR,27,35,11,48,0
aPEAR,27,35,11,49,0
aPEAR,27,35,11,50,0
aPEAR,27,35,11,51,0
aPEAR,27,35,11,52,0
aPEAR,27,35,11,53,0
aPEAR,27,35,11,54,0
aPEAR,27,35,11,55,0
aPEAR,27,35,11,56,0
aPEAR,27,35,11,57,0
aPEAR,28,36,11,1,0
aPEAR,28,36,11,2,0
aPEAR,28,36,11,3,0
aPEAR,28,36,11,4,0
aPEAR,28,36,11,5,0
aPEAR,28,36,11,6,0
aPEAR,28,36,11,7,0
aPEAR,28,36,11,8,0
aPEAR,28,36,11,9,0
aPEAR,28,36,11,10,0
aPEAR,28,36,11,11,0.125
aPEAR,28,36,11,12,0
aPEAR,28,36,11,13,0
aPEAR,28,36,11,14,0
aPEAR,28,36,11,15,0
aPEAR,28,36,11,16,0
aPEAR,28,36,11,17,0
aPEAR,28,36,11,18,0
aPEAR,28,36,11,19,0
aPEAR,28,36,11,20,0
aPEAR,28,36,11,21,0
aPEAR,28,36,11,22,0
aPEAR,28,36,11,23,0
aPEAR,28,36,11,24,0
aPEAR,28,36,11,25,0
aPEAR,28,36,11,26,0
aPEAR,28,36,11,27,0
aPEAR,28,36,11,28,0
aPEAR,28,36,11,29,0
aPEAR,28,36,11,30,0
aPEAR,28,36,11,31,0
aPEAR,28,36,11,32,0
aPEAR,28,36,11,33,0
aPEAR,28,36,11,34,0
aPEAR,28,36,11,35,0
aPEAR,28,36,11,36,0
aPEAR,28,36,11,37,0
aPEAR,28,36,11,38,0
aPEAR,28,36,11,39,0
aPEAR,28,36,11,40,0
aPEAR,28,36,11,41,0
aPEAR,28,36,11,42,0
aPEAR,28,36,11,43,0.125
aPEAR,28,36,11,44,0
aPEAR,28,36,11,45,0
aPEAR,28,36,11,46,0
aPEAR,28,36,11,47,0
aPEAR,28,36,11,48,0
aPEAR,28,36,11,49,0
aPEAR,28,36,11,50,0
aPEAR,28,36,11,51,0
aPEAR,28,36,11,52,0
aPEAR,28,36,11,53,0
aPEAR,28,36,11,54,0
aPEAR,28,36,11,55,0
aPEAR,28,36,11,56,0
aPEAR,28,36,11,57,0
aPEAR,163,37,11,1,0
aPEAR,163,37,11,2,0
aPEAR,163,37,11,3,0
aPEAR,163,37,11,4,0
aPEAR,163,37,11,5,0
aPEAR,163,37,11,6,0
aPEAR,163,37,11,7,0
aPEAR,163,37,11,8,0
aPEAR,163,37,11,9,0
aPEAR,163,37,11,10,0
aPEAR,163,37,11,11,0.14285714285714285
aPEAR,163,37,11,12,0
aPEAR,163,37,11,13,0
aPEAR,163,37,11,14,0
aPEAR,163,37,11,15,0
aPEAR,163,37,11,16,0
aPEAR,163,37,11,17,0
aPEAR,163,37,11,18,0
aPEAR,163,37,11,19,0
aPEAR,163,37,11,20,0
aPEAR,163,37,11,21,0
aPEAR,163,37,11,22,0
aPEAR,163,37,11,23,0
aPEAR,163,37,11,24,0
aPEAR,163,37,11,25,0
aPEAR,163,37,11,26,0
aPEAR,163,37,11,27,0
aPEAR,163,37,11,28,0
aPEAR,163,37,11,29,0
aPEAR,163,37,11,30,0
aPEAR,163,37,11,31,0
aPEAR,163,37,11,32,0
aPEAR,163,37,11,33,0
aPEAR,163,37,11,34,0
aPEAR,163,37,11,35,0
aPEAR,163,37,11,36,0
aPEAR,163,37,11,37,0
aPEAR,163,37,11,38,0
aPEAR,163,37,11,39,0
aPEAR,163,37,11,40,0
aPEAR,163,37,11,41,0
aPEAR,163,37,11,42,0
aPEAR,163,37,11,43,0
aPEAR,163,37,11,44,0
aPEAR,163,37,11,45,0
aPEAR,163,37,11,46,0
aPEAR,163,37,11,47,0
aPEAR,163,37,11,48,0
aPEAR,163,37,11,49,0
aPEAR,163,37,11,50,0
aPEAR,163,37,11,51,0
aPEAR,163,37,11,52,0
aPEAR,163,37,11,53,0
aPEAR,163,37,11,54,0
aPEAR,163,37,11,55,0
aPEAR,163,37,11,56,0
aPEAR,163,37,11,57,0
aPEAR,33,38,12,1,0
aPEAR,33,38,12,2,0
aPEAR,33,38,12,3,0
aPEAR,33,38,12,4,0
aPEAR,33,38,12,5,0
aPEAR,33,38,12,6,0
aPEAR,33,38,12,7,0
aPEAR,33,38,12,8,0
aPEAR,33,38,12,9,0
aPEAR,33,38,12,10,0
aPEAR,33,38,12,11,0
aPEAR,33,38,12,12,0.3333333333333333
aPEAR,33,38,12,13,0
aPEAR,33,38,12,14,0
aPEAR,33,38,12,15,0
aPEAR,33,38,12,16,0
aPEAR,33,38,12,17,0
aPEAR,33,38,12,18,0
aPEAR,33,38,12,19,0
aPEAR,33,38,12,20,0
aPEAR,33,38,12,21,0
aPEAR,33,38,12,22,0
aPEAR,33,38,12,23,0
aPEAR,33,38,12,24,0
aPEAR,33,38,12,25,0
aPEAR,33,38,12,26,0
aPEAR,33,38,12,27,0
aPEAR,33,38,12,28,0.125
aPEAR,33,38,12,29,0
aPEAR,33,38,12,30,0
aPEAR,33,38,12,31,0
aPEAR,33,38,12,32,0
aPEAR,33,38,12,33,0
aPEAR,33,38,12,34,0
aPEAR,33,38,12,35,0
aPEAR,33,38,12,36,0
aPEAR,33,38,12,37,0
aPEAR,33,38,12,38,0
aPEAR,33,38,12,39,0
aPEAR,33,38,12,40,0.125
aPEAR,33,38,12,41,0
aPEAR,33,38,12,42,0
aPEAR,33,38,12,43,0
aPEAR,33,38,12,44,0
aPEAR,33,38,12,45,0
aPEAR,33,38,12,46,0
aPEAR,33,38,12,47,0
aPEAR,33,38,12,48,0
aPEAR,33,38,12,49,0
aPEAR,33,38,12,50,0
aPEAR,33,38,12,51,0
aPEAR,33,38,12,52,0
aPEAR,33,38,12,53,0
aPEAR,33,38,12,54,0
aPEAR,33,38,12,55,0
aPEAR,33,38,12,56,0
aPEAR,33,38,12,57,0
aPEAR,135,39,12,1,0
aPEAR,135,39,12,2,0
aPEAR,135,39,12,3,0
aPEAR,135,39,12,4,0
aPEAR,135,39,12,5,0
aPEAR,135,39,12,6,0
aPEAR,135,39,12,7,0
aPEAR,135,39,12,8,0
aPEAR,135,39,12,9,0
aPEAR,135,39,12,10,0
aPEAR,135,39,12,11,0
aPEAR,135,39,12,12,0.25
aPEAR,135,39,12,13,0
aPEAR,135,39,12,14,0
aPEAR,135,39,12,15,0
aPEAR,135,39,12,16,0
aPEAR,135,39,12,17,0
aPEAR,135,39,12,18,0
aPEAR,135,39,12,19,0
aPEAR,135,39,12,20,0
aPEAR,135,39,12,21,0
aPEAR,135,39,12,22,0
aPEAR,135,39,12,23,0
aPEAR,135,39,12,24,0
aPEAR,135,39,12,25,0
aPEAR,135,39,12,26,0
aPEAR,135,39,12,27,0
aPEAR,135,39,12,28,0
aPEAR,135,39,12,29,0
aPEAR,135,39,12,30,0
aPEAR,135,39,12,31,0
aPEAR,135,39,12,32,0
aPEAR,135,39,12,33,0
aPEAR,135,39,12,34,0
aPEAR,135,39,12,35,0
aPEAR,135,39,12,36,0
aPEAR,135,39,12,37,0
aPEAR,135,39,12,38,0
aPEAR,135,39,12,39,0
aPEAR,135,39,12,40,0
aPEAR,135,39,12,41,0
aPEAR,135,39,12,42,0
aPEAR,135,39,12,43,0
aPEAR,135,39,12,44,0
aPEAR,135,39,12,45,0
aPEAR,135,39,12,46,0
aPEAR,135,39,12,47,0
aPEAR,135,39,12,48,0
aPEAR,135,39,12,49,0
aPEAR,135,39,12,50,0
aPEAR,135,39,12,51,0
aPEAR,135,39,12,52,0
aPEAR,135,39,12,53,0
aPEAR,135,39,12,54,0
aPEAR,135,39,12,55,0
aPEAR,135,39,12,56,0
aPEAR,135,39,12,57,0
aPEAR,41,40,13,1,0
aPEAR,41,40,13,2,0
aPEAR,41,40,13,3,0
aPEAR,41,40,13,4,0
aPEAR,41,40,13,5,0
aPEAR,41,40,13,6,0
aPEAR,41,40,13,7,0
aPEAR,41,40,13,8,0
aPEAR,41,40,13,9,0
aPEAR,41,40,13,10,0
aPEAR,41,40,13,11,0
aPEAR,41,40,13,12,0
aPEAR,41,40,13,13,0.16666666666666666
aPEAR,41,40,13,14,0.16666666666666666
aPEAR,41,40,13,15,0
aPEAR,41,40,13,16,0
aPEAR,41,40,13,17,0
aPEAR,41,40,13,18,0
aPEAR,41,40,13,19,0
aPEAR,41,40,13,20,0
aPEAR,41,40,13,21,0
aPEAR,41,40,13,22,0
aPEAR,41,40,13,23,0
aPEAR,41,40,13,24,0
aPEAR,41,40,13,25,0
aPEAR,41,40,13,26,0
aPEAR,41,40,13,27,0
aPEAR,41,40,13,28,0
aPEAR,41,40,13,29,0
aPEAR,41,40,13,30,0
aPEAR,41,40,13,31,0
aPEAR,41,40,13,32,0
aPEAR,41,40,13,33,0
aPEAR,41,40,13,34,0
aPEAR,41,40,13,35,0
aPEAR,41,40,13,36,0
aPEAR,41,40,13,37,0
aPEAR,41,40,13,38,0
aPEAR,41,40,13,39,0
aPEAR,41,40,13,40,0
aPEAR,41,40,13,41,0
aPEAR,41,40,13,42,0
aPEAR,41,40,13,43,0
aPEAR,41,40,13,44,0
aPEAR,41,40,13,45,0
aPEAR,41,40,13,46,0
aPEAR,41,40,13,47,0
aPEAR,41,40,13,48,0
aPEAR,41,40,13,49,0
aPEAR,41,40,13,50,0
aPEAR,41,40,13,51,0
aPEAR,41,40,13,52,0
aPEAR,41,40,13,53,0
aPEAR,41,40,13,54,0
aPEAR,41,40,13,55,0
aPEAR,41,40,13,56,0
aPEAR,41,40,13,57,0
aPEAR,73,41,13,1,0
aPEAR,73,41,13,2,0
aPEAR,73,41,13,3,0
aPEAR,73,41,13,4,0
aPEAR,73,41,13,5,0
aPEAR,73,41,13,6,0
aPEAR,73,41,13,7,0
aPEAR,73,41,13,8,0
aPEAR,73,41,13,9,0
aPEAR,73,41,13,10,0
aPEAR,73,41,13,11,0
aPEAR,73,41,13,12,0
aPEAR,73,41,13,13,0.16666666666666666
aPEAR,73,41,13,14,0.16666666666666666
aPEAR,73,41,13,15,0
aPEAR,73,41,13,16,0
aPEAR,73,41,13,17,0
aPEAR,73,41,13,18,0
aPEAR,73,41,13,19,0
aPEAR,73,41,13,20,0
aPEAR,73,41,13,21,0
aPEAR,73,41,13,22,0
aPEAR,73,41,13,23,0
aPEAR,73,41,13,24,0
aPEAR,73,41,13,25,0
aPEAR,73,41,13,26,0
aPEAR,73,41,13,27,0
aPEAR,73,41,13,28,0
aPEAR,73,41,13,29,0
aPEAR,73,41,13,30,0
aPEAR,73,41,13,31,0
aPEAR,73,41,13,32,0
aPEAR,73,41,13,33,0
aPEAR,73,41,13,34,0
aPEAR,73,41,13,35,0
aPEAR,73,41,13,36,0
aPEAR,73,41,13,37,0
aPEAR,73,41,13,38,0
aPEAR,73,41,13,39,0
aPEAR,73,41,13,40,0
aPEAR,73,41,13,41,0
aPEAR,73,41,13,42,0
aPEAR,73,41,13,43,0
aPEAR,73,41,13,44,0
aPEAR,73,41,13,45,0
aPEAR,73,41,13,46,0
aPEAR,73,41,13,47,0
aPEAR,73,41,13,48,0
aPEAR,73,41,13,49,0
aPEAR,73,41,13,50,0
aPEAR,73,41,13,51,0
aPEAR,73,41,13,52,0
aPEAR,73,41,13,53,0
aPEAR,73,41,13,54,0
aPEAR,73,41,13,55,0
aPEAR,73,41,13,56,0
aPEAR,73,41,13,57,0
aPEAR,110,42,13,1,0
aPEAR,110,42,13,2,0
aPEAR,110,42,13,3,0
aPEAR,110,42,13,4,0
aPEAR,110,42,13,5,0
aPEAR,110,42,13,6,0
aPEAR,110,42,13,7,0
aPEAR,110,42,13,8,0
aPEAR,110,42,13,9,0
aPEAR,110,42,13,10,0
aPEAR,110,42,13,11,0
aPEAR,110,42,13,12,0
aPEAR,110,42,13,13,0.2
aPEAR,110,42,13,14,0
aPEAR,110,42,13,15,0
aPEAR,110,42,13,16,0
aPEAR,110,42,13,17,0
aPEAR,110,42,13,18,0
aPEAR,110,42,13,19,0
aPEAR,110,42,13,20,0
aPEAR,110,42,13,21,0
aPEAR,110,42,13,22,0
aPEAR,110,42,13,23,0
aPEAR,110,42,13,24,0
aPEAR,110,42,13,25,0
aPEAR,110,42,13,26,0
aPEAR,110,42,13,27,0
aPEAR,110,42,13,28,0
aPEAR,110,42,13,29,0
aPEAR,110,42,13,30,0
aPEAR,110,42,13,31,0
aPEAR,110,42,13,32,0
aPEAR,110,42,13,33,0
aPEAR,110,42,13,34,0
aPEAR,110,42,13,35,0
aPEAR,110,42,13,36,0
aPEAR,110,42,13,37,0
aPEAR,110,42,13,38,0
aPEAR,110,42,13,39,0
aPEAR,110,42,13,40,0
aPEAR,110,42,13,41,0
aPEAR,110,42,13,42,0
aPEAR,110,42,13,43,0
aPEAR,110,42,13,44,0
aPEAR,110,42,13,45,0
aPEAR,110,42,13,46,0
aPEAR,110,42,13,47,0
aPEAR,110,42,13,48,0
aPEAR,110,42,13,49,0
aPEAR,110,42,13,50,0
aPEAR,110,42,13,51,0
aPEAR,110,42,13,52,0
aPEAR,110,42,13,53,0
aPEAR,110,42,13,54,0
aPEAR,110,42,13,55,0
aPEAR,110,42,13,56,0
aPEAR,110,42,13,57,0
aPEAR,150,43,13,1,0
aPEAR,150,43,13,2,0
aPEAR,150,43,13,3,0
aPEAR,150,43,13,4,0
aPEAR,150,43,13,5,0
aPEAR,150,43,13,6,0
aPEAR,150,43,13,7,0
aPEAR,150,43,13,8,0
aPEAR,150,43,13,9,0
aPEAR,150,43,13,10,0
aPEAR,150,43,13,11,0
aPEAR,150,43,13,12,0
aPEAR,150,43,13,13,0.2
aPEAR,150,43,13,14,0
aPEAR,150,43,13,15,0
aPEAR,150,43,13,16,0
aPEAR,150,43,13,17,0
aPEAR,150,43,13,18,0
aPEAR,150,43,13,19,0
aPEAR,150,43,13,20,0
aPEAR,150,43,13,21,0
aPEAR,150,43,13,22,0
aPEAR,150,43,13,23,0
aPEAR,150,43,13,24,0
aPEAR,150,43,13,25,0
aPEAR,150,43,13,26,0
aPEAR,150,43,13,27,0
aPEAR,150,43,13,28,0
aPEAR,150,43,13,29,0
aPEAR,150,43,13,30,0
aPEAR,150,43,13,31,0
aPEAR,150,43,13,32,0
aPEAR,150,43,13,33,0
aPEAR,150,43,13,34,0
aPEAR,150,43,13,35,0
aPEAR,150,43,13,36,0
aPEAR,150,43,13,37,0
aPEAR,150,43,13,38,0
aPEAR,150,43,13,39,0
aPEAR,150,43,13,40,0
aPEAR,150,43,13,41,0
aPEAR,150,43,13,42,0
aPEAR,150,43,13,43,0
aPEAR,150,43,13,44,0
aPEAR,150,43,13,45,0
aPEAR,150,43,13,46,0
aPEAR,150,43,13,47,0
aPEAR,150,43,13,48,0
aPEAR,150,43,13,49,0
aPEAR,150,43,13,50,0
aPEAR,150,43,13,51,0
aPEAR,150,43,13,52,0
aPEAR,150,43,13,53,0
aPEAR,150,43,13,54,0
aPEAR,150,43,13,55,0
aPEAR,150,43,13,56,0
aPEAR,150,43,13,57,0
aPEAR,70,44,14,1,0
aPEAR,70,44,14,2,0
aPEAR,70,44,14,3,0
aPEAR,70,44,14,4,0
aPEAR,70,44,14,5,0
aPEAR,70,44,14,6,0
aPEAR,70,44,14,7,0
aPEAR,70,44,14,8,0
aPEAR,70,44,14,9,0
aPEAR,70,44,14,10,0
aPEAR,70,44,14,11,0
aPEAR,70,44,14,12,0
aPEAR,70,44,14,13,0
aPEAR,70,44,14,14,0.4
aPEAR,70,44,14,15,0
aPEAR,70,44,14,16,0
aPEAR,70,44,14,17,0
aPEAR,70,44,14,18,0
aPEAR,70,44,14,19,0
aPEAR,70,44,14,20,0
aPEAR,70,44,14,21,0
aPEAR,70,44,14,22,0
aPEAR,70,44,14,23,0
aPEAR,70,44,14,24,0
aPEAR,70,44,14,25,0
aPEAR,70,44,14,26,0
aPEAR,70,44,14,27,0
aPEAR,70,44,14,28,0
aPEAR,70,44,14,29,0
aPEAR,70,44,14,30,0
aPEAR,70,44,14,31,0
aPEAR,70,44,14,32,0
aPEAR,70,44,14,33,0
aPEAR,70,44,14,34,0
aPEAR,70,44,14,35,0
aPEAR,70,44,14,36,0
aPEAR,70,44,14,37,0
aPEAR,70,44,14,38,0
aPEAR,70,44,14,39,0
aPEAR,70,44,14,40,0
aPEAR,70,44,14,41,0
aPEAR,70,44,14,42,0
aPEAR,70,44,14,43,0
aPEAR,70,44,14,44,0
aPEAR,70,44,14,45,0
aPEAR,70,44,14,46,0
aPEAR,70,44,14,47,0
aPEAR,70,44,14,48,0
aPEAR,70,44,14,49,0
aPEAR,70,44,14,50,0
aPEAR,70,44,14,51,0
aPEAR,70,44,14,52,0
aPEAR,70,44,14,53,0
aPEAR,70,44,14,54,0
aPEAR,70,44,14,55,0
aPEAR,70,44,14,56,0
aPEAR,70,44,14,57,0
aPEAR,80,45,15,1,0
aPEAR,80,45,15,2,0
aPEAR,80,45,15,3,0
aPEAR,80,45,15,4,0
aPEAR,80,45,15,5,0
aPEAR,80,45,15,6,0
aPEAR,80,45,15,7,0
aPEAR,80,45,15,8,0
aPEAR,80,45,15,9,0
aPEAR,80,45,15,10,0
aPEAR,80,45,15,11,0
aPEAR,80,45,15,12,0
aPEAR,80,45,15,13,0
aPEAR,80,45,15,14,0
aPEAR,80,45,15,15,0.4
aPEAR,80,45,15,16,0
aPEAR,80,45,15,17,0
aPEAR,80,45,15,18,0
aPEAR,80,45,15,19,0
aPEAR,80,45,15,20,0
aPEAR,80,45,15,21,0
aPEAR,80,45,15,22,0
aPEAR,80,45,15,23,0
aPEAR,80,45,15,24,0
aPEAR,80,45,15,25,0
aPEAR,80,45,15,26,0
aPEAR,80,45,15,27,0
aPEAR,80,45,15,28,0
aPEAR,80,45,15,29,0
aPEAR,80,45,15,30,0
aPEAR,80,45,15,31,0
aPEAR,80,45,15,32,0
aPEAR,80,45,15,33,0
aPEAR,80,45,15,34,0
aPEAR,80,45,15,35,0
aPEAR,80,45,15,36,0
aPEAR,80,45,15,37,0
aPEAR,80,45,15,38,0
aPEAR,80,45,15,39,0
aPEAR,80,45,15,40,0
aPEAR,80,45,15,41,0
aPEAR,80,45,15,42,0
aPEAR,80,45,15,43,0
aPEAR,80,45,15,44,0
aPEAR,80,45,15,45,0
aPEAR,80,45,15,46,0
aPEAR,80,45,15,47,0
aPEAR,80,45,15,48,0
aPEAR,80,45,15,49,0
aPEAR,80,45,15,50,0
aPEAR,80,45,15,51,0
aPEAR,80,45,15,52,0
aPEAR,80,45,15,53,0
aPEAR,80,45,15,54,0
aPEAR,80,45,15,55,0
aPEAR,80,45,15,56,0
aPEAR,80,45,15,57,0
aPEAR,81,46,15,1,0
aPEAR,81,46,15,2,0
aPEAR,81,46,15,3,0
aPEAR,81,46,15,4,0
aPEAR,81,46,15,5,0
aPEAR,81,46,15,6,0
aPEAR,81,46,15,7,0
aPEAR,81,46,15,8,0
aPEAR,81,46,15,9,0
aPEAR,81,46,15,10,0
aPEAR,81,46,15,11,0
aPEAR,81,46,15,12,0
aPEAR,81,46,15,13,0
aPEAR,81,46,15,14,0
aPEAR,81,46,15,15,0.16666666666666666
aPEAR,81,46,15,16,0
aPEAR,81,46,15,17,0
aPEAR,81,46,15,18,0
aPEAR,81,46,15,19,0
aPEAR,81,46,15,20,0
aPEAR,81,46,15,21,0
aPEAR,81,46,15,22,0
aPEAR,81,46,15,23,0
aPEAR,81,46,15,24,0
aPEAR,81,46,15,25,0
aPEAR,81,46,15,26,0
aPEAR,81,46,15,27,0
aPEAR,81,46,15,28,0
aPEAR,81,46,15,29,0
aPEAR,81,46,15,30,0
aPEAR,81,46,15,31,0
aPEAR,81,46,15,32,0
aPEAR,81,46,15,33,0
aPEAR,81,46,15,34,0
aPEAR,81,46,15,35,0
aPEAR,81,46,15,36,0
aPEAR,81,46,15,37,0
aPEAR,81,46,15,38,0
aPEAR,81,46,15,39,0
aPEAR,81,46,15,40,0
aPEAR,81,46,15,41,0
aPEAR,81,46,15,42,0
aPEAR,81,46,15,43,0
aPEAR,81,46,15,44,0
aPEAR,81,46,15,45,0
aPEAR,81,46,15,46,0
aPEAR,81,46,15,47,0
aPEAR,81,46,15,48,0
aPEAR,81,46,15,49,0
aPEAR,81,46,15,50,0
aPEAR,81,46,15,51,0
aPEAR,81,46,15,52,0
aPEAR,81,46,15,53,0
aPEAR,81,46,15,54,0
aPEAR,81,46,15,55,0
aPEAR,81,46,15,56,0.1111111111111111
aPEAR,81,46,15,57,0
aPEAR,154,47,15,1,0
aPEAR,154,47,15,2,0
aPEAR,154,47,15,3,0
aPEAR,154,47,15,4,0
aPEAR,154,47,15,5,0
aPEAR,154,47,15,6,0
aPEAR,154,47,15,7,0
aPEAR,154,47,15,8,0
aPEAR,154,47,15,9,0
aPEAR,154,47,15,10,0
aPEAR,154,47,15,11,0
aPEAR,154,47,15,12,0
aPEAR,154,47,15,13,0
aPEAR,154,47,15,14,0
aPEAR,154,47,15,15,0.2
aPEAR,154,47,15,16,0
aPEAR,154,47,15,17,0
aPEAR,154,47,15,18,0
aPEAR,154,47,15,19,0
aPEAR,154,47,15,20,0
aPEAR,154,47,15,21,0
aPEAR,154,47,15,22,0
aPEAR,154,47,15,23,0
aPEAR,154,47,15,24,0
aPEAR,154,47,15,25,0
aPEAR,154,47,15,26,0
aPEAR,154,47,15,27,0
aPEAR,154,47,15,28,0
aPEAR,154,47,15,29,0
aPEAR,154,47,15,30,0
aPEAR,154,47,15,31,0
aPEAR,154,47,15,32,0
aPEAR,154,47,15,33,0
aPEAR,154,47,15,34,0
aPEAR,154,47,15,35,0
aPEAR,154,47,15,36,0
aPEAR,154,47,15,37,0
aPEAR,154,47,15,38,0
aPEAR,154,47,15,39,0
aPEAR,154,47,15,40,0
aPEAR,154,47,15,41,0
aPEAR,154,47,15,42,0
aPEAR,154,47,15,43,0
aPEAR,154,47,15,44,0
aPEAR,154,47,15,45,0
aPEAR,154,47,15,46,0
aPEAR,154,47,15,47,0
aPEAR,154,47,15,48,0
aPEAR,154,47,15,49,0
aPEAR,154,47,15,50,0
aPEAR,154,47,15,51,0
aPEAR,154,47,15,52,0
aPEAR,154,47,15,53,0
aPEAR,154,47,15,54,0
aPEAR,154,47,15,55,0
aPEAR,154,47,15,56,0
aPEAR,154,47,15,57,0
aPEAR,4,48,16,1,0
aPEAR,4,48,16,2,0
aPEAR,4,48,16,3,0
aPEAR,4,48,16,4,0
aPEAR,4,48,16,5,0
aPEAR,4,48,16,6,0
aPEAR,4,48,16,7,0
aPEAR,4,48,16,8,0
aPEAR,4,48,16,9,0
aPEAR,4,48,16,10,0
aPEAR,4,48,16,11,0
aPEAR,4,48,16,12,0
aPEAR,4,48,16,13,0
aPEAR,4,48,16,14,0
aPEAR,4,48,16,15,0
aPEAR,4,48,16,16,0.2
aPEAR,4,48,16,17,0
aPEAR,4,48,16,18,0
aPEAR,4,48,16,19,0
aPEAR,4,48,16,20,0
aPEAR,4,48,16,21,0
aPEAR,4,48,16,22,0
aPEAR,4,48,16,23,0
aPEAR,4,48,16,24,0
aPEAR,4,48,16,25,0
aPEAR,4,48,16,26,0
aPEAR,4,48,16,27,0
aPEAR,4,48,16,28,0
aPEAR,4,48,16,29,0
aPEAR,4,48,16,30,0
aPEAR,4,48,16,31,0
aPEAR,4,48,16,32,0
aPEAR,4,48,16,33,0
aPEAR,4,48,16,34,0
aPEAR,4,48,16,35,0
aPEAR,4,48,16,36,0
aPEAR,4,48,16,37,0
aPEAR,4,48,16,38,0
aPEAR,4,48,16,39,0
aPEAR,4,48,16,40,0
aPEAR,4,48,16,41,0
aPEAR,4,48,16,42,0
aPEAR,4,48,16,43,0
aPEAR,4,48,16,44,0
aPEAR,4,48,16,45,0
aPEAR,4,48,16,46,0
aPEAR,4,48,16,47,0
aPEAR,4,48,16,48,0
aPEAR,4,48,16,49,0
aPEAR,4,48,16,50,0
aPEAR,4,48,16,51,0
aPEAR,4,48,16,52,0
aPEAR,4,48,16,53,0
aPEAR,4,48,16,54,0.058823529411764705
aPEAR,4,48,16,55,0
aPEAR,4,48,16,56,0
aPEAR,4,48,16,57,0
aPEAR,47,49,16,1,0
aPEAR,47,49,16,2,0
aPEAR,47,49,16,3,0
aPEAR,47,49,16,4,0
aPEAR,47,49,16,5,0
aPEAR,47,49,16,6,0
aPEAR,47,49,16,7,0
aPEAR,47,49,16,8,0
aPEAR,47,49,16,9,0
aPEAR,47,49,16,10,0
aPEAR,47,49,16,11,0
aPEAR,47,49,16,12,0
aPEAR,47,49,16,13,0
aPEAR,47,49,16,14,0.16666666666666666
aPEAR,47,49,16,15,0
aPEAR,47,49,16,16,0.2
aPEAR,47,49,16,17,0
aPEAR,47,49,16,18,0
aPEAR,47,49,16,19,0
aPEAR,47,49,16,20,0
aPEAR,47,49,16,21,0
aPEAR,47,49,16,22,0
aPEAR,47,49,16,23,0
aPEAR,47,49,16,24,0
aPEAR,47,49,16,25,0
aPEAR,47,49,16,26,0
aPEAR,47,49,16,27,0
aPEAR,47,49,16,28,0
aPEAR,47,49,16,29,0
aPEAR,47,49,16,30,0
aPEAR,47,49,16,31,0
aPEAR,47,49,16,32,0
aPEAR,47,49,16,33,0
aPEAR,47,49,16,34,0
aPEAR,47,49,16,35,0
aPEAR,47,49,16,36,0
aPEAR,47,49,16,37,0
aPEAR,47,49,16,38,0
aPEAR,47,49,16,39,0
aPEAR,47,49,16,40,0
aPEAR,47,49,16,41,0
aPEAR,47,49,16,42,0
aPEAR,47,49,16,43,0
aPEAR,47,49,16,44,0
aPEAR,47,49,16,45,0
aPEAR,47,49,16,46,0
aPEAR,47,49,16,47,0
aPEAR,47,49,16,48,0
aPEAR,47,49,16,49,0
aPEAR,47,49,16,50,0
aPEAR,47,49,16,51,0
aPEAR,47,49,16,52,0
aPEAR,47,49,16,53,0
aPEAR,47,49,16,54,0
aPEAR,47,49,16,55,0
aPEAR,47,49,16,56,0
aPEAR,47,49,16,57,0
aPEAR,51,50,16,1,0
aPEAR,51,50,16,2,0
aPEAR,51,50,16,3,0
aPEAR,51,50,16,4,0
aPEAR,51,50,16,5,0
aPEAR,51,50,16,6,0
aPEAR,51,50,16,7,0
aPEAR,51,50,16,8,0
aPEAR,51,50,16,9,0
aPEAR,51,50,16,10,0
aPEAR,51,50,16,11,0
aPEAR,51,50,16,12,0
aPEAR,51,50,16,13,0
aPEAR,51,50,16,14,0
aPEAR,51,50,16,15,0
aPEAR,51,50,16,16,0.2
aPEAR,51,50,16,17,0
aPEAR,51,50,16,18,0
aPEAR,51,50,16,19,0
aPEAR,51,50,16,20,0
aPEAR,51,50,16,21,0
aPEAR,51,50,16,22,0
aPEAR,51,50,16,23,0
aPEAR,51,50,16,24,0
aPEAR,51,50,16,25,0
aPEAR,51,50,16,26,0
aPEAR,51,50,16,27,0
aPEAR,51,50,16,28,0
aPEAR,51,50,16,29,0
aPEAR,51,50,16,30,0
aPEAR,51,50,16,31,0
aPEAR,51,50,16,32,0
aPEAR,51,50,16,33,0
aPEAR,51,50,16,34,0
aPEAR,51,50,16,35,0
aPEAR,51,50,16,36,0
aPEAR,51,50,16,37,0
aPEAR,51,50,16,38,0
aPEAR,51,50,16,39,0
aPEAR,51,50,16,40,0
aPEAR,51,50,16,41,0
aPEAR,51,50,16,42,0
aPEAR,51,50,16,43,0
aPEAR,51,50,16,44,0
aPEAR,51,50,16,45,0
aPEAR,51,50,16,46,0
aPEAR,51,50,16,47,0
aPEAR,51,50,16,48,0.16666666666666666
aPEAR,51,50,16,49,0
aPEAR,51,50,16,50,0
aPEAR,51,50,16,51,0
aPEAR,51,50,16,52,0
aPEAR,51,50,16,53,0
aPEAR,51,50,16,54,0
aPEAR,51,50,16,55,0
aPEAR,51,50,16,56,0
aPEAR,51,50,16,57,0
aPEAR,65,51,16,1,0
aPEAR,65,51,16,2,0
aPEAR,65,51,16,3,0
aPEAR,65,51,16,4,0
aPEAR,65,51,16,5,0
aPEAR,65,51,16,6,0
aPEAR,65,51,16,7,0
aPEAR,65,51,16,8,0
aPEAR,65,51,16,9,0
aPEAR,65,51,16,10,0
aPEAR,65,51,16,11,0
aPEAR,65,51,16,12,0
aPEAR,65,51,16,13,0
aPEAR,65,51,16,14,0
aPEAR,65,51,16,15,0
aPEAR,65,51,16,16,0.2
aPEAR,65,51,16,17,0
aPEAR,65,51,16,18,0
aPEAR,65,51,16,19,0
aPEAR,65,51,16,20,0
aPEAR,65,51,16,21,0
aPEAR,65,51,16,22,0
aPEAR,65,51,16,23,0
aPEAR,65,51,16,24,0
aPEAR,65,51,16,25,0
aPEAR,65,51,16,26,0
aPEAR,65,51,16,27,0
aPEAR,65,51,16,28,0
aPEAR,65,51,16,29,0
aPEAR,65,51,16,30,0
aPEAR,65,51,16,31,0
aPEAR,65,51,16,32,0
aPEAR,65,51,16,33,0
aPEAR,65,51,16,34,0
aPEAR,65,51,16,35,0
aPEAR,65,51,16,36,0
aPEAR,65,51,16,37,0
aPEAR,65,51,16,38,0.2
aPEAR,65,51,16,39,0
aPEAR,65,51,16,40,0
aPEAR,65,51,16,41,0
aPEAR,65,51,16,42,0
aPEAR,65,51,16,43,0
aPEAR,65,51,16,44,0
aPEAR,65,51,16,45,0
aPEAR,65,51,16,46,0
aPEAR,65,51,16,47,0
aPEAR,65,51,16,48,0
aPEAR,65,51,16,49,0
aPEAR,65,51,16,50,0
aPEAR,65,51,16,51,0
aPEAR,65,51,16,52,0
aPEAR,65,51,16,53,0
aPEAR,65,51,16,54,0
aPEAR,65,51,16,55,0
aPEAR,65,51,16,56,0
aPEAR,65,51,16,57,0
aPEAR,49,52,17,1,0
aPEAR,49,52,17,2,0
aPEAR,49,52,17,3,0
aPEAR,49,52,17,4,0
aPEAR,49,52,17,5,0
aPEAR,49,52,17,6,0
aPEAR,49,52,17,7,0
aPEAR,49,52,17,8,0
aPEAR,49,52,17,9,0
aPEAR,49,52,17,10,0
aPEAR,49,52,17,11,0
aPEAR,49,52,17,12,0
aPEAR,49,52,17,13,0
aPEAR,49,52,17,14,0
aPEAR,49,52,17,15,0
aPEAR,49,52,17,16,0
aPEAR,49,52,17,17,0.2857142857142857
aPEAR,49,52,17,18,0
aPEAR,49,52,17,19,0
aPEAR,49,52,17,20,0
aPEAR,49,52,17,21,0
aPEAR,49,52,17,22,0
aPEAR,49,52,17,23,0
aPEAR,49,52,17,24,0
aPEAR,49,52,17,25,0
aPEAR,49,52,17,26,0
aPEAR,49,52,17,27,0
aPEAR,49,52,17,28,0
aPEAR,49,52,17,29,0
aPEAR,49,52,17,30,0
aPEAR,49,52,17,31,0
aPEAR,49,52,17,32,0
aPEAR,49,52,17,33,0
aPEAR,49,52,17,34,0
aPEAR,49,52,17,35,0
aPEAR,49,52,17,36,0
aPEAR,49,52,17,37,0
aPEAR,49,52,17,38,0
aPEAR,49,52,17,39,0
aPEAR,49,52,17,40,0
aPEAR,49,52,17,41,0
aPEAR,49,52,17,42,0
aPEAR,49,52,17,43,0
aPEAR,49,52,17,44,0
aPEAR,49,52,17,45,0
aPEAR,49,52,17,46,0
aPEAR,49,52,17,47,0
aPEAR,49,52,17,48,0
aPEAR,49,52,17,49,0
aPEAR,49,52,17,50,0
aPEAR,49,52,17,51,0
aPEAR,49,52,17,52,0
aPEAR,49,52,17,53,0
aPEAR,49,52,17,54,0
aPEAR,49,52,17,55,0
aPEAR,49,52,17,56,0
aPEAR,49,52,17,57,0
aPEAR,121,53,17,1,0
aPEAR,121,53,17,2,0
aPEAR,121,53,17,3,0
aPEAR,121,53,17,4,0
aPEAR,121,53,17,5,0
aPEAR,121,53,17,6,0
aPEAR,121,53,17,7,0
aPEAR,121,53,17,8,0
aPEAR,121,53,17,9,0
aPEAR,121,53,17,10,0
aPEAR,121,53,17,11,0
aPEAR,121,53,17,12,0
aPEAR,121,53,17,13,0
aPEAR,121,53,17,14,0
aPEAR,121,53,17,15,0
aPEAR,121,53,17,16,0
aPEAR,121,53,17,17,0.14285714285714285
aPEAR,121,53,17,18,0
aPEAR,121,53,17,19,0
aPEAR,121,53,17,20,0
aPEAR,121,53,17,21,0
aPEAR,121,53,17,22,0
aPEAR,121,53,17,23,0
aPEAR,121,53,17,24,0
aPEAR,121,53,17,25,0
aPEAR,121,53,17,26,0
aPEAR,121,53,17,27,0
aPEAR,121,53,17,28,0
aPEAR,121,53,17,29,0
aPEAR,121,53,17,30,0
aPEAR,121,53,17,31,0
aPEAR,121,53,17,32,0
aPEAR,121,53,17,33,0
aPEAR,121,53,17,34,0
aPEAR,121,53,17,35,0
aPEAR,121,53,17,36,0
aPEAR,121,53,17,37,0
aPEAR,121,53,17,38,0
aPEAR,121,53,17,39,0
aPEAR,121,53,17,40,0
aPEAR,121,53,17,41,0
aPEAR,121,53,17,42,0
aPEAR,121,53,17,43,0
aPEAR,121,53,17,44,0
aPEAR,121,53,17,45,0
aPEAR,121,53,17,46,0
aPEAR,121,53,17,47,0
aPEAR,121,53,17,48,0
aPEAR,121,53,17,49,0
aPEAR,121,53,17,50,0
aPEAR,121,53,17,51,0
aPEAR,121,53,17,52,0
aPEAR,121,53,17,53,0
aPEAR,121,53,17,54,0
aPEAR,121,53,17,55,0
aPEAR,121,53,17,56,0
aPEAR,121,53,17,57,0
aPEAR,140,54,17,1,0
aPEAR,140,54,17,2,0
aPEAR,140,54,17,3,0
aPEAR,140,54,17,4,0
aPEAR,140,54,17,5,0
aPEAR,140,54,17,6,0
aPEAR,140,54,17,7,0
aPEAR,140,54,17,8,0
aPEAR,140,54,17,9,0
aPEAR,140,54,17,10,0
aPEAR,140,54,17,11,0
aPEAR,140,54,17,12,0
aPEAR,140,54,17,13,0
aPEAR,140,54,17,14,0
aPEAR,140,54,17,15,0
aPEAR,140,54,17,16,0
aPEAR,140,54,17,17,0.14285714285714285
aPEAR,140,54,17,18,0
aPEAR,140,54,17,19,0
aPEAR,140,54,17,20,0
aPEAR,140,54,17,21,0
aPEAR,140,54,17,22,0
aPEAR,140,54,17,23,0
aPEAR,140,54,17,24,0
aPEAR,140,54,17,25,0
aPEAR,140,54,17,26,0
aPEAR,140,54,17,27,0
aPEAR,140,54,17,28,0
aPEAR,140,54,17,29,0
aPEAR,140,54,17,30,0
aPEAR,140,54,17,31,0
aPEAR,140,54,17,32,0
aPEAR,140,54,17,33,0
aPEAR,140,54,17,34,0
aPEAR,140,54,17,35,0
aPEAR,140,54,17,36,0
aPEAR,140,54,17,37,0
aPEAR,140,54,17,38,0
aPEAR,140,54,17,39,0
aPEAR,140,54,17,40,0
aPEAR,140,54,17,41,0
aPEAR,140,54,17,42,0
aPEAR,140,54,17,43,0
aPEAR,140,54,17,44,0
aPEAR,140,54,17,45,0
aPEAR,140,54,17,46,0
aPEAR,140,54,17,47,0
aPEAR,140,54,17,48,0
aPEAR,140,54,17,49,0
aPEAR,140,54,17,50,0
aPEAR,140,54,17,51,0
aPEAR,140,54,17,52,0
aPEAR,140,54,17,53,0
aPEAR,140,54,17,54,0
aPEAR,140,54,17,55,0
aPEAR,140,54,17,56,0
aPEAR,140,54,17,57,0
aPEAR,175,55,17,1,0
aPEAR,175,55,17,2,0
aPEAR,175,55,17,3,0
aPEAR,175,55,17,4,0
aPEAR,175,55,17,5,0
aPEAR,175,55,17,6,0
aPEAR,175,55,17,7,0
aPEAR,175,55,17,8,0
aPEAR,175,55,17,9,0
aPEAR,175,55,17,10,0
aPEAR,175,55,17,11,0
aPEAR,175,55,17,12,0
aPEAR,175,55,17,13,0
aPEAR,175,55,17,14,0
aPEAR,175,55,17,15,0
aPEAR,175,55,17,16,0
aPEAR,175,55,17,17,0.14285714285714285
aPEAR,175,55,17,18,0
aPEAR,175,55,17,19,0
aPEAR,175,55,17,20,0
aPEAR,175,55,17,21,0
aPEAR,175,55,17,22,0
aPEAR,175,55,17,23,0
aPEAR,175,55,17,24,0
aPEAR,175,55,17,25,0
aPEAR,175,55,17,26,0
aPEAR,175,55,17,27,0
aPEAR,175,55,17,28,0
aPEAR,175,55,17,29,0
aPEAR,175,55,17,30,0
aPEAR,175,55,17,31,0
aPEAR,175,55,17,32,0
aPEAR,175,55,17,33,0
aPEAR,175,55,17,34,0
aPEAR,175,55,17,35,0
aPEAR,175,55,17,36,0
aPEAR,175,55,17,37,0
aPEAR,175,55,17,38,0
aPEAR,175,55,17,39,0
aPEAR,175,55,17,40,0
aPEAR,175,55,17,41,0
aPEAR,175,55,17,42,0
aPEAR,175,55,17,43,0
aPEAR,175,55,17,44,0
aPEAR,175,55,17,45,0
aPEAR,175,55,17,46,0
aPEAR,175,55,17,47,0
aPEAR,175,55,17,48,0
aPEAR,175,55,17,49,0
aPEAR,175,55,17,50,0
aPEAR,175,55,17,51,0
aPEAR,175,55,17,52,0
aPEAR,175,55,17,53,0
aPEAR,175,55,17,54,0
aPEAR,175,55,17,55,0
aPEAR,175,55,17,56,0
aPEAR,175,55,17,57,0
aPEAR,105,56,18,1,0
aPEAR,105,56,18,2,0
aPEAR,105,56,18,3,0
aPEAR,105,56,18,4,0
aPEAR,105,56,18,5,0
aPEAR,105,56,18,6,0
aPEAR,105,56,18,7,0
aPEAR,105,56,18,8,0
aPEAR,105,56,18,9,0
aPEAR,105,56,18,10,0
aPEAR,105,56,18,11,0
aPEAR,105,56,18,12,0
aPEAR,105,56,18,13,0
aPEAR,105,56,18,14,0
aPEAR,105,56,18,15,0
aPEAR,105,56,18,16,0
aPEAR,105,56,18,17,0
aPEAR,105,56,18,18,0.14285714285714285
aPEAR,105,56,18,19,0
aPEAR,105,56,18,20,0
aPEAR,105,56,18,21,0
aPEAR,105,56,18,22,0
aPEAR,105,56,18,23,0
aPEAR,105,56,18,24,0
aPEAR,105,56,18,25,0
aPEAR,105,56,18,26,0
aPEAR,105,56,18,27,0
aPEAR,105,56,18,28,0
aPEAR,105,56,18,29,0
aPEAR,105,56,18,30,0
aPEAR,105,56,18,31,0
aPEAR,105,56,18,32,0
aPEAR,105,56,18,33,0
aPEAR,105,56,18,34,0
aPEAR,105,56,18,35,0
aPEAR,105,56,18,36,0
aPEAR,105,56,18,37,0
aPEAR,105,56,18,38,0
aPEAR,105,56,18,39,0
aPEAR,105,56,18,40,0
aPEAR,105,56,18,41,0
aPEAR,105,56,18,42,0
aPEAR,105,56,18,43,0
aPEAR,105,56,18,44,0
aPEAR,105,56,18,45,0
aPEAR,105,56,18,46,0
aPEAR,105,56,18,47,0
aPEAR,105,56,18,48,0
aPEAR,105,56,18,49,0
aPEAR,105,56,18,50,0
aPEAR,105,56,18,51,0
aPEAR,105,56,18,52,0
aPEAR,105,56,18,53,0
aPEAR,105,56,18,54,0
aPEAR,105,56,18,55,0
aPEAR,105,56,18,56,0
aPEAR,105,56,18,57,0
aPEAR,151,57,18,1,0
aPEAR,151,57,18,2,0
aPEAR,151,57,18,3,0
aPEAR,151,57,18,4,0
aPEAR,151,57,18,5,0
aPEAR,151,57,18,6,0
aPEAR,151,57,18,7,0
aPEAR,151,57,18,8,0
aPEAR,151,57,18,9,0
aPEAR,151,57,18,10,0
aPEAR,151,57,18,11,0
aPEAR,151,57,18,12,0
aPEAR,151,57,18,13,0
aPEAR,151,57,18,14,0
aPEAR,151,57,18,15,0
aPEAR,151,57,18,16,0
aPEAR,151,57,18,17,0
aPEAR,151,57,18,18,0.14285714285714285
aPEAR,151,57,18,19,0
aPEAR,151,57,18,20,0
aPEAR,151,57,18,21,0
aPEAR,151,57,18,22,0
aPEAR,151,57,18,23,0
aPEAR,151,57,18,24,0
aPEAR,151,57,18,25,0
aPEAR,151,57,18,26,0
aPEAR,151,57,18,27,0
aPEAR,151,57,18,28,0
aPEAR,151,57,18,29,0
aPEAR,151,57,18,30,0
aPEAR,151,57,18,31,0
aPEAR,151,57,18,32,0
aPEAR,151,57,18,33,0
aPEAR,151,57,18,34,0
aPEAR,151,57,18,35,0
aPEAR,151,57,18,36,0
aPEAR,151,57,18,37,0
aPEAR,151,57,18,38,0
aPEAR,151,57,18,39,0
aPEAR,151,57,18,40,0
aPEAR,151,57,18,41,0
aPEAR,151,57,18,42,0
aPEAR,151,57,18,43,0
aPEAR,151,57,18,44,0
aPEAR,151,57,18,45,0
aPEAR,151,57,18,46,0
aPEAR,151,57,18,47,0
aPEAR,151,57,18,48,0
aPEAR,151,57,18,49,0
aPEAR,151,57,18,50,0
aPEAR,151,57,18,51,0
aPEAR,151,57,18,52,0
aPEAR,151,57,18,53,0
aPEAR,151,57,18,54,0
aPEAR,151,57,18,55,0
aPEAR,151,57,18,56,0
aPEAR,151,57,18,57,0
aPEAR,157,58,18,1,0
aPEAR,157,58,18,2,0
aPEAR,157,58,18,3,0
aPEAR,157,58,18,4,0
aPEAR,157,58,18,5,0
aPEAR,157,58,18,6,0
aPEAR,157,58,18,7,0
aPEAR,157,58,18,8,0
aPEAR,157,58,18,9,0
aPEAR,157,58,18,10,0
aPEAR,157,58,18,11,0
aPEAR,157,58,18,12,0
aPEAR,157,58,18,13,0
aPEAR,157,58,18,14,0
aPEAR,157,58,18,15,0
aPEAR,157,58,18,16,0
aPEAR,157,58,18,17,0
aPEAR,157,58,18,18,0.14285714285714285
aPEAR,157,58,18,19,0
aPEAR,157,58,18,20,0
aPEAR,157,58,18,21,0
aPEAR,157,58,18,22,0
aPEAR,157,58,18,23,0
aPEAR,157,58,18,24,0
aPEAR,157,58,18,25,0
aPEAR,157,58,18,26,0
aPEAR,157,58,18,27,0
aPEAR,157,58,18,28,0
aPEAR,157,58,18,29,0
aPEAR,157,58,18,30,0
aPEAR,157,58,18,31,0
aPEAR,157,58,18,32,0
aPEAR,157,58,18,33,0
aPEAR,157,58,18,34,0
aPEAR,157,58,18,35,0
aPEAR,157,58,18,36,0
aPEAR,157,58,18,37,0
aPEAR,157,58,18,38,0
aPEAR,157,58,18,39,0
aPEAR,157,58,18,40,0
aPEAR,157,58,18,41,0
aPEAR,157,58,18,42,0
aPEAR,157,58,18,43,0
aPEAR,157,58,18,44,0
aPEAR,157,58,18,45,0
aPEAR,157,58,18,46,0
aPEAR,157,58,18,47,0
aPEAR,157,58,18,48,0
aPEAR,157,58,18,49,0
aPEAR,157,58,18,50,0
aPEAR,157,58,18,51,0
aPEAR,157,58,18,52,0
aPEAR,157,58,18,53,0
aPEAR,157,58,18,54,0
aPEAR,157,58,18,55,0
aPEAR,157,58,18,56,0
aPEAR,157,58,18,57,0
aPEAR,29,59,19,1,0
aPEAR,29,59,19,2,0
aPEAR,29,59,19,3,0
aPEAR,29,59,19,4,0
aPEAR,29,59,19,5,0
aPEAR,29,59,19,6,0
aPEAR,29,59,19,7,0
aPEAR,29,59,19,8,0
aPEAR,29,59,19,9,0.125
aPEAR,29,59,19,10,0
aPEAR,29,59,19,11,0
aPEAR,29,59,19,12,0
aPEAR,29,59,19,13,0
aPEAR,29,59,19,14,0
aPEAR,29,59,19,15,0
aPEAR,29,59,19,16,0
aPEAR,29,59,19,17,0
aPEAR,29,59,19,18,0
aPEAR,29,59,19,19,0.16666666666666666
aPEAR,29,59,19,20,0
aPEAR,29,59,19,21,0
aPEAR,29,59,19,22,0
aPEAR,29,59,19,23,0
aPEAR,29,59,19,24,0
aPEAR,29,59,19,25,0
aPEAR,29,59,19,26,0
aPEAR,29,59,19,27,0
aPEAR,29,59,19,28,0
aPEAR,29,59,19,29,0
aPEAR,29,59,19,30,0
aPEAR,29,59,19,31,0
aPEAR,29,59,19,32,0
aPEAR,29,59,19,33,0
aPEAR,29,59,19,34,0
aPEAR,29,59,19,35,0
aPEAR,29,59,19,36,0
aPEAR,29,59,19,37,0
aPEAR,29,59,19,38,0
aPEAR,29,59,19,39,0
aPEAR,29,59,19,40,0
aPEAR,29,59,19,41,0
aPEAR,29,59,19,42,0
aPEAR,29,59,19,43,0
aPEAR,29,59,19,44,0
aPEAR,29,59,19,45,0
aPEAR,29,59,19,46,0
aPEAR,29,59,19,47,0
aPEAR,29,59,19,48,0
aPEAR,29,59,19,49,0
aPEAR,29,59,19,50,0
aPEAR,29,59,19,51,0
aPEAR,29,59,19,52,0
aPEAR,29,59,19,53,0
aPEAR,29,59,19,54,0
aPEAR,29,59,19,55,0
aPEAR,29,59,19,56,0
aPEAR,29,59,19,57,0
aPEAR,79,60,19,1,0
aPEAR,79,60,19,2,0
aPEAR,79,60,19,3,0
aPEAR,79,60,19,4,0
aPEAR,79,60,19,5,0
aPEAR,79,60,19,6,0
aPEAR,79,60,19,7,0
aPEAR,79,60,19,8,0
aPEAR,79,60,19,9,0
aPEAR,79,60,19,10,0
aPEAR,79,60,19,11,0
aPEAR,79,60,19,12,0
aPEAR,79,60,19,13,0
aPEAR,79,60,19,14,0
aPEAR,79,60,19,15,0
aPEAR,79,60,19,16,0
aPEAR,79,60,19,17,0
aPEAR,79,60,19,18,0.125
aPEAR,79,60,19,19,0.16666666666666666
aPEAR,79,60,19,20,0
aPEAR,79,60,19,21,0
aPEAR,79,60,19,22,0
aPEAR,79,60,19,23,0
aPEAR,79,60,19,24,0
aPEAR,79,60,19,25,0
aPEAR,79,60,19,26,0
aPEAR,79,60,19,27,0
aPEAR,79,60,19,28,0
aPEAR,79,60,19,29,0
aPEAR,79,60,19,30,0
aPEAR,79,60,19,31,0
aPEAR,79,60,19,32,0
aPEAR,79,60,19,33,0
aPEAR,79,60,19,34,0
aPEAR,79,60,19,35,0
aPEAR,79,60,19,36,0
aPEAR,79,60,19,37,0
aPEAR,79,60,19,38,0
aPEAR,79,60,19,39,0
aPEAR,79,60,19,40,0
aPEAR,79,60,19,41,0
aPEAR,79,60,19,42,0
aPEAR,79,60,19,43,0
aPEAR,79,60,19,44,0
aPEAR,79,60,19,45,0
aPEAR,79,60,19,46,0
aPEAR,79,60,19,47,0
aPEAR,79,60,19,48,0
aPEAR,79,60,19,49,0
aPEAR,79,60,19,50,0
aPEAR,79,60,19,51,0
aPEAR,79,60,19,52,0
aPEAR,79,60,19,53,0
aPEAR,79,60,19,54,0
aPEAR,79,60,19,55,0
aPEAR,79,60,19,56,0
aPEAR,79,60,19,57,0
aPEAR,84,61,19,1,0
aPEAR,84,61,19,2,0
aPEAR,84,61,19,3,0
aPEAR,84,61,19,4,0
aPEAR,84,61,19,5,0
aPEAR,84,61,19,6,0
aPEAR,84,61,19,7,0
aPEAR,84,61,19,8,0
aPEAR,84,61,19,9,0
aPEAR,84,61,19,10,0
aPEAR,84,61,19,11,0
aPEAR,84,61,19,12,0
aPEAR,84,61,19,13,0
aPEAR,84,61,19,14,0
aPEAR,84,61,19,15,0
aPEAR,84,61,19,16,0
aPEAR,84,61,19,17,0
aPEAR,84,61,19,18,0.125
aPEAR,84,61,19,19,0.16666666666666666
aPEAR,84,61,19,20,0
aPEAR,84,61,19,21,0
aPEAR,84,61,19,22,0
aPEAR,84,61,19,23,0
aPEAR,84,61,19,24,0
aPEAR,84,61,19,25,0
aPEAR,84,61,19,26,0
aPEAR,84,61,19,27,0
aPEAR,84,61,19,28,0
aPEAR,84,61,19,29,0
aPEAR,84,61,19,30,0
aPEAR,84,61,19,31,0
aPEAR,84,61,19,32,0
aPEAR,84,61,19,33,0
aPEAR,84,61,19,34,0
aPEAR,84,61,19,35,0
aPEAR,84,61,19,36,0
aPEAR,84,61,19,37,0
aPEAR,84,61,19,38,0
aPEAR,84,61,19,39,0
aPEAR,84,61,19,40,0
aPEAR,84,61,19,41,0
aPEAR,84,61,19,42,0
aPEAR,84,61,19,43,0
aPEAR,84,61,19,44,0
aPEAR,84,61,19,45,0
aPEAR,84,61,19,46,0
aPEAR,84,61,19,47,0
aPEAR,84,61,19,48,0
aPEAR,84,61,19,49,0
aPEAR,84,61,19,50,0
aPEAR,84,61,19,51,0
aPEAR,84,61,19,52,0
aPEAR,84,61,19,53,0
aPEAR,84,61,19,54,0
aPEAR,84,61,19,55,0
aPEAR,84,61,19,56,0
aPEAR,84,61,19,57,0
aPEAR,134,62,19,1,0
aPEAR,134,62,19,2,0
aPEAR,134,62,19,3,0
aPEAR,134,62,19,4,0
aPEAR,134,62,19,5,0
aPEAR,134,62,19,6,0
aPEAR,134,62,19,7,0
aPEAR,134,62,19,8,0
aPEAR,134,62,19,9,0
aPEAR,134,62,19,10,0
aPEAR,134,62,19,11,0
aPEAR,134,62,19,12,0
aPEAR,134,62,19,13,0
aPEAR,134,62,19,14,0
aPEAR,134,62,19,15,0
aPEAR,134,62,19,16,0
aPEAR,134,62,19,17,0
aPEAR,134,62,19,18,0
aPEAR,134,62,19,19,0.2
aPEAR,134,62,19,20,0
aPEAR,134,62,19,21,0
aPEAR,134,62,19,22,0
aPEAR,134,62,19,23,0
aPEAR,134,62,19,24,0
aPEAR,134,62,19,25,0
aPEAR,134,62,19,26,0
aPEAR,134,62,19,27,0
aPEAR,134,62,19,28,0
aPEAR,134,62,19,29,0
aPEAR,134,62,19,30,0
aPEAR,134,62,19,31,0
aPEAR,134,62,19,32,0
aPEAR,134,62,19,33,0
aPEAR,134,62,19,34,0
aPEAR,134,62,19,35,0
aPEAR,134,62,19,36,0
aPEAR,134,62,19,37,0
aPEAR,134,62,19,38,0
aPEAR,134,62,19,39,0
aPEAR,134,62,19,40,0
aPEAR,134,62,19,41,0
aPEAR,134,62,19,42,0
aPEAR,134,62,19,43,0
aPEAR,134,62,19,44,0
aPEAR,134,62,19,45,0
aPEAR,134,62,19,46,0
aPEAR,134,62,19,47,0
aPEAR,134,62,19,48,0
aPEAR,134,62,19,49,0
aPEAR,134,62,19,50,0
aPEAR,134,62,19,51,0
aPEAR,134,62,19,52,0
aPEAR,134,62,19,53,0
aPEAR,134,62,19,54,0
aPEAR,134,62,19,55,0
aPEAR,134,62,19,56,0
aPEAR,134,62,19,57,0
aPEAR,153,63,19,1,0
aPEAR,153,63,19,2,0
aPEAR,153,63,19,3,0
aPEAR,153,63,19,4,0
aPEAR,153,63,19,5,0
aPEAR,153,63,19,6,0
aPEAR,153,63,19,7,0
aPEAR,153,63,19,8,0
aPEAR,153,63,19,9,0
aPEAR,153,63,19,10,0
aPEAR,153,63,19,11,0
aPEAR,153,63,19,12,0
aPEAR,153,63,19,13,0
aPEAR,153,63,19,14,0
aPEAR,153,63,19,15,0
aPEAR,153,63,19,16,0
aPEAR,153,63,19,17,0
aPEAR,153,63,19,18,0
aPEAR,153,63,19,19,0.2
aPEAR,153,63,19,20,0
aPEAR,153,63,19,21,0
aPEAR,153,63,19,22,0
aPEAR,153,63,19,23,0
aPEAR,153,63,19,24,0
aPEAR,153,63,19,25,0
aPEAR,153,63,19,26,0
aPEAR,153,63,19,27,0
aPEAR,153,63,19,28,0
aPEAR,153,63,19,29,0
aPEAR,153,63,19,30,0
aPEAR,153,63,19,31,0
aPEAR,153,63,19,32,0
aPEAR,153,63,19,33,0
aPEAR,153,63,19,34,0
aPEAR,153,63,19,35,0
aPEAR,153,63,19,36,0
aPEAR,153,63,19,37,0
aPEAR,153,63,19,38,0
aPEAR,153,63,19,39,0
aPEAR,153,63,19,40,0
aPEAR,153,63,19,41,0
aPEAR,153,63,19,42,0
aPEAR,153,63,19,43,0
aPEAR,153,63,19,44,0
aPEAR,153,63,19,45,0
aPEAR,153,63,19,46,0
aPEAR,153,63,19,47,0
aPEAR,153,63,19,48,0
aPEAR,153,63,19,49,0
aPEAR,153,63,19,50,0
aPEAR,153,63,19,51,0
aPEAR,153,63,19,52,0
aPEAR,153,63,19,53,0
aPEAR,153,63,19,54,0
aPEAR,153,63,19,55,0
aPEAR,153,63,19,56,0
aPEAR,153,63,19,57,0
aPEAR,36,64,20,1,0
aPEAR,36,64,20,2,0
aPEAR,36,64,20,3,0
aPEAR,36,64,20,4,0
aPEAR,36,64,20,5,0
aPEAR,36,64,20,6,0
aPEAR,36,64,20,7,0
aPEAR,36,64,20,8,0
aPEAR,36,64,20,9,0
aPEAR,36,64,20,10,0
aPEAR,36,64,20,11,0
aPEAR,36,64,20,12,0
aPEAR,36,64,20,13,0
aPEAR,36,64,20,14,0
aPEAR,36,64,20,15,0
aPEAR,36,64,20,16,0
aPEAR,36,64,20,17,0
aPEAR,36,64,20,18,0
aPEAR,36,64,20,19,0
aPEAR,36,64,20,20,0.25
aPEAR,36,64,20,21,0.1111111111111111
aPEAR,36,64,20,22,0
aPEAR,36,64,20,23,0
aPEAR,36,64,20,24,0
aPEAR,36,64,20,25,0
aPEAR,36,64,20,26,0
aPEAR,36,64,20,27,0
aPEAR,36,64,20,28,0
aPEAR,36,64,20,29,0
aPEAR,36,64,20,30,0
aPEAR,36,64,20,31,0
aPEAR,36,64,20,32,0
aPEAR,36,64,20,33,0
aPEAR,36,64,20,34,0
aPEAR,36,64,20,35,0
aPEAR,36,64,20,36,0
aPEAR,36,64,20,37,0
aPEAR,36,64,20,38,0
aPEAR,36,64,20,39,0
aPEAR,36,64,20,40,0
aPEAR,36,64,20,41,0
aPEAR,36,64,20,42,0
aPEAR,36,64,20,43,0
aPEAR,36,64,20,44,0
aPEAR,36,64,20,45,0
aPEAR,36,64,20,46,0.25
aPEAR,36,64,20,47,0
aPEAR,36,64,20,48,0
aPEAR,36,64,20,49,0
aPEAR,36,64,20,50,0
aPEAR,36,64,20,51,0
aPEAR,36,64,20,52,0
aPEAR,36,64,20,53,0
aPEAR,36,64,20,54,0
aPEAR,36,64,20,55,0
aPEAR,36,64,20,56,0
aPEAR,36,64,20,57,0
aPEAR,87,65,20,1,0
aPEAR,87,65,20,2,0
aPEAR,87,65,20,3,0
aPEAR,87,65,20,4,0
aPEAR,87,65,20,5,0
aPEAR,87,65,20,6,0
aPEAR,87,65,20,7,0
aPEAR,87,65,20,8,0
aPEAR,87,65,20,9,0
aPEAR,87,65,20,10,0
aPEAR,87,65,20,11,0
aPEAR,87,65,20,12,0
aPEAR,87,65,20,13,0
aPEAR,87,65,20,14,0
aPEAR,87,65,20,15,0
aPEAR,87,65,20,16,0
aPEAR,87,65,20,17,0
aPEAR,87,65,20,18,0
aPEAR,87,65,20,19,0
aPEAR,87,65,20,20,0.16666666666666666
aPEAR,87,65,20,21,0
aPEAR,87,65,20,22,0
aPEAR,87,65,20,23,0
aPEAR,87,65,20,24,0
aPEAR,87,65,20,25,0
aPEAR,87,65,20,26,0
aPEAR,87,65,20,27,0.16666666666666666
aPEAR,87,65,20,28,0
aPEAR,87,65,20,29,0
aPEAR,87,65,20,30,0
aPEAR,87,65,20,31,0
aPEAR,87,65,20,32,0
aPEAR,87,65,20,33,0
aPEAR,87,65,20,34,0
aPEAR,87,65,20,35,0
aPEAR,87,65,20,36,0
aPEAR,87,65,20,37,0
aPEAR,87,65,20,38,0
aPEAR,87,65,20,39,0
aPEAR,87,65,20,40,0
aPEAR,87,65,20,41,0
aPEAR,87,65,20,42,0
aPEAR,87,65,20,43,0
aPEAR,87,65,20,44,0
aPEAR,87,65,20,45,0
aPEAR,87,65,20,46,0
aPEAR,87,65,20,47,0
aPEAR,87,65,20,48,0
aPEAR,87,65,20,49,0
aPEAR,87,65,20,50,0
aPEAR,87,65,20,51,0
aPEAR,87,65,20,52,0
aPEAR,87,65,20,53,0
aPEAR,87,65,20,54,0
aPEAR,87,65,20,55,0
aPEAR,87,65,20,56,0
aPEAR,87,65,20,57,0
aPEAR,141,66,20,1,0
aPEAR,141,66,20,2,0
aPEAR,141,66,20,3,0
aPEAR,141,66,20,4,0
aPEAR,141,66,20,5,0
aPEAR,141,66,20,6,0
aPEAR,141,66,20,7,0
aPEAR,141,66,20,8,0
aPEAR,141,66,20,9,0
aPEAR,141,66,20,10,0
aPEAR,141,66,20,11,0
aPEAR,141,66,20,12,0
aPEAR,141,66,20,13,0
aPEAR,141,66,20,14,0
aPEAR,141,66,20,15,0
aPEAR,141,66,20,16,0
aPEAR,141,66,20,17,0
aPEAR,141,66,20,18,0
aPEAR,141,66,20,19,0
aPEAR,141,66,20,20,0.2
aPEAR,141,66,20,21,0
aPEAR,141,66,20,22,0
aPEAR,141,66,20,23,0
aPEAR,141,66,20,24,0
aPEAR,141,66,20,25,0
aPEAR,141,66,20,26,0
aPEAR,141,66,20,27,0
aPEAR,141,66,20,28,0
aPEAR,141,66,20,29,0
aPEAR,141,66,20,30,0
aPEAR,141,66,20,31,0
aPEAR,141,66,20,32,0
aPEAR,141,66,20,33,0
aPEAR,141,66,20,34,0
aPEAR,141,66,20,35,0
aPEAR,141,66,20,36,0
aPEAR,141,66,20,37,0
aPEAR,141,66,20,38,0
aPEAR,141,66,20,39,0
aPEAR,141,66,20,40,0
aPEAR,141,66,20,41,0
aPEAR,141,66,20,42,0
aPEAR,141,66,20,43,0
aPEAR,141,66,20,44,0
aPEAR,141,66,20,45,0
aPEAR,141,66,20,46,0
aPEAR,141,66,20,47,0
aPEAR,141,66,20,48,0
aPEAR,141,66,20,49,0
aPEAR,141,66,20,50,0
aPEAR,141,66,20,51,0
aPEAR,141,66,20,52,0
aPEAR,141,66,20,53,0
aPEAR,141,66,20,54,0
aPEAR,141,66,20,55,0
aPEAR,141,66,20,56,0
aPEAR,141,66,20,57,0
aPEAR,1,67,21,1,0
aPEAR,1,67,21,2,0
aPEAR,1,67,21,3,0
aPEAR,1,67,21,4,0
aPEAR,1,67,21,5,0
aPEAR,1,67,21,6,0
aPEAR,1,67,21,7,0
aPEAR,1,67,21,8,0
aPEAR,1,67,21,9,0
aPEAR,1,67,21,10,0
aPEAR,1,67,21,11,0
aPEAR,1,67,21,12,0
aPEAR,1,67,21,13,0
aPEAR,1,67,21,14,0
aPEAR,1,67,21,15,0
aPEAR,1,67,21,16,0
aPEAR,1,67,21,17,0
aPEAR,1,67,21,18,0
aPEAR,1,67,21,19,0
aPEAR,1,67,21,20,0
aPEAR,1,67,21,21,0.6
aPEAR,1,67,21,22,0
aPEAR,1,67,21,23,0
aPEAR,1,67,21,24,0
aPEAR,1,67,21,25,0
aPEAR,1,67,21,26,0
aPEAR,1,67,21,27,0
aPEAR,1,67,21,28,0
aPEAR,1,67,21,29,0
aPEAR,1,67,21,30,0
aPEAR,1,67,21,31,0
aPEAR,1,67,21,32,0
aPEAR,1,67,21,33,0
aPEAR,1,67,21,34,0
aPEAR,1,67,21,35,0
aPEAR,1,67,21,36,0
aPEAR,1,67,21,37,0
aPEAR,1,67,21,38,0
aPEAR,1,67,21,39,0
aPEAR,1,67,21,40,0
aPEAR,1,67,21,41,0
aPEAR,1,67,21,42,0
aPEAR,1,67,21,43,0
aPEAR,1,67,21,44,0
aPEAR,1,67,21,45,0
aPEAR,1,67,21,46,0
aPEAR,1,67,21,47,0
aPEAR,1,67,21,48,0
aPEAR,1,67,21,49,0
aPEAR,1,67,21,50,0
aPEAR,1,67,21,51,0
aPEAR,1,67,21,52,0
aPEAR,1,67,21,53,0
aPEAR,1,67,21,54,0
aPEAR,1,67,21,55,0
aPEAR,1,67,21,56,0
aPEAR,1,67,21,57,0
aPEAR,99,68,22,1,0
aPEAR,99,68,22,2,0
aPEAR,99,68,22,3,0
aPEAR,99,68,22,4,0
aPEAR,99,68,22,5,0
aPEAR,99,68,22,6,0
aPEAR,99,68,22,7,0
aPEAR,99,68,22,8,0
aPEAR,99,68,22,9,0
aPEAR,99,68,22,10,0
aPEAR,99,68,22,11,0
aPEAR,99,68,22,12,0
aPEAR,99,68,22,13,0
aPEAR,99,68,22,14,0
aPEAR,99,68,22,15,0
aPEAR,99,68,22,16,0
aPEAR,99,68,22,17,0
aPEAR,99,68,22,18,0
aPEAR,99,68,22,19,0
aPEAR,99,68,22,20,0
aPEAR,99,68,22,21,0
aPEAR,99,68,22,22,0.25
aPEAR,99,68,22,23,0
aPEAR,99,68,22,24,0
aPEAR,99,68,22,25,0
aPEAR,99,68,22,26,0
aPEAR,99,68,22,27,0
aPEAR,99,68,22,28,0
aPEAR,99,68,22,29,0
aPEAR,99,68,22,30,0
aPEAR,99,68,22,31,0
aPEAR,99,68,22,32,0
aPEAR,99,68,22,33,0
aPEAR,99,68,22,34,0
aPEAR,99,68,22,35,0
aPEAR,99,68,22,36,0
aPEAR,99,68,22,37,0
aPEAR,99,68,22,38,0
aPEAR,99,68,22,39,0
aPEAR,99,68,22,40,0
aPEAR,99,68,22,41,0
aPEAR,99,68,22,42,0
aPEAR,99,68,22,43,0
aPEAR,99,68,22,44,0
aPEAR,99,68,22,45,0
aPEAR,99,68,22,46,0
aPEAR,99,68,22,47,0
aPEAR,99,68,22,48,0
aPEAR,99,68,22,49,0
aPEAR,99,68,22,50,0
aPEAR,99,68,22,51,0
aPEAR,99,68,22,52,0
aPEAR,99,68,22,53,0
aPEAR,99,68,22,54,0
aPEAR,99,68,22,55,0
aPEAR,99,68,22,56,0
aPEAR,99,68,22,57,0
aPEAR,100,69,22,1,0
aPEAR,100,69,22,2,0
aPEAR,100,69,22,3,0
aPEAR,100,69,22,4,0
aPEAR,100,69,22,5,0
aPEAR,100,69,22,6,0
aPEAR,100,69,22,7,0
aPEAR,100,69,22,8,0
aPEAR,100,69,22,9,0
aPEAR,100,69,22,10,0
aPEAR,100,69,22,11,0
aPEAR,100,69,22,12,0
aPEAR,100,69,22,13,0
aPEAR,100,69,22,14,0
aPEAR,100,69,22,15,0
aPEAR,100,69,22,16,0
aPEAR,100,69,22,17,0
aPEAR,100,69,22,18,0
aPEAR,100,69,22,19,0
aPEAR,100,69,22,20,0
aPEAR,100,69,22,21,0
aPEAR,100,69,22,22,0.25
aPEAR,100,69,22,23,0
aPEAR,100,69,22,24,0
aPEAR,100,69,22,25,0
aPEAR,100,69,22,26,0
aPEAR,100,69,22,27,0
aPEAR,100,69,22,28,0
aPEAR,100,69,22,29,0
aPEAR,100,69,22,30,0
aPEAR,100,69,22,31,0
aPEAR,100,69,22,32,0
aPEAR,100,69,22,33,0
aPEAR,100,69,22,34,0
aPEAR,100,69,22,35,0
aPEAR,100,69,22,36,0
aPEAR,100,69,22,37,0
aPEAR,100,69,22,38,0
aPEAR,100,69,22,39,0
aPEAR,100,69,22,40,0
aPEAR,100,69,22,41,0
aPEAR,100,69,22,42,0
aPEAR,100,69,22,43,0
aPEAR,100,69,22,44,0
aPEAR,100,69,22,45,0
aPEAR,100,69,22,46,0
aPEAR,100,69,22,47,0
aPEAR,100,69,22,48,0
aPEAR,100,69,22,49,0
aPEAR,100,69,22,50,0
aPEAR,100,69,22,51,0
aPEAR,100,69,22,52,0
aPEAR,100,69,22,53,0
aPEAR,100,69,22,54,0
aPEAR,100,69,22,55,0
aPEAR,100,69,22,56,0
aPEAR,100,69,22,57,0
aPEAR,101,70,22,1,0
aPEAR,101,70,22,2,0
aPEAR,101,70,22,3,0
aPEAR,101,70,22,4,0
aPEAR,101,70,22,5,0
aPEAR,101,70,22,6,0
aPEAR,101,70,22,7,0
aPEAR,101,70,22,8,0
aPEAR,101,70,22,9,0
aPEAR,101,70,22,10,0
aPEAR,101,70,22,11,0
aPEAR,101,70,22,12,0
aPEAR,101,70,22,13,0
aPEAR,101,70,22,14,0
aPEAR,101,70,22,15,0
aPEAR,101,70,22,16,0
aPEAR,101,70,22,17,0
aPEAR,101,70,22,18,0
aPEAR,101,70,22,19,0
aPEAR,101,70,22,20,0
aPEAR,101,70,22,21,0
aPEAR,101,70,22,22,0.25
aPEAR,101,70,22,23,0
aPEAR,101,70,22,24,0
aPEAR,101,70,22,25,0
aPEAR,101,70,22,26,0
aPEAR,101,70,22,27,0
aPEAR,101,70,22,28,0
aPEAR,101,70,22,29,0
aPEAR,101,70,22,30,0
aPEAR,101,70,22,31,0
aPEAR,101,70,22,32,0
aPEAR,101,70,22,33,0
aPEAR,101,70,22,34,0
aPEAR,101,70,22,35,0
aPEAR,101,70,22,36,0
aPEAR,101,70,22,37,0
aPEAR,101,70,22,38,0
aPEAR,101,70,22,39,0
aPEAR,101,70,22,40,0
aPEAR,101,70,22,41,0
aPEAR,101,70,22,42,0
aPEAR,101,70,22,43,0
aPEAR,101,70,22,44,0
aPEAR,101,70,22,45,0
aPEAR,101,70,22,46,0
aPEAR,101,70,22,47,0
aPEAR,101,70,22,48,0
aPEAR,101,70,22,49,0
aPEAR,101,70,22,50,0
aPEAR,101,70,22,51,0
aPEAR,101,70,22,52,0
aPEAR,101,70,22,53,0
aPEAR,101,70,22,54,0
aPEAR,101,70,22,55,0
aPEAR,101,70,22,56,0
aPEAR,101,70,22,57,0
aPEAR,111,71,22,1,0
aPEAR,111,71,22,2,0
aPEAR,111,71,22,3,0
aPEAR,111,71,22,4,0
aPEAR,111,71,22,5,0
aPEAR,111,71,22,6,0
aPEAR,111,71,22,7,0
aPEAR,111,71,22,8,0
aPEAR,111,71,22,9,0
aPEAR,111,71,22,10,0
aPEAR,111,71,22,11,0
aPEAR,111,71,22,12,0
aPEAR,111,71,22,13,0
aPEAR,111,71,22,14,0
aPEAR,111,71,22,15,0
aPEAR,111,71,22,16,0
aPEAR,111,71,22,17,0
aPEAR,111,71,22,18,0
aPEAR,111,71,22,19,0
aPEAR,111,71,22,20,0
aPEAR,111,71,22,21,0
aPEAR,111,71,22,22,0.25
aPEAR,111,71,22,23,0
aPEAR,111,71,22,24,0
aPEAR,111,71,22,25,0
aPEAR,111,71,22,26,0
aPEAR,111,71,22,27,0
aPEAR,111,71,22,28,0
aPEAR,111,71,22,29,0
aPEAR,111,71,22,30,0
aPEAR,111,71,22,31,0
aPEAR,111,71,22,32,0
aPEAR,111,71,22,33,0
aPEAR,111,71,22,34,0
aPEAR,111,71,22,35,0
aPEAR,111,71,22,36,0
aPEAR,111,71,22,37,0
aPEAR,111,71,22,38,0
aPEAR,111,71,22,39,0
aPEAR,111,71,22,40,0
aPEAR,111,71,22,41,0
aPEAR,111,71,22,42,0
aPEAR,111,71,22,43,0
aPEAR,111,71,22,44,0
aPEAR,111,71,22,45,0
aPEAR,111,71,22,46,0
aPEAR,111,71,22,47,0
aPEAR,111,71,22,48,0
aPEAR,111,71,22,49,0
aPEAR,111,71,22,50,0
aPEAR,111,71,22,51,0
aPEAR,111,71,22,52,0
aPEAR,111,71,22,53,0
aPEAR,111,71,22,54,0
aPEAR,111,71,22,55,0
aPEAR,111,71,22,56,0
aPEAR,111,71,22,57,0
aPEAR,18,72,23,1,0
aPEAR,18,72,23,2,0
aPEAR,18,72,23,3,0
aPEAR,18,72,23,4,0
aPEAR,18,72,23,5,0
aPEAR,18,72,23,6,0
aPEAR,18,72,23,7,0
aPEAR,18,72,23,8,0
aPEAR,18,72,23,9,0
aPEAR,18,72,23,10,0
aPEAR,18,72,23,11,0
aPEAR,18,72,23,12,0
aPEAR,18,72,23,13,0
aPEAR,18,72,23,14,0
aPEAR,18,72,23,15,0
aPEAR,18,72,23,16,0
aPEAR,18,72,23,17,0
aPEAR,18,72,23,18,0
aPEAR,18,72,23,19,0
aPEAR,18,72,23,20,0
aPEAR,18,72,23,21,0
aPEAR,18,72,23,22,0
aPEAR,18,72,23,23,0.2
aPEAR,18,72,23,24,0
aPEAR,18,72,23,25,0
aPEAR,18,72,23,26,0
aPEAR,18,72,23,27,0
aPEAR,18,72,23,28,0
aPEAR,18,72,23,29,0
aPEAR,18,72,23,30,0
aPEAR,18,72,23,31,0
aPEAR,18,72,23,32,0
aPEAR,18,72,23,33,0
aPEAR,18,72,23,34,0
aPEAR,18,72,23,35,0
aPEAR,18,72,23,36,0
aPEAR,18,72,23,37,0
aPEAR,18,72,23,38,0
aPEAR,18,72,23,39,0
aPEAR,18,72,23,40,0
aPEAR,18,72,23,41,0
aPEAR,18,72,23,42,0
aPEAR,18,72,23,43,0
aPEAR,18,72,23,44,0
aPEAR,18,72,23,45,0
aPEAR,18,72,23,46,0
aPEAR,18,72,23,47,0
aPEAR,18,72,23,48,0
aPEAR,18,72,23,49,0
aPEAR,18,72,23,50,0
aPEAR,18,72,23,51,0
aPEAR,18,72,23,52,0
aPEAR,18,72,23,53,0.2
aPEAR,18,72,23,54,0
aPEAR,18,72,23,55,0
aPEAR,18,72,23,56,0
aPEAR,18,72,23,57,0
aPEAR,20,73,23,1,0
aPEAR,20,73,23,2,0
aPEAR,20,73,23,3,0
aPEAR,20,73,23,4,0
aPEAR,20,73,23,5,0
aPEAR,20,73,23,6,0
aPEAR,20,73,23,7,0
aPEAR,20,73,23,8,0
aPEAR,20,73,23,9,0
aPEAR,20,73,23,10,0
aPEAR,20,73,23,11,0
aPEAR,20,73,23,12,0
aPEAR,20,73,23,13,0
aPEAR,20,73,23,14,0
aPEAR,20,73,23,15,0
aPEAR,20,73,23,16,0
aPEAR,20,73,23,17,0
aPEAR,20,73,23,18,0
aPEAR,20,73,23,19,0
aPEAR,20,73,23,20,0
aPEAR,20,73,23,21,0
aPEAR,20,73,23,22,0
aPEAR,20,73,23,23,0.5
aPEAR,20,73,23,24,0
aPEAR,20,73,23,25,0
aPEAR,20,73,23,26,0
aPEAR,20,73,23,27,0
aPEAR,20,73,23,28,0
aPEAR,20,73,23,29,0
aPEAR,20,73,23,30,0
aPEAR,20,73,23,31,0
aPEAR,20,73,23,32,0
aPEAR,20,73,23,33,0
aPEAR,20,73,23,34,0
aPEAR,20,73,23,35,0
aPEAR,20,73,23,36,0
aPEAR,20,73,23,37,0
aPEAR,20,73,23,38,0
aPEAR,20,73,23,39,0
aPEAR,20,73,23,40,0
aPEAR,20,73,23,41,0
aPEAR,20,73,23,42,0
aPEAR,20,73,23,43,0
aPEAR,20,73,23,44,0
aPEAR,20,73,23,45,0
aPEAR,20,73,23,46,0
aPEAR,20,73,23,47,0
aPEAR,20,73,23,48,0
aPEAR,20,73,23,49,0
aPEAR,20,73,23,50,0
aPEAR,20,73,23,51,0
aPEAR,20,73,23,52,0
aPEAR,20,73,23,53,0
aPEAR,20,73,23,54,0
aPEAR,20,73,23,55,0
aPEAR,20,73,23,56,0
aPEAR,20,73,23,57,0
aPEAR,102,74,24,1,0
aPEAR,102,74,24,2,0
aPEAR,102,74,24,3,0
aPEAR,102,74,24,4,0
aPEAR,102,74,24,5,0
aPEAR,102,74,24,6,0
aPEAR,102,74,24,7,0
aPEAR,102,74,24,8,0
aPEAR,102,74,24,9,0
aPEAR,102,74,24,10,0
aPEAR,102,74,24,11,0
aPEAR,102,74,24,12,0
aPEAR,102,74,24,13,0
aPEAR,102,74,24,14,0
aPEAR,102,74,24,15,0
aPEAR,102,74,24,16,0
aPEAR,102,74,24,17,0
aPEAR,102,74,24,18,0
aPEAR,102,74,24,19,0
aPEAR,102,74,24,20,0
aPEAR,102,74,24,21,0
aPEAR,102,74,24,22,0
aPEAR,102,74,24,23,0
aPEAR,102,74,24,24,0.125
aPEAR,102,74,24,25,0
aPEAR,102,74,24,26,0
aPEAR,102,74,24,27,0
aPEAR,102,74,24,28,0
aPEAR,102,74,24,29,0
aPEAR,102,74,24,30,0
aPEAR,102,74,24,31,0
aPEAR,102,74,24,32,0
aPEAR,102,74,24,33,0
aPEAR,102,74,24,34,0
aPEAR,102,74,24,35,0
aPEAR,102,74,24,36,0
aPEAR,102,74,24,37,0
aPEAR,102,74,24,38,0
aPEAR,102,74,24,39,0
aPEAR,102,74,24,40,0
aPEAR,102,74,24,41,0
aPEAR,102,74,24,42,0
aPEAR,102,74,24,43,0
aPEAR,102,74,24,44,0
aPEAR,102,74,24,45,0
aPEAR,102,74,24,46,0
aPEAR,102,74,24,47,0
aPEAR,102,74,24,48,0
aPEAR,102,74,24,49,0
aPEAR,102,74,24,50,0
aPEAR,102,74,24,51,0
aPEAR,102,74,24,52,0
aPEAR,102,74,24,53,0
aPEAR,102,74,24,54,0
aPEAR,102,74,24,55,0
aPEAR,102,74,24,56,0
aPEAR,102,74,24,57,0
aPEAR,158,75,24,1,0
aPEAR,158,75,24,2,0
aPEAR,158,75,24,3,0
aPEAR,158,75,24,4,0
aPEAR,158,75,24,5,0
aPEAR,158,75,24,6,0
aPEAR,158,75,24,7,0
aPEAR,158,75,24,8,0
aPEAR,158,75,24,9,0
aPEAR,158,75,24,10,0
aPEAR,158,75,24,11,0
aPEAR,158,75,24,12,0
aPEAR,158,75,24,13,0
aPEAR,158,75,24,14,0
aPEAR,158,75,24,15,0
aPEAR,158,75,24,16,0
aPEAR,158,75,24,17,0
aPEAR,158,75,24,18,0
aPEAR,158,75,24,19,0
aPEAR,158,75,24,20,0
aPEAR,158,75,24,21,0
aPEAR,158,75,24,22,0
aPEAR,158,75,24,23,0
aPEAR,158,75,24,24,0.125
aPEAR,158,75,24,25,0
aPEAR,158,75,24,26,0
aPEAR,158,75,24,27,0
aPEAR,158,75,24,28,0
aPEAR,158,75,24,29,0
aPEAR,158,75,24,30,0
aPEAR,158,75,24,31,0
aPEAR,158,75,24,32,0
aPEAR,158,75,24,33,0
aPEAR,158,75,24,34,0
aPEAR,158,75,24,35,0
aPEAR,158,75,24,36,0
aPEAR,158,75,24,37,0
aPEAR,158,75,24,38,0
aPEAR,158,75,24,39,0
aPEAR,158,75,24,40,0
aPEAR,158,75,24,41,0
aPEAR,158,75,24,42,0
aPEAR,158,75,24,43,0
aPEAR,158,75,24,44,0
aPEAR,158,75,24,45,0
aPEAR,158,75,24,46,0
aPEAR,158,75,24,47,0
aPEAR,158,75,24,48,0
aPEAR,158,75,24,49,0
aPEAR,158,75,24,50,0
aPEAR,158,75,24,51,0
aPEAR,158,75,24,52,0
aPEAR,158,75,24,53,0
aPEAR,158,75,24,54,0
aPEAR,158,75,24,55,0
aPEAR,158,75,24,56,0
aPEAR,158,75,24,57,0
aPEAR,9,76,25,1,0
aPEAR,9,76,25,2,0
aPEAR,9,76,25,3,0
aPEAR,9,76,25,4,0
aPEAR,9,76,25,5,0
aPEAR,9,76,25,6,0
aPEAR,9,76,25,7,0
aPEAR,9,76,25,8,0
aPEAR,9,76,25,9,0
aPEAR,9,76,25,10,0
aPEAR,9,76,25,11,0
aPEAR,9,76,25,12,0
aPEAR,9,76,25,13,0
aPEAR,9,76,25,14,0
aPEAR,9,76,25,15,0
aPEAR,9,76,25,16,0
aPEAR,9,76,25,17,0
aPEAR,9,76,25,18,0
aPEAR,9,76,25,19,0
aPEAR,9,76,25,20,0
aPEAR,9,76,25,21,0
aPEAR,9,76,25,22,0
aPEAR,9,76,25,23,0
aPEAR,9,76,25,24,0.1111111111111111
aPEAR,9,76,25,25,0.125
aPEAR,9,76,25,26,0
aPEAR,9,76,25,27,0
aPEAR,9,76,25,28,0
aPEAR,9,76,25,29,0
aPEAR,9,76,25,30,0
aPEAR,9,76,25,31,0
aPEAR,9,76,25,32,0
aPEAR,9,76,25,33,0
aPEAR,9,76,25,34,0
aPEAR,9,76,25,35,0
aPEAR,9,76,25,36,0
aPEAR,9,76,25,37,0
aPEAR,9,76,25,38,0
aPEAR,9,76,25,39,0
aPEAR,9,76,25,40,0
aPEAR,9,76,25,41,0
aPEAR,9,76,25,42,0
aPEAR,9,76,25,43,0
aPEAR,9,76,25,44,0
aPEAR,9,76,25,45,0
aPEAR,9,76,25,46,0
aPEAR,9,76,25,47,0
aPEAR,9,76,25,48,0
aPEAR,9,76,25,49,0
aPEAR,9,76,25,50,0
aPEAR,9,76,25,51,0
aPEAR,9,76,25,52,0
aPEAR,9,76,25,53,0
aPEAR,9,76,25,54,0
aPEAR,9,76,25,55,0
aPEAR,9,76,25,56,0
aPEAR,9,76,25,57,0
aPEAR,43,77,25,1,0
aPEAR,43,77,25,2,0
aPEAR,43,77,25,3,0
aPEAR,43,77,25,4,0
aPEAR,43,77,25,5,0
aPEAR,43,77,25,6,0
aPEAR,43,77,25,7,0
aPEAR,43,77,25,8,0
aPEAR,43,77,25,9,0
aPEAR,43,77,25,10,0
aPEAR,43,77,25,11,0
aPEAR,43,77,25,12,0
aPEAR,43,77,25,13,0
aPEAR,43,77,25,14,0
aPEAR,43,77,25,15,0
aPEAR,43,77,25,16,0
aPEAR,43,77,25,17,0
aPEAR,43,77,25,18,0
aPEAR,43,77,25,19,0
aPEAR,43,77,25,20,0
aPEAR,43,77,25,21,0
aPEAR,43,77,25,22,0
aPEAR,43,77,25,23,0
aPEAR,43,77,25,24,0.1111111111111111
aPEAR,43,77,25,25,0.125
aPEAR,43,77,25,26,0
aPEAR,43,77,25,27,0
aPEAR,43,77,25,28,0
aPEAR,43,77,25,29,0
aPEAR,43,77,25,30,0
aPEAR,43,77,25,31,0
aPEAR,43,77,25,32,0
aPEAR,43,77,25,33,0
aPEAR,43,77,25,34,0
aPEAR,43,77,25,35,0
aPEAR,43,77,25,36,0
aPEAR,43,77,25,37,0
aPEAR,43,77,25,38,0
aPEAR,43,77,25,39,0
aPEAR,43,77,25,40,0
aPEAR,43,77,25,41,0
aPEAR,43,77,25,42,0
aPEAR,43,77,25,43,0
aPEAR,43,77,25,44,0
aPEAR,43,77,25,45,0
aPEAR,43,77,25,46,0
aPEAR,43,77,25,47,0
aPEAR,43,77,25,48,0
aPEAR,43,77,25,49,0
aPEAR,43,77,25,50,0
aPEAR,43,77,25,51,0
aPEAR,43,77,25,52,0
aPEAR,43,77,25,53,0
aPEAR,43,77,25,54,0
aPEAR,43,77,25,55,0
aPEAR,43,77,25,56,0
aPEAR,43,77,25,57,0
aPEAR,75,78,25,1,0
aPEAR,75,78,25,2,0
aPEAR,75,78,25,3,0
aPEAR,75,78,25,4,0
aPEAR,75,78,25,5,0
aPEAR,75,78,25,6,0
aPEAR,75,78,25,7,0
aPEAR,75,78,25,8,0
aPEAR,75,78,25,9,0
aPEAR,75,78,25,10,0
aPEAR,75,78,25,11,0
aPEAR,75,78,25,12,0
aPEAR,75,78,25,13,0
aPEAR,75,78,25,14,0
aPEAR,75,78,25,15,0
aPEAR,75,78,25,16,0
aPEAR,75,78,25,17,0
aPEAR,75,78,25,18,0
aPEAR,75,78,25,19,0
aPEAR,75,78,25,20,0
aPEAR,75,78,25,21,0
aPEAR,75,78,25,22,0
aPEAR,75,78,25,23,0
aPEAR,75,78,25,24,0
aPEAR,75,78,25,25,0.2857142857142857
aPEAR,75,78,25,26,0
aPEAR,75,78,25,27,0
aPEAR,75,78,25,28,0
aPEAR,75,78,25,29,0
aPEAR,75,78,25,30,0
aPEAR,75,78,25,31,0
aPEAR,75,78,25,32,0
aPEAR,75,78,25,33,0
aPEAR,75,78,25,34,0
aPEAR,75,78,25,35,0
aPEAR,75,78,25,36,0
aPEAR,75,78,25,37,0
aPEAR,75,78,25,38,0
aPEAR,75,78,25,39,0
aPEAR,75,78,25,40,0
aPEAR,75,78,25,41,0
aPEAR,75,78,25,42,0
aPEAR,75,78,25,43,0
aPEAR,75,78,25,44,0
aPEAR,75,78,25,45,0
aPEAR,75,78,25,46,0
aPEAR,75,78,25,47,0
aPEAR,75,78,25,48,0
aPEAR,75,78,25,49,0
aPEAR,75,78,25,50,0
aPEAR,75,78,25,51,0
aPEAR,75,78,25,52,0
aPEAR,75,78,25,53,0
aPEAR,75,78,25,54,0
aPEAR,75,78,25,55,0
aPEAR,75,78,25,56,0
aPEAR,75,78,25,57,0
aPEAR,128,79,25,1,0
aPEAR,128,79,25,2,0
aPEAR,128,79,25,3,0
aPEAR,128,79,25,4,0
aPEAR,128,79,25,5,0
aPEAR,128,79,25,6,0
aPEAR,128,79,25,7,0
aPEAR,128,79,25,8,0
aPEAR,128,79,25,9,0
aPEAR,128,79,25,10,0
aPEAR,128,79,25,11,0
aPEAR,128,79,25,12,0
aPEAR,128,79,25,13,0
aPEAR,128,79,25,14,0
aPEAR,128,79,25,15,0
aPEAR,128,79,25,16,0
aPEAR,128,79,25,17,0
aPEAR,128,79,25,18,0
aPEAR,128,79,25,19,0
aPEAR,128,79,25,20,0
aPEAR,128,79,25,21,0
aPEAR,128,79,25,22,0
aPEAR,128,79,25,23,0
aPEAR,128,79,25,24,0
aPEAR,128,79,25,25,0.14285714285714285
aPEAR,128,79,25,26,0
aPEAR,128,79,25,27,0
aPEAR,128,79,25,28,0
aPEAR,128,79,25,29,0
aPEAR,128,79,25,30,0
aPEAR,128,79,25,31,0
aPEAR,128,79,25,32,0
aPEAR,128,79,25,33,0
aPEAR,128,79,25,34,0
aPEAR,128,79,25,35,0
aPEAR,128,79,25,36,0
aPEAR,128,79,25,37,0
aPEAR,128,79,25,38,0
aPEAR,128,79,25,39,0
aPEAR,128,79,25,40,0
aPEAR,128,79,25,41,0
aPEAR,128,79,25,42,0
aPEAR,128,79,25,43,0
aPEAR,128,79,25,44,0
aPEAR,128,79,25,45,0
aPEAR,128,79,25,46,0
aPEAR,128,79,25,47,0
aPEAR,128,79,25,48,0
aPEAR,128,79,25,49,0
aPEAR,128,79,25,50,0
aPEAR,128,79,25,51,0
aPEAR,128,79,25,52,0
aPEAR,128,79,25,53,0
aPEAR,128,79,25,54,0
aPEAR,128,79,25,55,0
aPEAR,128,79,25,56,0
aPEAR,128,79,25,57,0
aPEAR,64,80,26,1,0
aPEAR,64,80,26,2,0
aPEAR,64,80,26,3,0
aPEAR,64,80,26,4,0
aPEAR,64,80,26,5,0
aPEAR,64,80,26,6,0
aPEAR,64,80,26,7,0
aPEAR,64,80,26,8,0
aPEAR,64,80,26,9,0
aPEAR,64,80,26,10,0
aPEAR,64,80,26,11,0
aPEAR,64,80,26,12,0
aPEAR,64,80,26,13,0
aPEAR,64,80,26,14,0
aPEAR,64,80,26,15,0
aPEAR,64,80,26,16,0
aPEAR,64,80,26,17,0
aPEAR,64,80,26,18,0
aPEAR,64,80,26,19,0
aPEAR,64,80,26,20,0
aPEAR,64,80,26,21,0
aPEAR,64,80,26,22,0
aPEAR,64,80,26,23,0
aPEAR,64,80,26,24,0
aPEAR,64,80,26,25,0
aPEAR,64,80,26,26,0.2
aPEAR,64,80,26,27,0
aPEAR,64,80,26,28,0
aPEAR,64,80,26,29,0
aPEAR,64,80,26,30,0
aPEAR,64,80,26,31,0
aPEAR,64,80,26,32,0
aPEAR,64,80,26,33,0
aPEAR,64,80,26,34,0
aPEAR,64,80,26,35,0
aPEAR,64,80,26,36,0
aPEAR,64,80,26,37,0
aPEAR,64,80,26,38,0
aPEAR,64,80,26,39,0
aPEAR,64,80,26,40,0
aPEAR,64,80,26,41,0
aPEAR,64,80,26,42,0
aPEAR,64,80,26,43,0
aPEAR,64,80,26,44,0
aPEAR,64,80,26,45,0
aPEAR,64,80,26,46,0
aPEAR,64,80,26,47,0.16666666666666666
aPEAR,64,80,26,48,0
aPEAR,64,80,26,49,0
aPEAR,64,80,26,50,0
aPEAR,64,80,26,51,0
aPEAR,64,80,26,52,0
aPEAR,64,80,26,53,0
aPEAR,64,80,26,54,0
aPEAR,64,80,26,55,0
aPEAR,64,80,26,56,0
aPEAR,64,80,26,57,0
aPEAR,74,81,26,1,0
aPEAR,74,81,26,2,0
aPEAR,74,81,26,3,0
aPEAR,74,81,26,4,0
aPEAR,74,81,26,5,0
aPEAR,74,81,26,6,0
aPEAR,74,81,26,7,0
aPEAR,74,81,26,8,0
aPEAR,74,81,26,9,0
aPEAR,74,81,26,10,0
aPEAR,74,81,26,11,0
aPEAR,74,81,26,12,0
aPEAR,74,81,26,13,0
aPEAR,74,81,26,14,0
aPEAR,74,81,26,15,0
aPEAR,74,81,26,16,0
aPEAR,74,81,26,17,0
aPEAR,74,81,26,18,0
aPEAR,74,81,26,19,0
aPEAR,74,81,26,20,0
aPEAR,74,81,26,21,0
aPEAR,74,81,26,22,0
aPEAR,74,81,26,23,0
aPEAR,74,81,26,24,0
aPEAR,74,81,26,25,0
aPEAR,74,81,26,26,0.2
aPEAR,74,81,26,27,0
aPEAR,74,81,26,28,0
aPEAR,74,81,26,29,0
aPEAR,74,81,26,30,0
aPEAR,74,81,26,31,0
aPEAR,74,81,26,32,0
aPEAR,74,81,26,33,0
aPEAR,74,81,26,34,0
aPEAR,74,81,26,35,0
aPEAR,74,81,26,36,0
aPEAR,74,81,26,37,0
aPEAR,74,81,26,38,0
aPEAR,74,81,26,39,0
aPEAR,74,81,26,40,0
aPEAR,74,81,26,41,0
aPEAR,74,81,26,42,0
aPEAR,74,81,26,43,0
aPEAR,74,81,26,44,0
aPEAR,74,81,26,45,0
aPEAR,74,81,26,46,0
aPEAR,74,81,26,47,0
aPEAR,74,81,26,48,0
aPEAR,74,81,26,49,0
aPEAR,74,81,26,50,0
aPEAR,74,81,26,51,0
aPEAR,74,81,26,52,0
aPEAR,74,81,26,53,0
aPEAR,74,81,26,54,0
aPEAR,74,81,26,55,0
aPEAR,74,81,26,56,0.1111111111111111
aPEAR,74,81,26,57,0
aPEAR,94,82,26,1,0
aPEAR,94,82,26,2,0
aPEAR,94,82,26,3,0
aPEAR,94,82,26,4,0
aPEAR,94,82,26,5,0
aPEAR,94,82,26,6,0
aPEAR,94,82,26,7,0
aPEAR,94,82,26,8,0
aPEAR,94,82,26,9,0
aPEAR,94,82,26,10,0
aPEAR,94,82,26,11,0
aPEAR,94,82,26,12,0
aPEAR,94,82,26,13,0
aPEAR,94,82,26,14,0
aPEAR,94,82,26,15,0
aPEAR,94,82,26,16,0
aPEAR,94,82,26,17,0
aPEAR,94,82,26,18,0
aPEAR,94,82,26,19,0
aPEAR,94,82,26,20,0
aPEAR,94,82,26,21,0
aPEAR,94,82,26,22,0
aPEAR,94,82,26,23,0
aPEAR,94,82,26,24,0
aPEAR,94,82,26,25,0
aPEAR,94,82,26,26,0.2
aPEAR,94,82,26,27,0
aPEAR,94,82,26,28,0
aPEAR,94,82,26,29,0
aPEAR,94,82,26,30,0
aPEAR,94,82,26,31,0
aPEAR,94,82,26,32,0
aPEAR,94,82,26,33,0
aPEAR,94,82,26,34,0
aPEAR,94,82,26,35,0
aPEAR,94,82,26,36,0
aPEAR,94,82,26,37,0
aPEAR,94,82,26,38,0
aPEAR,94,82,26,39,0
aPEAR,94,82,26,40,0
aPEAR,94,82,26,41,0
aPEAR,94,82,26,42,0
aPEAR,94,82,26,43,0
aPEAR,94,82,26,44,0
aPEAR,94,82,26,45,0
aPEAR,94,82,26,46,0
aPEAR,94,82,26,47,0
aPEAR,94,82,26,48,0
aPEAR,94,82,26,49,0
aPEAR,94,82,26,50,0
aPEAR,94,82,26,51,0
aPEAR,94,82,26,52,0
aPEAR,94,82,26,53,0
aPEAR,94,82,26,54,0
aPEAR,94,82,26,55,0.16666666666666666
aPEAR,94,82,26,56,0
aPEAR,94,82,26,57,0
aPEAR,165,83,26,1,0
aPEAR,165,83,26,2,0
aPEAR,165,83,26,3,0
aPEAR,165,83,26,4,0
aPEAR,165,83,26,5,0
aPEAR,165,83,26,6,0
aPEAR,165,83,26,7,0
aPEAR,165,83,26,8,0
aPEAR,165,83,26,9,0
aPEAR,165,83,26,10,0
aPEAR,165,83,26,11,0
aPEAR,165,83,26,12,0
aPEAR,165,83,26,13,0
aPEAR,165,83,26,14,0
aPEAR,165,83,26,15,0
aPEAR,165,83,26,16,0
aPEAR,165,83,26,17,0
aPEAR,165,83,26,18,0
aPEAR,165,83,26,19,0
aPEAR,165,83,26,20,0
aPEAR,165,83,26,21,0
aPEAR,165,83,26,22,0
aPEAR,165,83,26,23,0
aPEAR,165,83,26,24,0
aPEAR,165,83,26,25,0
aPEAR,165,83,26,26,0.25
aPEAR,165,83,26,27,0
aPEAR,165,83,26,28,0
aPEAR,165,83,26,29,0
aPEAR,165,83,26,30,0
aPEAR,165,83,26,31,0
aPEAR,165,83,26,32,0
aPEAR,165,83,26,33,0
aPEAR,165,83,26,34,0
aPEAR,165,83,26,35,0
aPEAR,165,83,26,36,0
aPEAR,165,83,26,37,0
aPEAR,165,83,26,38,0
aPEAR,165,83,26,39,0
aPEAR,165,83,26,40,0
aPEAR,165,83,26,41,0
aPEAR,165,83,26,42,0
aPEAR,165,83,26,43,0
aPEAR,165,83,26,44,0
aPEAR,165,83,26,45,0
aPEAR,165,83,26,46,0
aPEAR,165,83,26,47,0
aPEAR,165,83,26,48,0
aPEAR,165,83,26,49,0
aPEAR,165,83,26,50,0
aPEAR,165,83,26,51,0
aPEAR,165,83,26,52,0
aPEAR,165,83,26,53,0
aPEAR,165,83,26,54,0
aPEAR,165,83,26,55,0
aPEAR,165,83,26,56,0
aPEAR,165,83,26,57,0
aPEAR,22,84,27,1,0
aPEAR,22,84,27,2,0
aPEAR,22,84,27,3,0
aPEAR,22,84,27,4,0
aPEAR,22,84,27,5,0
aPEAR,22,84,27,6,0
aPEAR,22,84,27,7,0
aPEAR,22,84,27,8,0
aPEAR,22,84,27,9,0
aPEAR,22,84,27,10,0
aPEAR,22,84,27,11,0
aPEAR,22,84,27,12,0
aPEAR,22,84,27,13,0
aPEAR,22,84,27,14,0
aPEAR,22,84,27,15,0
aPEAR,22,84,27,16,0
aPEAR,22,84,27,17,0
aPEAR,22,84,27,18,0
aPEAR,22,84,27,19,0
aPEAR,22,84,27,20,0
aPEAR,22,84,27,21,0
aPEAR,22,84,27,22,0
aPEAR,22,84,27,23,0
aPEAR,22,84,27,24,0
aPEAR,22,84,27,25,0
aPEAR,22,84,27,26,0
aPEAR,22,84,27,27,0.3333333333333333
aPEAR,22,84,27,28,0.14285714285714285
aPEAR,22,84,27,29,0
aPEAR,22,84,27,30,0
aPEAR,22,84,27,31,0
aPEAR,22,84,27,32,0
aPEAR,22,84,27,33,0
aPEAR,22,84,27,34,0
aPEAR,22,84,27,35,0
aPEAR,22,84,27,36,0
aPEAR,22,84,27,37,0
aPEAR,22,84,27,38,0
aPEAR,22,84,27,39,0
aPEAR,22,84,27,40,0
aPEAR,22,84,27,41,0
aPEAR,22,84,27,42,0
aPEAR,22,84,27,43,0
aPEAR,22,84,27,44,0
aPEAR,22,84,27,45,0
aPEAR,22,84,27,46,0
aPEAR,22,84,27,47,0
aPEAR,22,84,27,48,0
aPEAR,22,84,27,49,0
aPEAR,22,84,27,50,0
aPEAR,22,84,27,51,0
aPEAR,22,84,27,52,0
aPEAR,22,84,27,53,0
aPEAR,22,84,27,54,0
aPEAR,22,84,27,55,0
aPEAR,22,84,27,56,0
aPEAR,22,84,27,57,0
aPEAR,66,85,27,1,0
aPEAR,66,85,27,2,0
aPEAR,66,85,27,3,0
aPEAR,66,85,27,4,0
aPEAR,66,85,27,5,0
aPEAR,66,85,27,6,0
aPEAR,66,85,27,7,0
aPEAR,66,85,27,8,0
aPEAR,66,85,27,9,0
aPEAR,66,85,27,10,0
aPEAR,66,85,27,11,0
aPEAR,66,85,27,12,0
aPEAR,66,85,27,13,0
aPEAR,66,85,27,14,0
aPEAR,66,85,27,15,0
aPEAR,66,85,27,16,0
aPEAR,66,85,27,17,0
aPEAR,66,85,27,18,0
aPEAR,66,85,27,19,0
aPEAR,66,85,27,20,0
aPEAR,66,85,27,21,0
aPEAR,66,85,27,22,0
aPEAR,66,85,27,23,0
aPEAR,66,85,27,24,0
aPEAR,66,85,27,25,0
aPEAR,66,85,27,26,0
aPEAR,66,85,27,27,0.14285714285714285
aPEAR,66,85,27,28,0
aPEAR,66,85,27,29,0
aPEAR,66,85,27,30,0
aPEAR,66,85,27,31,0
aPEAR,66,85,27,32,0
aPEAR,66,85,27,33,0
aPEAR,66,85,27,34,0
aPEAR,66,85,27,35,0
aPEAR,66,85,27,36,0
aPEAR,66,85,27,37,0
aPEAR,66,85,27,38,0
aPEAR,66,85,27,39,0
aPEAR,66,85,27,40,0
aPEAR,66,85,27,41,0
aPEAR,66,85,27,42,0
aPEAR,66,85,27,43,0
aPEAR,66,85,27,44,0.1111111111111111
aPEAR,66,85,27,45,0
aPEAR,66,85,27,46,0
aPEAR,66,85,27,47,0
aPEAR,66,85,27,48,0
aPEAR,66,85,27,49,0
aPEAR,66,85,27,50,0
aPEAR,66,85,27,51,0
aPEAR,66,85,27,52,0
aPEAR,66,85,27,53,0
aPEAR,66,85,27,54,0
aPEAR,66,85,27,55,0
aPEAR,66,85,27,56,0.1
aPEAR,66,85,27,57,0
aPEAR,130,86,27,1,0
aPEAR,130,86,27,2,0
aPEAR,130,86,27,3,0
aPEAR,130,86,27,4,0
aPEAR,130,86,27,5,0
aPEAR,130,86,27,6,0
aPEAR,130,86,27,7,0
aPEAR,130,86,27,8,0
aPEAR,130,86,27,9,0
aPEAR,130,86,27,10,0
aPEAR,130,86,27,11,0
aPEAR,130,86,27,12,0
aPEAR,130,86,27,13,0
aPEAR,130,86,27,14,0
aPEAR,130,86,27,15,0
aPEAR,130,86,27,16,0
aPEAR,130,86,27,17,0
aPEAR,130,86,27,18,0
aPEAR,130,86,27,19,0
aPEAR,130,86,27,20,0
aPEAR,130,86,27,21,0
aPEAR,130,86,27,22,0
aPEAR,130,86,27,23,0
aPEAR,130,86,27,24,0
aPEAR,130,86,27,25,0
aPEAR,130,86,27,26,0
aPEAR,130,86,27,27,0.2
aPEAR,130,86,27,28,0
aPEAR,130,86,27,29,0
aPEAR,130,86,27,30,0
aPEAR,130,86,27,31,0
aPEAR,130,86,27,32,0
aPEAR,130,86,27,33,0
aPEAR,130,86,27,34,0
aPEAR,130,86,27,35,0
aPEAR,130,86,27,36,0
aPEAR,130,86,27,37,0
aPEAR,130,86,27,38,0
aPEAR,130,86,27,39,0
aPEAR,130,86,27,40,0
aPEAR,130,86,27,41,0
aPEAR,130,86,27,42,0
aPEAR,130,86,27,43,0
aPEAR,130,86,27,44,0
aPEAR,130,86,27,45,0
aPEAR,130,86,27,46,0
aPEAR,130,86,27,47,0
aPEAR,130,86,27,48,0
aPEAR,130,86,27,49,0
aPEAR,130,86,27,50,0
aPEAR,130,86,27,51,0
aPEAR,130,86,27,52,0
aPEAR,130,86,27,53,0
aPEAR,130,86,27,54,0
aPEAR,130,86,27,55,0
aPEAR,130,86,27,56,0
aPEAR,130,86,27,57,0
aPEAR,86,87,28,1,0
aPEAR,86,87,28,2,0
aPEAR,86,87,28,3,0
aPEAR,86,87,28,4,0
aPEAR,86,87,28,5,0
aPEAR,86,87,28,6,0
aPEAR,86,87,28,7,0
aPEAR,86,87,28,8,0
aPEAR,86,87,28,9,0
aPEAR,86,87,28,10,0
aPEAR,86,87,28,11,0
aPEAR,86,87,28,12,0
aPEAR,86,87,28,13,0
aPEAR,86,87,28,14,0
aPEAR,86,87,28,15,0
aPEAR,86,87,28,16,0
aPEAR,86,87,28,17,0
aPEAR,86,87,28,18,0
aPEAR,86,87,28,19,0
aPEAR,86,87,28,20,0
aPEAR,86,87,28,21,0
aPEAR,86,87,28,22,0
aPEAR,86,87,28,23,0
aPEAR,86,87,28,24,0
aPEAR,86,87,28,25,0
aPEAR,86,87,28,26,0
aPEAR,86,87,28,27,0
aPEAR,86,87,28,28,0.4
aPEAR,86,87,28,29,0
aPEAR,86,87,28,30,0
aPEAR,86,87,28,31,0
aPEAR,86,87,28,32,0
aPEAR,86,87,28,33,0
aPEAR,86,87,28,34,0
aPEAR,86,87,28,35,0
aPEAR,86,87,28,36,0
aPEAR,86,87,28,37,0
aPEAR,86,87,28,38,0
aPEAR,86,87,28,39,0
aPEAR,86,87,28,40,0
aPEAR,86,87,28,41,0
aPEAR,86,87,28,42,0
aPEAR,86,87,28,43,0
aPEAR,86,87,28,44,0
aPEAR,86,87,28,45,0
aPEAR,86,87,28,46,0
aPEAR,86,87,28,47,0
aPEAR,86,87,28,48,0
aPEAR,86,87,28,49,0
aPEAR,86,87,28,50,0
aPEAR,86,87,28,51,0
aPEAR,86,87,28,52,0
aPEAR,86,87,28,53,0
aPEAR,86,87,28,54,0
aPEAR,86,87,28,55,0
aPEAR,86,87,28,56,0
aPEAR,86,87,28,57,0
aPEAR,85,88,29,1,0
aPEAR,85,88,29,2,0
aPEAR,85,88,29,3,0
aPEAR,85,88,29,4,0
aPEAR,85,88,29,5,0
aPEAR,85,88,29,6,0
aPEAR,85,88,29,7,0
aPEAR,85,88,29,8,0
aPEAR,85,88,29,9,0
aPEAR,85,88,29,10,0
aPEAR,85,88,29,11,0
aPEAR,85,88,29,12,0
aPEAR,85,88,29,13,0
aPEAR,85,88,29,14,0
aPEAR,85,88,29,15,0
aPEAR,85,88,29,16,0
aPEAR,85,88,29,17,0
aPEAR,85,88,29,18,0
aPEAR,85,88,29,19,0
aPEAR,85,88,29,20,0
aPEAR,85,88,29,21,0
aPEAR,85,88,29,22,0
aPEAR,85,88,29,23,0
aPEAR,85,88,29,24,0
aPEAR,85,88,29,25,0
aPEAR,85,88,29,26,0
aPEAR,85,88,29,27,0
aPEAR,85,88,29,28,0.16666666666666666
aPEAR,85,88,29,29,0.2
aPEAR,85,88,29,30,0
aPEAR,85,88,29,31,0
aPEAR,85,88,29,32,0
aPEAR,85,88,29,33,0
aPEAR,85,88,29,34,0
aPEAR,85,88,29,35,0
aPEAR,85,88,29,36,0
aPEAR,85,88,29,37,0
aPEAR,85,88,29,38,0
aPEAR,85,88,29,39,0
aPEAR,85,88,29,40,0
aPEAR,85,88,29,41,0
aPEAR,85,88,29,42,0
aPEAR,85,88,29,43,0
aPEAR,85,88,29,44,0
aPEAR,85,88,29,45,0
aPEAR,85,88,29,46,0
aPEAR,85,88,29,47,0
aPEAR,85,88,29,48,0
aPEAR,85,88,29,49,0
aPEAR,85,88,29,50,0
aPEAR,85,88,29,51,0
aPEAR,85,88,29,52,0
aPEAR,85,88,29,53,0
aPEAR,85,88,29,54,0
aPEAR,85,88,29,55,0
aPEAR,85,88,29,56,0
aPEAR,85,88,29,57,0
aPEAR,122,89,29,1,0
aPEAR,122,89,29,2,0
aPEAR,122,89,29,3,0
aPEAR,122,89,29,4,0
aPEAR,122,89,29,5,0
aPEAR,122,89,29,6,0
aPEAR,122,89,29,7,0
aPEAR,122,89,29,8,0
aPEAR,122,89,29,9,0
aPEAR,122,89,29,10,0
aPEAR,122,89,29,11,0
aPEAR,122,89,29,12,0
aPEAR,122,89,29,13,0
aPEAR,122,89,29,14,0
aPEAR,122,89,29,15,0
aPEAR,122,89,29,16,0
aPEAR,122,89,29,17,0
aPEAR,122,89,29,18,0
aPEAR,122,89,29,19,0
aPEAR,122,89,29,20,0
aPEAR,122,89,29,21,0
aPEAR,122,89,29,22,0
aPEAR,122,89,29,23,0
aPEAR,122,89,29,24,0
aPEAR,122,89,29,25,0
aPEAR,122,89,29,26,0
aPEAR,122,89,29,27,0
aPEAR,122,89,29,28,0
aPEAR,122,89,29,29,0.25
aPEAR,122,89,29,30,0
aPEAR,122,89,29,31,0
aPEAR,122,89,29,32,0
aPEAR,122,89,29,33,0
aPEAR,122,89,29,34,0
aPEAR,122,89,29,35,0
aPEAR,122,89,29,36,0
aPEAR,122,89,29,37,0
aPEAR,122,89,29,38,0
aPEAR,122,89,29,39,0
aPEAR,122,89,29,40,0
aPEAR,122,89,29,41,0
aPEAR,122,89,29,42,0
aPEAR,122,89,29,43,0
aPEAR,122,89,29,44,0
aPEAR,122,89,29,45,0
aPEAR,122,89,29,46,0
aPEAR,122,89,29,47,0
aPEAR,122,89,29,48,0
aPEAR,122,89,29,49,0
aPEAR,122,89,29,50,0
aPEAR,122,89,29,51,0
aPEAR,122,89,29,52,0
aPEAR,122,89,29,53,0
aPEAR,122,89,29,54,0
aPEAR,122,89,29,55,0
aPEAR,122,89,29,56,0
aPEAR,122,89,29,57,0
aPEAR,145,90,29,1,0
aPEAR,145,90,29,2,0
aPEAR,145,90,29,3,0
aPEAR,145,90,29,4,0
aPEAR,145,90,29,5,0
aPEAR,145,90,29,6,0
aPEAR,145,90,29,7,0
aPEAR,145,90,29,8,0
aPEAR,145,90,29,9,0
aPEAR,145,90,29,10,0
aPEAR,145,90,29,11,0
aPEAR,145,90,29,12,0
aPEAR,145,90,29,13,0
aPEAR,145,90,29,14,0
aPEAR,145,90,29,15,0
aPEAR,145,90,29,16,0
aPEAR,145,90,29,17,0
aPEAR,145,90,29,18,0
aPEAR,145,90,29,19,0
aPEAR,145,90,29,20,0
aPEAR,145,90,29,21,0
aPEAR,145,90,29,22,0
aPEAR,145,90,29,23,0
aPEAR,145,90,29,24,0
aPEAR,145,90,29,25,0
aPEAR,145,90,29,26,0
aPEAR,145,90,29,27,0
aPEAR,145,90,29,28,0
aPEAR,145,90,29,29,0.25
aPEAR,145,90,29,30,0
aPEAR,145,90,29,31,0
aPEAR,145,90,29,32,0
aPEAR,145,90,29,33,0
aPEAR,145,90,29,34,0
aPEAR,145,90,29,35,0
aPEAR,145,90,29,36,0
aPEAR,145,90,29,37,0
aPEAR,145,90,29,38,0
aPEAR,145,90,29,39,0
aPEAR,145,90,29,40,0
aPEAR,145,90,29,41,0
aPEAR,145,90,29,42,0
aPEAR,145,90,29,43,0
aPEAR,145,90,29,44,0
aPEAR,145,90,29,45,0
aPEAR,145,90,29,46,0
aPEAR,145,90,29,47,0
aPEAR,145,90,29,48,0
aPEAR,145,90,29,49,0
aPEAR,145,90,29,50,0
aPEAR,145,90,29,51,0
aPEAR,145,90,29,52,0
aPEAR,145,90,29,53,0
aPEAR,145,90,29,54,0
aPEAR,145,90,29,55,0
aPEAR,145,90,29,56,0
aPEAR,145,90,29,57,0
aPEAR,173,91,29,1,0
aPEAR,173,91,29,2,0
aPEAR,173,91,29,3,0
aPEAR,173,91,29,4,0
aPEAR,173,91,29,5,0
aPEAR,173,91,29,6,0
aPEAR,173,91,29,7,0
aPEAR,173,91,29,8,0
aPEAR,173,91,29,9,0
aPEAR,173,91,29,10,0
aPEAR,173,91,29,11,0
aPEAR,173,91,29,12,0
aPEAR,173,91,29,13,0
aPEAR,173,91,29,14,0
aPEAR,173,91,29,15,0
aPEAR,173,91,29,16,0
aPEAR,173,91,29,17,0
aPEAR,173,91,29,18,0
aPEAR,173,91,29,19,0
aPEAR,173,91,29,20,0
aPEAR,173,91,29,21,0
aPEAR,173,91,29,22,0
aPEAR,173,91,29,23,0
aPEAR,173,91,29,24,0
aPEAR,173,91,29,25,0
aPEAR,173,91,29,26,0
aPEAR,173,91,29,27,0
aPEAR,173,91,29,28,0
aPEAR,173,91,29,29,0.25
aPEAR,173,91,29,30,0
aPEAR,173,91,29,31,0
aPEAR,173,91,29,32,0
aPEAR,173,91,29,33,0
aPEAR,173,91,29,34,0
aPEAR,173,91,29,35,0
aPEAR,173,91,29,36,0
aPEAR,173,91,29,37,0
aPEAR,173,91,29,38,0
aPEAR,173,91,29,39,0
aPEAR,173,91,29,40,0
aPEAR,173,91,29,41,0
aPEAR,173,91,29,42,0
aPEAR,173,91,29,43,0
aPEAR,173,91,29,44,0
aPEAR,173,91,29,45,0
aPEAR,173,91,29,46,0
aPEAR,173,91,29,47,0
aPEAR,173,91,29,48,0
aPEAR,173,91,29,49,0
aPEAR,173,91,29,50,0
aPEAR,173,91,29,51,0
aPEAR,173,91,29,52,0
aPEAR,173,91,29,53,0
aPEAR,173,91,29,54,0
aPEAR,173,91,29,55,0
aPEAR,173,91,29,56,0
aPEAR,173,91,29,57,0
aPEAR,37,92,30,1,0
aPEAR,37,92,30,2,0
aPEAR,37,92,30,3,0
aPEAR,37,92,30,4,0
aPEAR,37,92,30,5,0
aPEAR,37,92,30,6,0
aPEAR,37,92,30,7,0
aPEAR,37,92,30,8,0
aPEAR,37,92,30,9,0
aPEAR,37,92,30,10,0.1111111111111111
aPEAR,37,92,30,11,0
aPEAR,37,92,30,12,0
aPEAR,37,92,30,13,0
aPEAR,37,92,30,14,0
aPEAR,37,92,30,15,0
aPEAR,37,92,30,16,0
aPEAR,37,92,30,17,0
aPEAR,37,92,30,18,0
aPEAR,37,92,30,19,0
aPEAR,37,92,30,20,0
aPEAR,37,92,30,21,0
aPEAR,37,92,30,22,0
aPEAR,37,92,30,23,0
aPEAR,37,92,30,24,0
aPEAR,37,92,30,25,0
aPEAR,37,92,30,26,0
aPEAR,37,92,30,27,0
aPEAR,37,92,30,28,0
aPEAR,37,92,30,29,0
aPEAR,37,92,30,30,0.2
aPEAR,37,92,30,31,0
aPEAR,37,92,30,32,0
aPEAR,37,92,30,33,0
aPEAR,37,92,30,34,0
aPEAR,37,92,30,35,0
aPEAR,37,92,30,36,0
aPEAR,37,92,30,37,0
aPEAR,37,92,30,38,0
aPEAR,37,92,30,39,0
aPEAR,37,92,30,40,0
aPEAR,37,92,30,41,0
aPEAR,37,92,30,42,0
aPEAR,37,92,30,43,0
aPEAR,37,92,30,44,0
aPEAR,37,92,30,45,0
aPEAR,37,92,30,46,0
aPEAR,37,92,30,47,0
aPEAR,37,92,30,48,0
aPEAR,37,92,30,49,0
aPEAR,37,92,30,50,0
aPEAR,37,92,30,51,0
aPEAR,37,92,30,52,0
aPEAR,37,92,30,53,0
aPEAR,37,92,30,54,0
aPEAR,37,92,30,55,0
aPEAR,37,92,30,56,0
aPEAR,37,92,30,57,0
aPEAR,82,93,30,1,0
aPEAR,82,93,30,2,0
aPEAR,82,93,30,3,0
aPEAR,82,93,30,4,0
aPEAR,82,93,30,5,0
aPEAR,82,93,30,6,0
aPEAR,82,93,30,7,0
aPEAR,82,93,30,8,0
aPEAR,82,93,30,9,0
aPEAR,82,93,30,10,0
aPEAR,82,93,30,11,0
aPEAR,82,93,30,12,0
aPEAR,82,93,30,13,0
aPEAR,82,93,30,14,0
aPEAR,82,93,30,15,0
aPEAR,82,93,30,16,0
aPEAR,82,93,30,17,0
aPEAR,82,93,30,18,0
aPEAR,82,93,30,19,0
aPEAR,82,93,30,20,0
aPEAR,82,93,30,21,0
aPEAR,82,93,30,22,0
aPEAR,82,93,30,23,0
aPEAR,82,93,30,24,0
aPEAR,82,93,30,25,0
aPEAR,82,93,30,26,0
aPEAR,82,93,30,27,0
aPEAR,82,93,30,28,0
aPEAR,82,93,30,29,0
aPEAR,82,93,30,30,0.5
aPEAR,82,93,30,31,0
aPEAR,82,93,30,32,0
aPEAR,82,93,30,33,0
aPEAR,82,93,30,34,0
aPEAR,82,93,30,35,0
aPEAR,82,93,30,36,0
aPEAR,82,93,30,37,0
aPEAR,82,93,30,38,0
aPEAR,82,93,30,39,0
aPEAR,82,93,30,40,0
aPEAR,82,93,30,41,0
aPEAR,82,93,30,42,0
aPEAR,82,93,30,43,0
aPEAR,82,93,30,44,0
aPEAR,82,93,30,45,0
aPEAR,82,93,30,46,0
aPEAR,82,93,30,47,0
aPEAR,82,93,30,48,0
aPEAR,82,93,30,49,0
aPEAR,82,93,30,50,0
aPEAR,82,93,30,51,0
aPEAR,82,93,30,52,0
aPEAR,82,93,30,53,0
aPEAR,82,93,30,54,0
aPEAR,82,93,30,55,0
aPEAR,82,93,30,56,0
aPEAR,82,93,30,57,0
aPEAR,83,94,31,1,0
aPEAR,83,94,31,2,0
aPEAR,83,94,31,3,0
aPEAR,83,94,31,4,0
aPEAR,83,94,31,5,0
aPEAR,83,94,31,6,0
aPEAR,83,94,31,7,0
aPEAR,83,94,31,8,0
aPEAR,83,94,31,9,0
aPEAR,83,94,31,10,0
aPEAR,83,94,31,11,0
aPEAR,83,94,31,12,0
aPEAR,83,94,31,13,0
aPEAR,83,94,31,14,0
aPEAR,83,94,31,15,0
aPEAR,83,94,31,16,0
aPEAR,83,94,31,17,0
aPEAR,83,94,31,18,0
aPEAR,83,94,31,19,0
aPEAR,83,94,31,20,0
aPEAR,83,94,31,21,0
aPEAR,83,94,31,22,0
aPEAR,83,94,31,23,0
aPEAR,83,94,31,24,0
aPEAR,83,94,31,25,0
aPEAR,83,94,31,26,0
aPEAR,83,94,31,27,0
aPEAR,83,94,31,28,0
aPEAR,83,94,31,29,0
aPEAR,83,94,31,30,0
aPEAR,83,94,31,31,0.3333333333333333
aPEAR,83,94,31,32,0
aPEAR,83,94,31,33,0
aPEAR,83,94,31,34,0
aPEAR,83,94,31,35,0
aPEAR,83,94,31,36,0
aPEAR,83,94,31,37,0
aPEAR,83,94,31,38,0
aPEAR,83,94,31,39,0
aPEAR,83,94,31,40,0
aPEAR,83,94,31,41,0
aPEAR,83,94,31,42,0
aPEAR,83,94,31,43,0
aPEAR,83,94,31,44,0
aPEAR,83,94,31,45,0
aPEAR,83,94,31,46,0
aPEAR,83,94,31,47,0
aPEAR,83,94,31,48,0
aPEAR,83,94,31,49,0
aPEAR,83,94,31,50,0
aPEAR,83,94,31,51,0
aPEAR,83,94,31,52,0
aPEAR,83,94,31,53,0
aPEAR,83,94,31,54,0
aPEAR,83,94,31,55,0
aPEAR,83,94,31,56,0
aPEAR,83,94,31,57,0
aPEAR,106,95,31,1,0
aPEAR,106,95,31,2,0
aPEAR,106,95,31,3,0
aPEAR,106,95,31,4,0
aPEAR,106,95,31,5,0
aPEAR,106,95,31,6,0
aPEAR,106,95,31,7,0
aPEAR,106,95,31,8,0
aPEAR,106,95,31,9,0
aPEAR,106,95,31,10,0
aPEAR,106,95,31,11,0
aPEAR,106,95,31,12,0
aPEAR,106,95,31,13,0
aPEAR,106,95,31,14,0
aPEAR,106,95,31,15,0
aPEAR,106,95,31,16,0
aPEAR,106,95,31,17,0
aPEAR,106,95,31,18,0
aPEAR,106,95,31,19,0
aPEAR,106,95,31,20,0
aPEAR,106,95,31,21,0
aPEAR,106,95,31,22,0
aPEAR,106,95,31,23,0
aPEAR,106,95,31,24,0
aPEAR,106,95,31,25,0
aPEAR,106,95,31,26,0
aPEAR,106,95,31,27,0
aPEAR,106,95,31,28,0
aPEAR,106,95,31,29,0
aPEAR,106,95,31,30,0
aPEAR,106,95,31,31,0.16666666666666666
aPEAR,106,95,31,32,0
aPEAR,106,95,31,33,0
aPEAR,106,95,31,34,0
aPEAR,106,95,31,35,0
aPEAR,106,95,31,36,0
aPEAR,106,95,31,37,0
aPEAR,106,95,31,38,0
aPEAR,106,95,31,39,0
aPEAR,106,95,31,40,0
aPEAR,106,95,31,41,0
aPEAR,106,95,31,42,0
aPEAR,106,95,31,43,0
aPEAR,106,95,31,44,0
aPEAR,106,95,31,45,0
aPEAR,106,95,31,46,0
aPEAR,106,95,31,47,0
aPEAR,106,95,31,48,0
aPEAR,106,95,31,49,0
aPEAR,106,95,31,50,0
aPEAR,106,95,31,51,0
aPEAR,106,95,31,52,0
aPEAR,106,95,31,53,0
aPEAR,106,95,31,54,0
aPEAR,106,95,31,55,0
aPEAR,106,95,31,56,0
aPEAR,106,95,31,57,0
aPEAR,107,96,31,1,0
aPEAR,107,96,31,2,0
aPEAR,107,96,31,3,0
aPEAR,107,96,31,4,0
aPEAR,107,96,31,5,0
aPEAR,107,96,31,6,0
aPEAR,107,96,31,7,0
aPEAR,107,96,31,8,0
aPEAR,107,96,31,9,0
aPEAR,107,96,31,10,0
aPEAR,107,96,31,11,0
aPEAR,107,96,31,12,0
aPEAR,107,96,31,13,0
aPEAR,107,96,31,14,0
aPEAR,107,96,31,15,0
aPEAR,107,96,31,16,0
aPEAR,107,96,31,17,0
aPEAR,107,96,31,18,0
aPEAR,107,96,31,19,0
aPEAR,107,96,31,20,0
aPEAR,107,96,31,21,0
aPEAR,107,96,31,22,0
aPEAR,107,96,31,23,0
aPEAR,107,96,31,24,0
aPEAR,107,96,31,25,0
aPEAR,107,96,31,26,0
aPEAR,107,96,31,27,0
aPEAR,107,96,31,28,0
aPEAR,107,96,31,29,0
aPEAR,107,96,31,30,0
aPEAR,107,96,31,31,0.16666666666666666
aPEAR,107,96,31,32,0
aPEAR,107,96,31,33,0
aPEAR,107,96,31,34,0
aPEAR,107,96,31,35,0
aPEAR,107,96,31,36,0
aPEAR,107,96,31,37,0
aPEAR,107,96,31,38,0
aPEAR,107,96,31,39,0
aPEAR,107,96,31,40,0
aPEAR,107,96,31,41,0
aPEAR,107,96,31,42,0
aPEAR,107,96,31,43,0
aPEAR,107,96,31,44,0
aPEAR,107,96,31,45,0
aPEAR,107,96,31,46,0
aPEAR,107,96,31,47,0
aPEAR,107,96,31,48,0
aPEAR,107,96,31,49,0
aPEAR,107,96,31,50,0
aPEAR,107,96,31,51,0
aPEAR,107,96,31,52,0
aPEAR,107,96,31,53,0
aPEAR,107,96,31,54,0
aPEAR,107,96,31,55,0
aPEAR,107,96,31,56,0
aPEAR,107,96,31,57,0
aPEAR,162,97,31,1,0
aPEAR,162,97,31,2,0
aPEAR,162,97,31,3,0
aPEAR,162,97,31,4,0
aPEAR,162,97,31,5,0
aPEAR,162,97,31,6,0
aPEAR,162,97,31,7,0
aPEAR,162,97,31,8,0
aPEAR,162,97,31,9,0
aPEAR,162,97,31,10,0
aPEAR,162,97,31,11,0
aPEAR,162,97,31,12,0
aPEAR,162,97,31,13,0
aPEAR,162,97,31,14,0
aPEAR,162,97,31,15,0
aPEAR,162,97,31,16,0
aPEAR,162,97,31,17,0
aPEAR,162,97,31,18,0
aPEAR,162,97,31,19,0
aPEAR,162,97,31,20,0
aPEAR,162,97,31,21,0
aPEAR,162,97,31,22,0
aPEAR,162,97,31,23,0
aPEAR,162,97,31,24,0
aPEAR,162,97,31,25,0
aPEAR,162,97,31,26,0
aPEAR,162,97,31,27,0
aPEAR,162,97,31,28,0
aPEAR,162,97,31,29,0
aPEAR,162,97,31,30,0
aPEAR,162,97,31,31,0.16666666666666666
aPEAR,162,97,31,32,0
aPEAR,162,97,31,33,0
aPEAR,162,97,31,34,0
aPEAR,162,97,31,35,0
aPEAR,162,97,31,36,0
aPEAR,162,97,31,37,0
aPEAR,162,97,31,38,0
aPEAR,162,97,31,39,0
aPEAR,162,97,31,40,0
aPEAR,162,97,31,41,0
aPEAR,162,97,31,42,0
aPEAR,162,97,31,43,0
aPEAR,162,97,31,44,0
aPEAR,162,97,31,45,0
aPEAR,162,97,31,46,0
aPEAR,162,97,31,47,0
aPEAR,162,97,31,48,0
aPEAR,162,97,31,49,0
aPEAR,162,97,31,50,0
aPEAR,162,97,31,51,0
aPEAR,162,97,31,52,0
aPEAR,162,97,31,53,0
aPEAR,162,97,31,54,0
aPEAR,162,97,31,55,0
aPEAR,162,97,31,56,0
aPEAR,162,97,31,57,0
aPEAR,170,98,31,1,0
aPEAR,170,98,31,2,0
aPEAR,170,98,31,3,0
aPEAR,170,98,31,4,0
aPEAR,170,98,31,5,0
aPEAR,170,98,31,6,0
aPEAR,170,98,31,7,0
aPEAR,170,98,31,8,0
aPEAR,170,98,31,9,0
aPEAR,170,98,31,10,0
aPEAR,170,98,31,11,0
aPEAR,170,98,31,12,0
aPEAR,170,98,31,13,0
aPEAR,170,98,31,14,0
aPEAR,170,98,31,15,0
aPEAR,170,98,31,16,0
aPEAR,170,98,31,17,0
aPEAR,170,98,31,18,0
aPEAR,170,98,31,19,0
aPEAR,170,98,31,20,0
aPEAR,170,98,31,21,0
aPEAR,170,98,31,22,0
aPEAR,170,98,31,23,0
aPEAR,170,98,31,24,0
aPEAR,170,98,31,25,0
aPEAR,170,98,31,26,0
aPEAR,170,98,31,27,0
aPEAR,170,98,31,28,0
aPEAR,170,98,31,29,0
aPEAR,170,98,31,30,0
aPEAR,170,98,31,31,0.16666666666666666
aPEAR,170,98,31,32,0
aPEAR,170,98,31,33,0
aPEAR,170,98,31,34,0
aPEAR,170,98,31,35,0
aPEAR,170,98,31,36,0
aPEAR,170,98,31,37,0
aPEAR,170,98,31,38,0
aPEAR,170,98,31,39,0
aPEAR,170,98,31,40,0
aPEAR,170,98,31,41,0
aPEAR,170,98,31,42,0
aPEAR,170,98,31,43,0
aPEAR,170,98,31,44,0
aPEAR,170,98,31,45,0
aPEAR,170,98,31,46,0
aPEAR,170,98,31,47,0
aPEAR,170,98,31,48,0
aPEAR,170,98,31,49,0
aPEAR,170,98,31,50,0
aPEAR,170,98,31,51,0
aPEAR,170,98,31,52,0
aPEAR,170,98,31,53,0
aPEAR,170,98,31,54,0
aPEAR,170,98,31,55,0
aPEAR,170,98,31,56,0
aPEAR,170,98,31,57,0
aPEAR,5,99,32,1,0
aPEAR,5,99,32,2,0
aPEAR,5,99,32,3,0
aPEAR,5,99,32,4,0
aPEAR,5,99,32,5,0
aPEAR,5,99,32,6,0
aPEAR,5,99,32,7,0
aPEAR,5,99,32,8,0
aPEAR,5,99,32,9,0
aPEAR,5,99,32,10,0
aPEAR,5,99,32,11,0
aPEAR,5,99,32,12,0
aPEAR,5,99,32,13,0
aPEAR,5,99,32,14,0
aPEAR,5,99,32,15,0
aPEAR,5,99,32,16,0
aPEAR,5,99,32,17,0
aPEAR,5,99,32,18,0
aPEAR,5,99,32,19,0
aPEAR,5,99,32,20,0
aPEAR,5,99,32,21,0
aPEAR,5,99,32,22,0
aPEAR,5,99,32,23,0
aPEAR,5,99,32,24,0
aPEAR,5,99,32,25,0
aPEAR,5,99,32,26,0
aPEAR,5,99,32,27,0
aPEAR,5,99,32,28,0
aPEAR,5,99,32,29,0
aPEAR,5,99,32,30,0
aPEAR,5,99,32,31,0
aPEAR,5,99,32,32,0.4
aPEAR,5,99,32,33,0
aPEAR,5,99,32,34,0
aPEAR,5,99,32,35,0
aPEAR,5,99,32,36,0
aPEAR,5,99,32,37,0
aPEAR,5,99,32,38,0
aPEAR,5,99,32,39,0
aPEAR,5,99,32,40,0
aPEAR,5,99,32,41,0
aPEAR,5,99,32,42,0
aPEAR,5,99,32,43,0
aPEAR,5,99,32,44,0
aPEAR,5,99,32,45,0
aPEAR,5,99,32,46,0
aPEAR,5,99,32,47,0
aPEAR,5,99,32,48,0
aPEAR,5,99,32,49,0
aPEAR,5,99,32,50,0
aPEAR,5,99,32,51,0
aPEAR,5,99,32,52,0
aPEAR,5,99,32,53,0
aPEAR,5,99,32,54,0.05555555555555555
aPEAR,5,99,32,55,0
aPEAR,5,99,32,56,0
aPEAR,5,99,32,57,0
aPEAR,6,100,32,1,0
aPEAR,6,100,32,2,0
aPEAR,6,100,32,3,0
aPEAR,6,100,32,4,0
aPEAR,6,100,32,5,0
aPEAR,6,100,32,6,0
aPEAR,6,100,32,7,0
aPEAR,6,100,32,8,0
aPEAR,6,100,32,9,0
aPEAR,6,100,32,10,0
aPEAR,6,100,32,11,0
aPEAR,6,100,32,12,0
aPEAR,6,100,32,13,0
aPEAR,6,100,32,14,0
aPEAR,6,100,32,15,0
aPEAR,6,100,32,16,0
aPEAR,6,100,32,17,0
aPEAR,6,100,32,18,0
aPEAR,6,100,32,19,0
aPEAR,6,100,32,20,0
aPEAR,6,100,32,21,0
aPEAR,6,100,32,22,0
aPEAR,6,100,32,23,0
aPEAR,6,100,32,24,0.1111111111111111
aPEAR,6,100,32,25,0
aPEAR,6,100,32,26,0
aPEAR,6,100,32,27,0
aPEAR,6,100,32,28,0
aPEAR,6,100,32,29,0
aPEAR,6,100,32,30,0
aPEAR,6,100,32,31,0
aPEAR,6,100,32,32,0.2
aPEAR,6,100,32,33,0
aPEAR,6,100,32,34,0
aPEAR,6,100,32,35,0
aPEAR,6,100,32,36,0
aPEAR,6,100,32,37,0
aPEAR,6,100,32,38,0
aPEAR,6,100,32,39,0
aPEAR,6,100,32,40,0
aPEAR,6,100,32,41,0
aPEAR,6,100,32,42,0
aPEAR,6,100,32,43,0
aPEAR,6,100,32,44,0
aPEAR,6,100,32,45,0
aPEAR,6,100,32,46,0
aPEAR,6,100,32,47,0
aPEAR,6,100,32,48,0
aPEAR,6,100,32,49,0
aPEAR,6,100,32,50,0
aPEAR,6,100,32,51,0
aPEAR,6,100,32,52,0
aPEAR,6,100,32,53,0
aPEAR,6,100,32,54,0
aPEAR,6,100,32,55,0
aPEAR,6,100,32,56,0
aPEAR,6,100,32,57,0
aPEAR,11,101,32,1,0
aPEAR,11,101,32,2,0.07142857142857142
aPEAR,11,101,32,3,0
aPEAR,11,101,32,4,0
aPEAR,11,101,32,5,0
aPEAR,11,101,32,6,0
aPEAR,11,101,32,7,0
aPEAR,11,101,32,8,0
aPEAR,11,101,32,9,0
aPEAR,11,101,32,10,0
aPEAR,11,101,32,11,0
aPEAR,11,101,32,12,0
aPEAR,11,101,32,13,0
aPEAR,11,101,32,14,0
aPEAR,11,101,32,15,0
aPEAR,11,101,32,16,0
aPEAR,11,101,32,17,0
aPEAR,11,101,32,18,0
aPEAR,11,101,32,19,0
aPEAR,11,101,32,20,0
aPEAR,11,101,32,21,0
aPEAR,11,101,32,22,0
aPEAR,11,101,32,23,0
aPEAR,11,101,32,24,0
aPEAR,11,101,32,25,0
aPEAR,11,101,32,26,0
aPEAR,11,101,32,27,0
aPEAR,11,101,32,28,0
aPEAR,11,101,32,29,0
aPEAR,11,101,32,30,0
aPEAR,11,101,32,31,0
aPEAR,11,101,32,32,0.16666666666666666
aPEAR,11,101,32,33,0
aPEAR,11,101,32,34,0
aPEAR,11,101,32,35,0
aPEAR,11,101,32,36,0
aPEAR,11,101,32,37,0
aPEAR,11,101,32,38,0
aPEAR,11,101,32,39,0
aPEAR,11,101,32,40,0
aPEAR,11,101,32,41,0
aPEAR,11,101,32,42,0
aPEAR,11,101,32,43,0
aPEAR,11,101,32,44,0
aPEAR,11,101,32,45,0
aPEAR,11,101,32,46,0
aPEAR,11,101,32,47,0
aPEAR,11,101,32,48,0
aPEAR,11,101,32,49,0
aPEAR,11,101,32,50,0.14285714285714285
aPEAR,11,101,32,51,0
aPEAR,11,101,32,52,0
aPEAR,11,101,32,53,0
aPEAR,11,101,32,54,0
aPEAR,11,101,32,55,0
aPEAR,11,101,32,56,0
aPEAR,11,101,32,57,0
aPEAR,53,102,33,1,0
aPEAR,53,102,33,2,0
aPEAR,53,102,33,3,0
aPEAR,53,102,33,4,0
aPEAR,53,102,33,5,0
aPEAR,53,102,33,6,0
aPEAR,53,102,33,7,0
aPEAR,53,102,33,8,0
aPEAR,53,102,33,9,0
aPEAR,53,102,33,10,0
aPEAR,53,102,33,11,0
aPEAR,53,102,33,12,0
aPEAR,53,102,33,13,0
aPEAR,53,102,33,14,0
aPEAR,53,102,33,15,0
aPEAR,53,102,33,16,0
aPEAR,53,102,33,17,0
aPEAR,53,102,33,18,0
aPEAR,53,102,33,19,0
aPEAR,53,102,33,20,0
aPEAR,53,102,33,21,0
aPEAR,53,102,33,22,0
aPEAR,53,102,33,23,0
aPEAR,53,102,33,24,0
aPEAR,53,102,33,25,0
aPEAR,53,102,33,26,0
aPEAR,53,102,33,27,0
aPEAR,53,102,33,28,0
aPEAR,53,102,33,29,0
aPEAR,53,102,33,30,0
aPEAR,53,102,33,31,0
aPEAR,53,102,33,32,0
aPEAR,53,102,33,33,0.16666666666666666
aPEAR,53,102,33,34,0
aPEAR,53,102,33,35,0
aPEAR,53,102,33,36,0
aPEAR,53,102,33,37,0
aPEAR,53,102,33,38,0
aPEAR,53,102,33,39,0
aPEAR,53,102,33,40,0
aPEAR,53,102,33,41,0
aPEAR,53,102,33,42,0
aPEAR,53,102,33,43,0
aPEAR,53,102,33,44,0.125
aPEAR,53,102,33,45,0
aPEAR,53,102,33,46,0
aPEAR,53,102,33,47,0
aPEAR,53,102,33,48,0
aPEAR,53,102,33,49,0
aPEAR,53,102,33,50,0
aPEAR,53,102,33,51,0
aPEAR,53,102,33,52,0
aPEAR,53,102,33,53,0
aPEAR,53,102,33,54,0
aPEAR,53,102,33,55,0
aPEAR,53,102,33,56,0
aPEAR,53,102,33,57,0
aPEAR,77,103,33,1,0
aPEAR,77,103,33,2,0
aPEAR,77,103,33,3,0
aPEAR,77,103,33,4,0
aPEAR,77,103,33,5,0
aPEAR,77,103,33,6,0
aPEAR,77,103,33,7,0
aPEAR,77,103,33,8,0
aPEAR,77,103,33,9,0
aPEAR,77,103,33,10,0
aPEAR,77,103,33,11,0
aPEAR,77,103,33,12,0
aPEAR,77,103,33,13,0
aPEAR,77,103,33,14,0
aPEAR,77,103,33,15,0
aPEAR,77,103,33,16,0
aPEAR,77,103,33,17,0
aPEAR,77,103,33,18,0
aPEAR,77,103,33,19,0
aPEAR,77,103,33,20,0
aPEAR,77,103,33,21,0
aPEAR,77,103,33,22,0
aPEAR,77,103,33,23,0
aPEAR,77,103,33,24,0
aPEAR,77,103,33,25,0
aPEAR,77,103,33,26,0
aPEAR,77,103,33,27,0
aPEAR,77,103,33,28,0
aPEAR,77,103,33,29,0
aPEAR,77,103,33,30,0
aPEAR,77,103,33,31,0
aPEAR,77,103,33,32,0
aPEAR,77,103,33,33,0.16666666666666666
aPEAR,77,103,33,34,0.16666666666666666
aPEAR,77,103,33,35,0
aPEAR,77,103,33,36,0
aPEAR,77,103,33,37,0
aPEAR,77,103,33,38,0
aPEAR,77,103,33,39,0
aPEAR,77,103,33,40,0
aPEAR,77,103,33,41,0
aPEAR,77,103,33,42,0
aPEAR,77,103,33,43,0
aPEAR,77,103,33,44,0
aPEAR,77,103,33,45,0
aPEAR,77,103,33,46,0
aPEAR,77,103,33,47,0
aPEAR,77,103,33,48,0
aPEAR,77,103,33,49,0
aPEAR,77,103,33,50,0
aPEAR,77,103,33,51,0
aPEAR,77,103,33,52,0
aPEAR,77,103,33,53,0
aPEAR,77,103,33,54,0
aPEAR,77,103,33,55,0
aPEAR,77,103,33,56,0
aPEAR,77,103,33,57,0
aPEAR,96,104,33,1,0
aPEAR,96,104,33,2,0
aPEAR,96,104,33,3,0
aPEAR,96,104,33,4,0
aPEAR,96,104,33,5,0
aPEAR,96,104,33,6,0
aPEAR,96,104,33,7,0
aPEAR,96,104,33,8,0
aPEAR,96,104,33,9,0
aPEAR,96,104,33,10,0
aPEAR,96,104,33,11,0
aPEAR,96,104,33,12,0
aPEAR,96,104,33,13,0
aPEAR,96,104,33,14,0
aPEAR,96,104,33,15,0
aPEAR,96,104,33,16,0
aPEAR,96,104,33,17,0
aPEAR,96,104,33,18,0
aPEAR,96,104,33,19,0
aPEAR,96,104,33,20,0
aPEAR,96,104,33,21,0
aPEAR,96,104,33,22,0
aPEAR,96,104,33,23,0
aPEAR,96,104,33,24,0
aPEAR,96,104,33,25,0
aPEAR,96,104,33,26,0
aPEAR,96,104,33,27,0
aPEAR,96,104,33,28,0
aPEAR,96,104,33,29,0
aPEAR,96,104,33,30,0
aPEAR,96,104,33,31,0
aPEAR,96,104,33,32,0
aPEAR,96,104,33,33,0.4
aPEAR,96,104,33,34,0
aPEAR,96,104,33,35,0
aPEAR,96,104,33,36,0
aPEAR,96,104,33,37,0
aPEAR,96,104,33,38,0
aPEAR,96,104,33,39,0
aPEAR,96,104,33,40,0
aPEAR,96,104,33,41,0
aPEAR,96,104,33,42,0
aPEAR,96,104,33,43,0
aPEAR,96,104,33,44,0
aPEAR,96,104,33,45,0
aPEAR,96,104,33,46,0
aPEAR,96,104,33,47,0
aPEAR,96,104,33,48,0
aPEAR,96,104,33,49,0
aPEAR,96,104,33,50,0
aPEAR,96,104,33,51,0
aPEAR,96,104,33,52,0
aPEAR,96,104,33,53,0
aPEAR,96,104,33,54,0
aPEAR,96,104,33,55,0
aPEAR,96,104,33,56,0
aPEAR,96,104,33,57,0
aPEAR,174,105,33,1,0
aPEAR,174,105,33,2,0
aPEAR,174,105,33,3,0
aPEAR,174,105,33,4,0
aPEAR,174,105,33,5,0
aPEAR,174,105,33,6,0
aPEAR,174,105,33,7,0
aPEAR,174,105,33,8,0
aPEAR,174,105,33,9,0
aPEAR,174,105,33,10,0
aPEAR,174,105,33,11,0
aPEAR,174,105,33,12,0
aPEAR,174,105,33,13,0
aPEAR,174,105,33,14,0
aPEAR,174,105,33,15,0
aPEAR,174,105,33,16,0
aPEAR,174,105,33,17,0
aPEAR,174,105,33,18,0
aPEAR,174,105,33,19,0
aPEAR,174,105,33,20,0
aPEAR,174,105,33,21,0
aPEAR,174,105,33,22,0
aPEAR,174,105,33,23,0
aPEAR,174,105,33,24,0
aPEAR,174,105,33,25,0
aPEAR,174,105,33,26,0
aPEAR,174,105,33,27,0
aPEAR,174,105,33,28,0
aPEAR,174,105,33,29,0
aPEAR,174,105,33,30,0
aPEAR,174,105,33,31,0
aPEAR,174,105,33,32,0
aPEAR,174,105,33,33,0.2
aPEAR,174,105,33,34,0
aPEAR,174,105,33,35,0
aPEAR,174,105,33,36,0
aPEAR,174,105,33,37,0
aPEAR,174,105,33,38,0
aPEAR,174,105,33,39,0
aPEAR,174,105,33,40,0
aPEAR,174,105,33,41,0
aPEAR,174,105,33,42,0
aPEAR,174,105,33,43,0
aPEAR,174,105,33,44,0
aPEAR,174,105,33,45,0
aPEAR,174,105,33,46,0
aPEAR,174,105,33,47,0
aPEAR,174,105,33,48,0
aPEAR,174,105,33,49,0
aPEAR,174,105,33,50,0
aPEAR,174,105,33,51,0
aPEAR,174,105,33,52,0
aPEAR,174,105,33,53,0
aPEAR,174,105,33,54,0
aPEAR,174,105,33,55,0
aPEAR,174,105,33,56,0
aPEAR,174,105,33,57,0
aPEAR,45,106,34,1,0
aPEAR,45,106,34,2,0
aPEAR,45,106,34,3,0
aPEAR,45,106,34,4,0
aPEAR,45,106,34,5,0
aPEAR,45,106,34,6,0
aPEAR,45,106,34,7,0
aPEAR,45,106,34,8,0
aPEAR,45,106,34,9,0
aPEAR,45,106,34,10,0
aPEAR,45,106,34,11,0
aPEAR,45,106,34,12,0
aPEAR,45,106,34,13,0
aPEAR,45,106,34,14,0
aPEAR,45,106,34,15,0
aPEAR,45,106,34,16,0
aPEAR,45,106,34,17,0
aPEAR,45,106,34,18,0
aPEAR,45,106,34,19,0
aPEAR,45,106,34,20,0
aPEAR,45,106,34,21,0
aPEAR,45,106,34,22,0
aPEAR,45,106,34,23,0
aPEAR,45,106,34,24,0
aPEAR,45,106,34,25,0
aPEAR,45,106,34,26,0
aPEAR,45,106,34,27,0
aPEAR,45,106,34,28,0
aPEAR,45,106,34,29,0
aPEAR,45,106,34,30,0
aPEAR,45,106,34,31,0
aPEAR,45,106,34,32,0
aPEAR,45,106,34,33,0
aPEAR,45,106,34,34,0.14285714285714285
aPEAR,45,106,34,35,0
aPEAR,45,106,34,36,0
aPEAR,45,106,34,37,0
aPEAR,45,106,34,38,0
aPEAR,45,106,34,39,0
aPEAR,45,106,34,40,0
aPEAR,45,106,34,41,0
aPEAR,45,106,34,42,0
aPEAR,45,106,34,43,0
aPEAR,45,106,34,44,0.1111111111111111
aPEAR,45,106,34,45,0
aPEAR,45,106,34,46,0
aPEAR,45,106,34,47,0
aPEAR,45,106,34,48,0
aPEAR,45,106,34,49,0
aPEAR,45,106,34,50,0
aPEAR,45,106,34,51,0
aPEAR,45,106,34,52,0
aPEAR,45,106,34,53,0
aPEAR,45,106,34,54,0
aPEAR,45,106,34,55,0
aPEAR,45,106,34,56,0.1
aPEAR,45,106,34,57,0
aPEAR,48,107,34,1,0
aPEAR,48,107,34,2,0
aPEAR,48,107,34,3,0
aPEAR,48,107,34,4,0
aPEAR,48,107,34,5,0
aPEAR,48,107,34,6,0
aPEAR,48,107,34,7,0
aPEAR,48,107,34,8,0
aPEAR,48,107,34,9,0
aPEAR,48,107,34,10,0
aPEAR,48,107,34,11,0
aPEAR,48,107,34,12,0
aPEAR,48,107,34,13,0
aPEAR,48,107,34,14,0
aPEAR,48,107,34,15,0
aPEAR,48,107,34,16,0
aPEAR,48,107,34,17,0
aPEAR,48,107,34,18,0
aPEAR,48,107,34,19,0
aPEAR,48,107,34,20,0
aPEAR,48,107,34,21,0
aPEAR,48,107,34,22,0
aPEAR,48,107,34,23,0
aPEAR,48,107,34,24,0
aPEAR,48,107,34,25,0
aPEAR,48,107,34,26,0
aPEAR,48,107,34,27,0
aPEAR,48,107,34,28,0
aPEAR,48,107,34,29,0
aPEAR,48,107,34,30,0
aPEAR,48,107,34,31,0
aPEAR,48,107,34,32,0
aPEAR,48,107,34,33,0
aPEAR,48,107,34,34,0.16666666666666666
aPEAR,48,107,34,35,0
aPEAR,48,107,34,36,0
aPEAR,48,107,34,37,0
aPEAR,48,107,34,38,0
aPEAR,48,107,34,39,0
aPEAR,48,107,34,40,0
aPEAR,48,107,34,41,0
aPEAR,48,107,34,42,0
aPEAR,48,107,34,43,0
aPEAR,48,107,34,44,0
aPEAR,48,107,34,45,0
aPEAR,48,107,34,46,0
aPEAR,48,107,34,47,0
aPEAR,48,107,34,48,0
aPEAR,48,107,34,49,0
aPEAR,48,107,34,50,0
aPEAR,48,107,34,51,0
aPEAR,48,107,34,52,0
aPEAR,48,107,34,53,0
aPEAR,48,107,34,54,0.058823529411764705
aPEAR,48,107,34,55,0
aPEAR,48,107,34,56,0
aPEAR,48,107,34,57,0
aPEAR,76,108,34,1,0
aPEAR,76,108,34,2,0
aPEAR,76,108,34,3,0
aPEAR,76,108,34,4,0
aPEAR,76,108,34,5,0
aPEAR,76,108,34,6,0
aPEAR,76,108,34,7,0
aPEAR,76,108,34,8,0
aPEAR,76,108,34,9,0
aPEAR,76,108,34,10,0
aPEAR,76,108,34,11,0
aPEAR,76,108,34,12,0
aPEAR,76,108,34,13,0
aPEAR,76,108,34,14,0
aPEAR,76,108,34,15,0
aPEAR,76,108,34,16,0
aPEAR,76,108,34,17,0
aPEAR,76,108,34,18,0
aPEAR,76,108,34,19,0
aPEAR,76,108,34,20,0
aPEAR,76,108,34,21,0
aPEAR,76,108,34,22,0
aPEAR,76,108,34,23,0
aPEAR,76,108,34,24,0.1111111111111111
aPEAR,76,108,34,25,0
aPEAR,76,108,34,26,0
aPEAR,76,108,34,27,0
aPEAR,76,108,34,28,0
aPEAR,76,108,34,29,0
aPEAR,76,108,34,30,0
aPEAR,76,108,34,31,0
aPEAR,76,108,34,32,0
aPEAR,76,108,34,33,0
aPEAR,76,108,34,34,0.16666666666666666
aPEAR,76,108,34,35,0
aPEAR,76,108,34,36,0
aPEAR,76,108,34,37,0
aPEAR,76,108,34,38,0
aPEAR,76,108,34,39,0
aPEAR,76,108,34,40,0
aPEAR,76,108,34,41,0
aPEAR,76,108,34,42,0
aPEAR,76,108,34,43,0
aPEAR,76,108,34,44,0
aPEAR,76,108,34,45,0
aPEAR,76,108,34,46,0
aPEAR,76,108,34,47,0
aPEAR,76,108,34,48,0
aPEAR,76,108,34,49,0
aPEAR,76,108,34,50,0
aPEAR,76,108,34,51,0
aPEAR,76,108,34,52,0
aPEAR,76,108,34,53,0
aPEAR,76,108,34,54,0
aPEAR,76,108,34,55,0
aPEAR,76,108,34,56,0
aPEAR,76,108,34,57,0
aPEAR,78,109,34,1,0
aPEAR,78,109,34,2,0
aPEAR,78,109,34,3,0
aPEAR,78,109,34,4,0
aPEAR,78,109,34,5,0
aPEAR,78,109,34,6,0
aPEAR,78,109,34,7,0
aPEAR,78,109,34,8,0
aPEAR,78,109,34,9,0
aPEAR,78,109,34,10,0
aPEAR,78,109,34,11,0
aPEAR,78,109,34,12,0
aPEAR,78,109,34,13,0
aPEAR,78,109,34,14,0
aPEAR,78,109,34,15,0
aPEAR,78,109,34,16,0
aPEAR,78,109,34,17,0
aPEAR,78,109,34,18,0
aPEAR,78,109,34,19,0
aPEAR,78,109,34,20,0
aPEAR,78,109,34,21,0
aPEAR,78,109,34,22,0
aPEAR,78,109,34,23,0
aPEAR,78,109,34,24,0
aPEAR,78,109,34,25,0
aPEAR,78,109,34,26,0
aPEAR,78,109,34,27,0
aPEAR,78,109,34,28,0
aPEAR,78,109,34,29,0
aPEAR,78,109,34,30,0
aPEAR,78,109,34,31,0
aPEAR,78,109,34,32,0
aPEAR,78,109,34,33,0
aPEAR,78,109,34,34,0.16666666666666666
aPEAR,78,109,34,35,0.16666666666666666
aPEAR,78,109,34,36,0
aPEAR,78,109,34,37,0
aPEAR,78,109,34,38,0
aPEAR,78,109,34,39,0
aPEAR,78,109,34,40,0
aPEAR,78,109,34,41,0
aPEAR,78,109,34,42,0
aPEAR,78,109,34,43,0
aPEAR,78,109,34,44,0
aPEAR,78,109,34,45,0
aPEAR,78,109,34,46,0
aPEAR,78,109,34,47,0
aPEAR,78,109,34,48,0
aPEAR,78,109,34,49,0
aPEAR,78,109,34,50,0
aPEAR,78,109,34,51,0
aPEAR,78,109,34,52,0
aPEAR,78,109,34,53,0
aPEAR,78,109,34,54,0
aPEAR,78,109,34,55,0
aPEAR,78,109,34,56,0
aPEAR,78,109,34,57,0
aPEAR,3,110,35,1,0
aPEAR,3,110,35,2,0
aPEAR,3,110,35,3,0
aPEAR,3,110,35,4,0
aPEAR,3,110,35,5,0
aPEAR,3,110,35,6,0
aPEAR,3,110,35,7,0
aPEAR,3,110,35,8,0
aPEAR,3,110,35,9,0
aPEAR,3,110,35,10,0
aPEAR,3,110,35,11,0
aPEAR,3,110,35,12,0
aPEAR,3,110,35,13,0
aPEAR,3,110,35,14,0
aPEAR,3,110,35,15,0
aPEAR,3,110,35,16,0
aPEAR,3,110,35,17,0
aPEAR,3,110,35,18,0
aPEAR,3,110,35,19,0
aPEAR,3,110,35,20,0
aPEAR,3,110,35,21,0
aPEAR,3,110,35,22,0
aPEAR,3,110,35,23,0
aPEAR,3,110,35,24,0.09090909090909091
aPEAR,3,110,35,25,0
aPEAR,3,110,35,26,0
aPEAR,3,110,35,27,0
aPEAR,3,110,35,28,0
aPEAR,3,110,35,29,0
aPEAR,3,110,35,30,0
aPEAR,3,110,35,31,0
aPEAR,3,110,35,32,0
aPEAR,3,110,35,33,0
aPEAR,3,110,35,34,0
aPEAR,3,110,35,35,0.125
aPEAR,3,110,35,36,0
aPEAR,3,110,35,37,0
aPEAR,3,110,35,38,0
aPEAR,3,110,35,39,0
aPEAR,3,110,35,40,0
aPEAR,3,110,35,41,0
aPEAR,3,110,35,42,0
aPEAR,3,110,35,43,0.1
aPEAR,3,110,35,44,0
aPEAR,3,110,35,45,0
aPEAR,3,110,35,46,0
aPEAR,3,110,35,47,0
aPEAR,3,110,35,48,0
aPEAR,3,110,35,49,0
aPEAR,3,110,35,50,0
aPEAR,3,110,35,51,0
aPEAR,3,110,35,52,0
aPEAR,3,110,35,53,0
aPEAR,3,110,35,54,0
aPEAR,3,110,35,55,0
aPEAR,3,110,35,56,0
aPEAR,3,110,35,57,0.1111111111111111
aPEAR,123,111,35,1,0
aPEAR,123,111,35,2,0
aPEAR,123,111,35,3,0
aPEAR,123,111,35,4,0
aPEAR,123,111,35,5,0
aPEAR,123,111,35,6,0
aPEAR,123,111,35,7,0
aPEAR,123,111,35,8,0
aPEAR,123,111,35,9,0
aPEAR,123,111,35,10,0
aPEAR,123,111,35,11,0
aPEAR,123,111,35,12,0
aPEAR,123,111,35,13,0
aPEAR,123,111,35,14,0
aPEAR,123,111,35,15,0
aPEAR,123,111,35,16,0
aPEAR,123,111,35,17,0
aPEAR,123,111,35,18,0
aPEAR,123,111,35,19,0
aPEAR,123,111,35,20,0
aPEAR,123,111,35,21,0
aPEAR,123,111,35,22,0
aPEAR,123,111,35,23,0
aPEAR,123,111,35,24,0
aPEAR,123,111,35,25,0
aPEAR,123,111,35,26,0
aPEAR,123,111,35,27,0
aPEAR,123,111,35,28,0
aPEAR,123,111,35,29,0
aPEAR,123,111,35,30,0
aPEAR,123,111,35,31,0
aPEAR,123,111,35,32,0
aPEAR,123,111,35,33,0
aPEAR,123,111,35,34,0
aPEAR,123,111,35,35,0.2
aPEAR,123,111,35,36,0
aPEAR,123,111,35,37,0
aPEAR,123,111,35,38,0
aPEAR,123,111,35,39,0
aPEAR,123,111,35,40,0
aPEAR,123,111,35,41,0
aPEAR,123,111,35,42,0
aPEAR,123,111,35,43,0
aPEAR,123,111,35,44,0
aPEAR,123,111,35,45,0
aPEAR,123,111,35,46,0
aPEAR,123,111,35,47,0
aPEAR,123,111,35,48,0
aPEAR,123,111,35,49,0
aPEAR,123,111,35,50,0
aPEAR,123,111,35,51,0
aPEAR,123,111,35,52,0
aPEAR,123,111,35,53,0
aPEAR,123,111,35,54,0
aPEAR,123,111,35,55,0
aPEAR,123,111,35,56,0
aPEAR,123,111,35,57,0
aPEAR,148,112,35,1,0
aPEAR,148,112,35,2,0
aPEAR,148,112,35,3,0
aPEAR,148,112,35,4,0
aPEAR,148,112,35,5,0
aPEAR,148,112,35,6,0
aPEAR,148,112,35,7,0
aPEAR,148,112,35,8,0
aPEAR,148,112,35,9,0
aPEAR,148,112,35,10,0
aPEAR,148,112,35,11,0
aPEAR,148,112,35,12,0
aPEAR,148,112,35,13,0
aPEAR,148,112,35,14,0
aPEAR,148,112,35,15,0
aPEAR,148,112,35,16,0
aPEAR,148,112,35,17,0
aPEAR,148,112,35,18,0
aPEAR,148,112,35,19,0
aPEAR,148,112,35,20,0
aPEAR,148,112,35,21,0
aPEAR,148,112,35,22,0
aPEAR,148,112,35,23,0
aPEAR,148,112,35,24,0
aPEAR,148,112,35,25,0
aPEAR,148,112,35,26,0
aPEAR,148,112,35,27,0
aPEAR,148,112,35,28,0
aPEAR,148,112,35,29,0
aPEAR,148,112,35,30,0
aPEAR,148,112,35,31,0
aPEAR,148,112,35,32,0
aPEAR,148,112,35,33,0
aPEAR,148,112,35,34,0
aPEAR,148,112,35,35,0.2
aPEAR,148,112,35,36,0
aPEAR,148,112,35,37,0
aPEAR,148,112,35,38,0
aPEAR,148,112,35,39,0
aPEAR,148,112,35,40,0
aPEAR,148,112,35,41,0
aPEAR,148,112,35,42,0
aPEAR,148,112,35,43,0
aPEAR,148,112,35,44,0
aPEAR,148,112,35,45,0
aPEAR,148,112,35,46,0
aPEAR,148,112,35,47,0
aPEAR,148,112,35,48,0
aPEAR,148,112,35,49,0
aPEAR,148,112,35,50,0
aPEAR,148,112,35,51,0
aPEAR,148,112,35,52,0
aPEAR,148,112,35,53,0
aPEAR,148,112,35,54,0
aPEAR,148,112,35,55,0
aPEAR,148,112,35,56,0
aPEAR,148,112,35,57,0
aPEAR,149,113,35,1,0
aPEAR,149,113,35,2,0
aPEAR,149,113,35,3,0
aPEAR,149,113,35,4,0
aPEAR,149,113,35,5,0
aPEAR,149,113,35,6,0
aPEAR,149,113,35,7,0
aPEAR,149,113,35,8,0
aPEAR,149,113,35,9,0
aPEAR,149,113,35,10,0
aPEAR,149,113,35,11,0
aPEAR,149,113,35,12,0
aPEAR,149,113,35,13,0
aPEAR,149,113,35,14,0
aPEAR,149,113,35,15,0
aPEAR,149,113,35,16,0
aPEAR,149,113,35,17,0
aPEAR,149,113,35,18,0
aPEAR,149,113,35,19,0
aPEAR,149,113,35,20,0
aPEAR,149,113,35,21,0
aPEAR,149,113,35,22,0
aPEAR,149,113,35,23,0
aPEAR,149,113,35,24,0
aPEAR,149,113,35,25,0
aPEAR,149,113,35,26,0
aPEAR,149,113,35,27,0
aPEAR,149,113,35,28,0
aPEAR,149,113,35,29,0
aPEAR,149,113,35,30,0
aPEAR,149,113,35,31,0
aPEAR,149,113,35,32,0
aPEAR,149,113,35,33,0
aPEAR,149,113,35,34,0
aPEAR,149,113,35,35,0.2
aPEAR,149,113,35,36,0
aPEAR,149,113,35,37,0
aPEAR,149,113,35,38,0
aPEAR,149,113,35,39,0
aPEAR,149,113,35,40,0
aPEAR,149,113,35,41,0
aPEAR,149,113,35,42,0
aPEAR,149,113,35,43,0
aPEAR,149,113,35,44,0
aPEAR,149,113,35,45,0
aPEAR,149,113,35,46,0
aPEAR,149,113,35,47,0
aPEAR,149,113,35,48,0
aPEAR,149,113,35,49,0
aPEAR,149,113,35,50,0
aPEAR,149,113,35,51,0
aPEAR,149,113,35,52,0
aPEAR,149,113,35,53,0
aPEAR,149,113,35,54,0
aPEAR,149,113,35,55,0
aPEAR,149,113,35,56,0
aPEAR,149,113,35,57,0
aPEAR,38,114,36,1,0
aPEAR,38,114,36,2,0
aPEAR,38,114,36,3,0
aPEAR,38,114,36,4,0
aPEAR,38,114,36,5,0
aPEAR,38,114,36,6,0
aPEAR,38,114,36,7,0
aPEAR,38,114,36,8,0
aPEAR,38,114,36,9,0
aPEAR,38,114,36,10,0
aPEAR,38,114,36,11,0
aPEAR,38,114,36,12,0
aPEAR,38,114,36,13,0.14285714285714285
aPEAR,38,114,36,14,0
aPEAR,38,114,36,15,0
aPEAR,38,114,36,16,0
aPEAR,38,114,36,17,0
aPEAR,38,114,36,18,0
aPEAR,38,114,36,19,0
aPEAR,38,114,36,20,0
aPEAR,38,114,36,21,0
aPEAR,38,114,36,22,0
aPEAR,38,114,36,23,0
aPEAR,38,114,36,24,0
aPEAR,38,114,36,25,0
aPEAR,38,114,36,26,0
aPEAR,38,114,36,27,0
aPEAR,38,114,36,28,0
aPEAR,38,114,36,29,0
aPEAR,38,114,36,30,0
aPEAR,38,114,36,31,0
aPEAR,38,114,36,32,0
aPEAR,38,114,36,33,0
aPEAR,38,114,36,34,0
aPEAR,38,114,36,35,0
aPEAR,38,114,36,36,0.4
aPEAR,38,114,36,37,0
aPEAR,38,114,36,38,0
aPEAR,38,114,36,39,0
aPEAR,38,114,36,40,0
aPEAR,38,114,36,41,0
aPEAR,38,114,36,42,0
aPEAR,38,114,36,43,0
aPEAR,38,114,36,44,0
aPEAR,38,114,36,45,0
aPEAR,38,114,36,46,0
aPEAR,38,114,36,47,0
aPEAR,38,114,36,48,0
aPEAR,38,114,36,49,0
aPEAR,38,114,36,50,0
aPEAR,38,114,36,51,0
aPEAR,38,114,36,52,0
aPEAR,38,114,36,53,0
aPEAR,38,114,36,54,0
aPEAR,38,114,36,55,0
aPEAR,38,114,36,56,0
aPEAR,38,114,36,57,0
aPEAR,120,115,36,1,0
aPEAR,120,115,36,2,0
aPEAR,120,115,36,3,0
aPEAR,120,115,36,4,0
aPEAR,120,115,36,5,0
aPEAR,120,115,36,6,0
aPEAR,120,115,36,7,0
aPEAR,120,115,36,8,0
aPEAR,120,115,36,9,0
aPEAR,120,115,36,10,0
aPEAR,120,115,36,11,0
aPEAR,120,115,36,12,0
aPEAR,120,115,36,13,0
aPEAR,120,115,36,14,0
aPEAR,120,115,36,15,0
aPEAR,120,115,36,16,0
aPEAR,120,115,36,17,0
aPEAR,120,115,36,18,0
aPEAR,120,115,36,19,0
aPEAR,120,115,36,20,0
aPEAR,120,115,36,21,0
aPEAR,120,115,36,22,0
aPEAR,120,115,36,23,0
aPEAR,120,115,36,24,0
aPEAR,120,115,36,25,0
aPEAR,120,115,36,26,0
aPEAR,120,115,36,27,0
aPEAR,120,115,36,28,0
aPEAR,120,115,36,29,0
aPEAR,120,115,36,30,0
aPEAR,120,115,36,31,0
aPEAR,120,115,36,32,0
aPEAR,120,115,36,33,0
aPEAR,120,115,36,34,0
aPEAR,120,115,36,35,0
aPEAR,120,115,36,36,0.25
aPEAR,120,115,36,37,0
aPEAR,120,115,36,38,0
aPEAR,120,115,36,39,0
aPEAR,120,115,36,40,0
aPEAR,120,115,36,41,0
aPEAR,120,115,36,42,0
aPEAR,120,115,36,43,0
aPEAR,120,115,36,44,0
aPEAR,120,115,36,45,0
aPEAR,120,115,36,46,0
aPEAR,120,115,36,47,0
aPEAR,120,115,36,48,0
aPEAR,120,115,36,49,0
aPEAR,120,115,36,50,0
aPEAR,120,115,36,51,0
aPEAR,120,115,36,52,0
aPEAR,120,115,36,53,0
aPEAR,120,115,36,54,0
aPEAR,120,115,36,55,0
aPEAR,120,115,36,56,0
aPEAR,120,115,36,57,0
aPEAR,146,116,36,1,0
aPEAR,146,116,36,2,0
aPEAR,146,116,36,3,0
aPEAR,146,116,36,4,0
aPEAR,146,116,36,5,0
aPEAR,146,116,36,6,0
aPEAR,146,116,36,7,0
aPEAR,146,116,36,8,0
aPEAR,146,116,36,9,0
aPEAR,146,116,36,10,0
aPEAR,146,116,36,11,0
aPEAR,146,116,36,12,0
aPEAR,146,116,36,13,0
aPEAR,146,116,36,14,0
aPEAR,146,116,36,15,0
aPEAR,146,116,36,16,0
aPEAR,146,116,36,17,0
aPEAR,146,116,36,18,0
aPEAR,146,116,36,19,0
aPEAR,146,116,36,20,0
aPEAR,146,116,36,21,0
aPEAR,146,116,36,22,0
aPEAR,146,116,36,23,0
aPEAR,146,116,36,24,0
aPEAR,146,116,36,25,0
aPEAR,146,116,36,26,0
aPEAR,146,116,36,27,0
aPEAR,146,116,36,28,0
aPEAR,146,116,36,29,0
aPEAR,146,116,36,30,0
aPEAR,146,116,36,31,0
aPEAR,146,116,36,32,0
aPEAR,146,116,36,33,0
aPEAR,146,116,36,34,0
aPEAR,146,116,36,35,0
aPEAR,146,116,36,36,0.25
aPEAR,146,116,36,37,0
aPEAR,146,116,36,38,0
aPEAR,146,116,36,39,0
aPEAR,146,116,36,40,0
aPEAR,146,116,36,41,0
aPEAR,146,116,36,42,0
aPEAR,146,116,36,43,0
aPEAR,146,116,36,44,0
aPEAR,146,116,36,45,0
aPEAR,146,116,36,46,0
aPEAR,146,116,36,47,0
aPEAR,146,116,36,48,0
aPEAR,146,116,36,49,0
aPEAR,146,116,36,50,0
aPEAR,146,116,36,51,0
aPEAR,146,116,36,52,0
aPEAR,146,116,36,53,0
aPEAR,146,116,36,54,0
aPEAR,146,116,36,55,0
aPEAR,146,116,36,56,0
aPEAR,146,116,36,57,0
aPEAR,112,117,37,1,0
aPEAR,112,117,37,2,0
aPEAR,112,117,37,3,0
aPEAR,112,117,37,4,0
aPEAR,112,117,37,5,0
aPEAR,112,117,37,6,0
aPEAR,112,117,37,7,0
aPEAR,112,117,37,8,0
aPEAR,112,117,37,9,0
aPEAR,112,117,37,10,0
aPEAR,112,117,37,11,0
aPEAR,112,117,37,12,0
aPEAR,112,117,37,13,0
aPEAR,112,117,37,14,0
aPEAR,112,117,37,15,0
aPEAR,112,117,37,16,0
aPEAR,112,117,37,17,0
aPEAR,112,117,37,18,0
aPEAR,112,117,37,19,0
aPEAR,112,117,37,20,0
aPEAR,112,117,37,21,0
aPEAR,112,117,37,22,0
aPEAR,112,117,37,23,0
aPEAR,112,117,37,24,0
aPEAR,112,117,37,25,0
aPEAR,112,117,37,26,0
aPEAR,112,117,37,27,0
aPEAR,112,117,37,28,0
aPEAR,112,117,37,29,0
aPEAR,112,117,37,30,0
aPEAR,112,117,37,31,0
aPEAR,112,117,37,32,0
aPEAR,112,117,37,33,0
aPEAR,112,117,37,34,0
aPEAR,112,117,37,35,0
aPEAR,112,117,37,36,0
aPEAR,112,117,37,37,0.25
aPEAR,112,117,37,38,0
aPEAR,112,117,37,39,0
aPEAR,112,117,37,40,0
aPEAR,112,117,37,41,0
aPEAR,112,117,37,42,0
aPEAR,112,117,37,43,0
aPEAR,112,117,37,44,0
aPEAR,112,117,37,45,0
aPEAR,112,117,37,46,0
aPEAR,112,117,37,47,0
aPEAR,112,117,37,48,0
aPEAR,112,117,37,49,0
aPEAR,112,117,37,50,0
aPEAR,112,117,37,51,0
aPEAR,112,117,37,52,0
aPEAR,112,117,37,53,0
aPEAR,112,117,37,54,0
aPEAR,112,117,37,55,0
aPEAR,112,117,37,56,0
aPEAR,112,117,37,57,0
aPEAR,113,118,37,1,0
aPEAR,113,118,37,2,0
aPEAR,113,118,37,3,0
aPEAR,113,118,37,4,0
aPEAR,113,118,37,5,0
aPEAR,113,118,37,6,0
aPEAR,113,118,37,7,0
aPEAR,113,118,37,8,0
aPEAR,113,118,37,9,0
aPEAR,113,118,37,10,0
aPEAR,113,118,37,11,0
aPEAR,113,118,37,12,0
aPEAR,113,118,37,13,0
aPEAR,113,118,37,14,0
aPEAR,113,118,37,15,0
aPEAR,113,118,37,16,0
aPEAR,113,118,37,17,0
aPEAR,113,118,37,18,0
aPEAR,113,118,37,19,0
aPEAR,113,118,37,20,0
aPEAR,113,118,37,21,0
aPEAR,113,118,37,22,0
aPEAR,113,118,37,23,0
aPEAR,113,118,37,24,0
aPEAR,113,118,37,25,0
aPEAR,113,118,37,26,0
aPEAR,113,118,37,27,0
aPEAR,113,118,37,28,0
aPEAR,113,118,37,29,0
aPEAR,113,118,37,30,0
aPEAR,113,118,37,31,0
aPEAR,113,118,37,32,0
aPEAR,113,118,37,33,0
aPEAR,113,118,37,34,0
aPEAR,113,118,37,35,0
aPEAR,113,118,37,36,0
aPEAR,113,118,37,37,0.25
aPEAR,113,118,37,38,0
aPEAR,113,118,37,39,0
aPEAR,113,118,37,40,0
aPEAR,113,118,37,41,0
aPEAR,113,118,37,42,0
aPEAR,113,118,37,43,0
aPEAR,113,118,37,44,0
aPEAR,113,118,37,45,0
aPEAR,113,118,37,46,0
aPEAR,113,118,37,47,0
aPEAR,113,118,37,48,0
aPEAR,113,118,37,49,0
aPEAR,113,118,37,50,0
aPEAR,113,118,37,51,0
aPEAR,113,118,37,52,0
aPEAR,113,118,37,53,0
aPEAR,113,118,37,54,0
aPEAR,113,118,37,55,0
aPEAR,113,118,37,56,0
aPEAR,113,118,37,57,0
aPEAR,114,119,37,1,0
aPEAR,114,119,37,2,0
aPEAR,114,119,37,3,0
aPEAR,114,119,37,4,0
aPEAR,114,119,37,5,0
aPEAR,114,119,37,6,0
aPEAR,114,119,37,7,0
aPEAR,114,119,37,8,0
aPEAR,114,119,37,9,0
aPEAR,114,119,37,10,0
aPEAR,114,119,37,11,0
aPEAR,114,119,37,12,0
aPEAR,114,119,37,13,0
aPEAR,114,119,37,14,0
aPEAR,114,119,37,15,0
aPEAR,114,119,37,16,0
aPEAR,114,119,37,17,0
aPEAR,114,119,37,18,0
aPEAR,114,119,37,19,0
aPEAR,114,119,37,20,0
aPEAR,114,119,37,21,0
aPEAR,114,119,37,22,0
aPEAR,114,119,37,23,0
aPEAR,114,119,37,24,0
aPEAR,114,119,37,25,0
aPEAR,114,119,37,26,0
aPEAR,114,119,37,27,0
aPEAR,114,119,37,28,0
aPEAR,114,119,37,29,0
aPEAR,114,119,37,30,0
aPEAR,114,119,37,31,0
aPEAR,114,119,37,32,0
aPEAR,114,119,37,33,0
aPEAR,114,119,37,34,0
aPEAR,114,119,37,35,0
aPEAR,114,119,37,36,0
aPEAR,114,119,37,37,0.25
aPEAR,114,119,37,38,0
aPEAR,114,119,37,39,0
aPEAR,114,119,37,40,0
aPEAR,114,119,37,41,0
aPEAR,114,119,37,42,0
aPEAR,114,119,37,43,0
aPEAR,114,119,37,44,0
aPEAR,114,119,37,45,0
aPEAR,114,119,37,46,0
aPEAR,114,119,37,47,0
aPEAR,114,119,37,48,0
aPEAR,114,119,37,49,0
aPEAR,114,119,37,50,0
aPEAR,114,119,37,51,0
aPEAR,114,119,37,52,0
aPEAR,114,119,37,53,0
aPEAR,114,119,37,54,0
aPEAR,114,119,37,55,0
aPEAR,114,119,37,56,0
aPEAR,114,119,37,57,0
aPEAR,115,120,37,1,0
aPEAR,115,120,37,2,0
aPEAR,115,120,37,3,0
aPEAR,115,120,37,4,0
aPEAR,115,120,37,5,0
aPEAR,115,120,37,6,0
aPEAR,115,120,37,7,0
aPEAR,115,120,37,8,0
aPEAR,115,120,37,9,0
aPEAR,115,120,37,10,0
aPEAR,115,120,37,11,0
aPEAR,115,120,37,12,0
aPEAR,115,120,37,13,0
aPEAR,115,120,37,14,0
aPEAR,115,120,37,15,0
aPEAR,115,120,37,16,0
aPEAR,115,120,37,17,0
aPEAR,115,120,37,18,0
aPEAR,115,120,37,19,0
aPEAR,115,120,37,20,0
aPEAR,115,120,37,21,0
aPEAR,115,120,37,22,0
aPEAR,115,120,37,23,0
aPEAR,115,120,37,24,0
aPEAR,115,120,37,25,0
aPEAR,115,120,37,26,0
aPEAR,115,120,37,27,0
aPEAR,115,120,37,28,0
aPEAR,115,120,37,29,0
aPEAR,115,120,37,30,0
aPEAR,115,120,37,31,0
aPEAR,115,120,37,32,0
aPEAR,115,120,37,33,0
aPEAR,115,120,37,34,0
aPEAR,115,120,37,35,0
aPEAR,115,120,37,36,0
aPEAR,115,120,37,37,0.25
aPEAR,115,120,37,38,0
aPEAR,115,120,37,39,0
aPEAR,115,120,37,40,0
aPEAR,115,120,37,41,0
aPEAR,115,120,37,42,0
aPEAR,115,120,37,43,0
aPEAR,115,120,37,44,0
aPEAR,115,120,37,45,0
aPEAR,115,120,37,46,0
aPEAR,115,120,37,47,0
aPEAR,115,120,37,48,0
aPEAR,115,120,37,49,0
aPEAR,115,120,37,50,0
aPEAR,115,120,37,51,0
aPEAR,115,120,37,52,0
aPEAR,115,120,37,53,0
aPEAR,115,120,37,54,0
aPEAR,115,120,37,55,0
aPEAR,115,120,37,56,0
aPEAR,115,120,37,57,0
aPEAR,10,121,38,1,0
aPEAR,10,121,38,2,0
aPEAR,10,121,38,3,0
aPEAR,10,121,38,4,0
aPEAR,10,121,38,5,0
aPEAR,10,121,38,6,0
aPEAR,10,121,38,7,0
aPEAR,10,121,38,8,0
aPEAR,10,121,38,9,0
aPEAR,10,121,38,10,0
aPEAR,10,121,38,11,0
aPEAR,10,121,38,12,0
aPEAR,10,121,38,13,0
aPEAR,10,121,38,14,0
aPEAR,10,121,38,15,0
aPEAR,10,121,38,16,0
aPEAR,10,121,38,17,0
aPEAR,10,121,38,18,0
aPEAR,10,121,38,19,0
aPEAR,10,121,38,20,0
aPEAR,10,121,38,21,0
aPEAR,10,121,38,22,0
aPEAR,10,121,38,23,0
aPEAR,10,121,38,24,0.1111111111111111
aPEAR,10,121,38,25,0
aPEAR,10,121,38,26,0
aPEAR,10,121,38,27,0
aPEAR,10,121,38,28,0
aPEAR,10,121,38,29,0
aPEAR,10,121,38,30,0
aPEAR,10,121,38,31,0
aPEAR,10,121,38,32,0
aPEAR,10,121,38,33,0
aPEAR,10,121,38,34,0
aPEAR,10,121,38,35,0
aPEAR,10,121,38,36,0
aPEAR,10,121,38,37,0
aPEAR,10,121,38,38,0.2
aPEAR,10,121,38,39,0
aPEAR,10,121,38,40,0
aPEAR,10,121,38,41,0
aPEAR,10,121,38,42,0
aPEAR,10,121,38,43,0
aPEAR,10,121,38,44,0
aPEAR,10,121,38,45,0
aPEAR,10,121,38,46,0
aPEAR,10,121,38,47,0
aPEAR,10,121,38,48,0
aPEAR,10,121,38,49,0
aPEAR,10,121,38,50,0
aPEAR,10,121,38,51,0
aPEAR,10,121,38,52,0
aPEAR,10,121,38,53,0
aPEAR,10,121,38,54,0
aPEAR,10,121,38,55,0
aPEAR,10,121,38,56,0
aPEAR,10,121,38,57,0
aPEAR,46,122,38,1,0
aPEAR,46,122,38,2,0
aPEAR,46,122,38,3,0
aPEAR,46,122,38,4,0
aPEAR,46,122,38,5,0
aPEAR,46,122,38,6,0
aPEAR,46,122,38,7,0
aPEAR,46,122,38,8,0
aPEAR,46,122,38,9,0
aPEAR,46,122,38,10,0
aPEAR,46,122,38,11,0
aPEAR,46,122,38,12,0
aPEAR,46,122,38,13,0
aPEAR,46,122,38,14,0
aPEAR,46,122,38,15,0
aPEAR,46,122,38,16,0
aPEAR,46,122,38,17,0
aPEAR,46,122,38,18,0
aPEAR,46,122,38,19,0
aPEAR,46,122,38,20,0
aPEAR,46,122,38,21,0
aPEAR,46,122,38,22,0
aPEAR,46,122,38,23,0
aPEAR,46,122,38,24,0
aPEAR,46,122,38,25,0
aPEAR,46,122,38,26,0
aPEAR,46,122,38,27,0
aPEAR,46,122,38,28,0
aPEAR,46,122,38,29,0
aPEAR,46,122,38,30,0
aPEAR,46,122,38,31,0
aPEAR,46,122,38,32,0
aPEAR,46,122,38,33,0
aPEAR,46,122,38,34,0
aPEAR,46,122,38,35,0
aPEAR,46,122,38,36,0
aPEAR,46,122,38,37,0
aPEAR,46,122,38,38,0.16666666666666666
aPEAR,46,122,38,39,0
aPEAR,46,122,38,40,0
aPEAR,46,122,38,41,0
aPEAR,46,122,38,42,0
aPEAR,46,122,38,43,0
aPEAR,46,122,38,44,0
aPEAR,46,122,38,45,0
aPEAR,46,122,38,46,0
aPEAR,46,122,38,47,0
aPEAR,46,122,38,48,0
aPEAR,46,122,38,49,0
aPEAR,46,122,38,50,0
aPEAR,46,122,38,51,0
aPEAR,46,122,38,52,0
aPEAR,46,122,38,53,0
aPEAR,46,122,38,54,0.11764705882352941
aPEAR,46,122,38,55,0
aPEAR,46,122,38,56,0
aPEAR,46,122,38,57,0
aPEAR,161,123,38,1,0
aPEAR,161,123,38,2,0
aPEAR,161,123,38,3,0
aPEAR,161,123,38,4,0
aPEAR,161,123,38,5,0
aPEAR,161,123,38,6,0
aPEAR,161,123,38,7,0
aPEAR,161,123,38,8,0
aPEAR,161,123,38,9,0
aPEAR,161,123,38,10,0
aPEAR,161,123,38,11,0
aPEAR,161,123,38,12,0
aPEAR,161,123,38,13,0
aPEAR,161,123,38,14,0
aPEAR,161,123,38,15,0
aPEAR,161,123,38,16,0
aPEAR,161,123,38,17,0
aPEAR,161,123,38,18,0
aPEAR,161,123,38,19,0
aPEAR,161,123,38,20,0
aPEAR,161,123,38,21,0
aPEAR,161,123,38,22,0
aPEAR,161,123,38,23,0
aPEAR,161,123,38,24,0
aPEAR,161,123,38,25,0
aPEAR,161,123,38,26,0
aPEAR,161,123,38,27,0
aPEAR,161,123,38,28,0
aPEAR,161,123,38,29,0
aPEAR,161,123,38,30,0
aPEAR,161,123,38,31,0
aPEAR,161,123,38,32,0
aPEAR,161,123,38,33,0
aPEAR,161,123,38,34,0
aPEAR,161,123,38,35,0
aPEAR,161,123,38,36,0
aPEAR,161,123,38,37,0
aPEAR,161,123,38,38,0.25
aPEAR,161,123,38,39,0
aPEAR,161,123,38,40,0
aPEAR,161,123,38,41,0
aPEAR,161,123,38,42,0
aPEAR,161,123,38,43,0
aPEAR,161,123,38,44,0
aPEAR,161,123,38,45,0
aPEAR,161,123,38,46,0
aPEAR,161,123,38,47,0
aPEAR,161,123,38,48,0
aPEAR,161,123,38,49,0
aPEAR,161,123,38,50,0
aPEAR,161,123,38,51,0
aPEAR,161,123,38,52,0
aPEAR,161,123,38,53,0
aPEAR,161,123,38,54,0
aPEAR,161,123,38,55,0
aPEAR,161,123,38,56,0
aPEAR,161,123,38,57,0
aPEAR,13,124,39,1,0
aPEAR,13,124,39,2,0
aPEAR,13,124,39,3,0
aPEAR,13,124,39,4,0
aPEAR,13,124,39,5,0
aPEAR,13,124,39,6,0
aPEAR,13,124,39,7,0
aPEAR,13,124,39,8,0
aPEAR,13,124,39,9,0
aPEAR,13,124,39,10,0
aPEAR,13,124,39,11,0
aPEAR,13,124,39,12,0
aPEAR,13,124,39,13,0
aPEAR,13,124,39,14,0
aPEAR,13,124,39,15,0
aPEAR,13,124,39,16,0
aPEAR,13,124,39,17,0
aPEAR,13,124,39,18,0
aPEAR,13,124,39,19,0
aPEAR,13,124,39,20,0
aPEAR,13,124,39,21,0
aPEAR,13,124,39,22,0
aPEAR,13,124,39,23,0
aPEAR,13,124,39,24,0
aPEAR,13,124,39,25,0.1111111111111111
aPEAR,13,124,39,26,0
aPEAR,13,124,39,27,0
aPEAR,13,124,39,28,0
aPEAR,13,124,39,29,0
aPEAR,13,124,39,30,0
aPEAR,13,124,39,31,0
aPEAR,13,124,39,32,0
aPEAR,13,124,39,33,0
aPEAR,13,124,39,34,0
aPEAR,13,124,39,35,0
aPEAR,13,124,39,36,0
aPEAR,13,124,39,37,0
aPEAR,13,124,39,38,0
aPEAR,13,124,39,39,0.16666666666666666
aPEAR,13,124,39,40,0
aPEAR,13,124,39,41,0
aPEAR,13,124,39,42,0
aPEAR,13,124,39,43,0
aPEAR,13,124,39,44,0
aPEAR,13,124,39,45,0
aPEAR,13,124,39,46,0
aPEAR,13,124,39,47,0
aPEAR,13,124,39,48,0
aPEAR,13,124,39,49,0
aPEAR,13,124,39,50,0
aPEAR,13,124,39,51,0
aPEAR,13,124,39,52,0
aPEAR,13,124,39,53,0
aPEAR,13,124,39,54,0.05555555555555555
aPEAR,13,124,39,55,0
aPEAR,13,124,39,56,0
aPEAR,13,124,39,57,0
aPEAR,34,125,39,1,0
aPEAR,34,125,39,2,0
aPEAR,34,125,39,3,0
aPEAR,34,125,39,4,0
aPEAR,34,125,39,5,0
aPEAR,34,125,39,6,0
aPEAR,34,125,39,7,0
aPEAR,34,125,39,8,0
aPEAR,34,125,39,9,0
aPEAR,34,125,39,10,0.1111111111111111
aPEAR,34,125,39,11,0
aPEAR,34,125,39,12,0
aPEAR,34,125,39,13,0
aPEAR,34,125,39,14,0
aPEAR,34,125,39,15,0
aPEAR,34,125,39,16,0
aPEAR,34,125,39,17,0
aPEAR,34,125,39,18,0
aPEAR,34,125,39,19,0
aPEAR,34,125,39,20,0
aPEAR,34,125,39,21,0
aPEAR,34,125,39,22,0
aPEAR,34,125,39,23,0
aPEAR,34,125,39,24,0
aPEAR,34,125,39,25,0
aPEAR,34,125,39,26,0
aPEAR,34,125,39,27,0
aPEAR,34,125,39,28,0
aPEAR,34,125,39,29,0
aPEAR,34,125,39,30,0
aPEAR,34,125,39,31,0
aPEAR,34,125,39,32,0
aPEAR,34,125,39,33,0
aPEAR,34,125,39,34,0
aPEAR,34,125,39,35,0
aPEAR,34,125,39,36,0
aPEAR,34,125,39,37,0
aPEAR,34,125,39,38,0
aPEAR,34,125,39,39,0.2
aPEAR,34,125,39,40,0
aPEAR,34,125,39,41,0
aPEAR,34,125,39,42,0
aPEAR,34,125,39,43,0
aPEAR,34,125,39,44,0
aPEAR,34,125,39,45,0
aPEAR,34,125,39,46,0
aPEAR,34,125,39,47,0
aPEAR,34,125,39,48,0
aPEAR,34,125,39,49,0
aPEAR,34,125,39,50,0
aPEAR,34,125,39,51,0
aPEAR,34,125,39,52,0
aPEAR,34,125,39,53,0
aPEAR,34,125,39,54,0
aPEAR,34,125,39,55,0
aPEAR,34,125,39,56,0
aPEAR,34,125,39,57,0
aPEAR,91,126,39,1,0
aPEAR,91,126,39,2,0
aPEAR,91,126,39,3,0
aPEAR,91,126,39,4,0
aPEAR,91,126,39,5,0
aPEAR,91,126,39,6,0
aPEAR,91,126,39,7,0
aPEAR,91,126,39,8,0
aPEAR,91,126,39,9,0
aPEAR,91,126,39,10,0
aPEAR,91,126,39,11,0
aPEAR,91,126,39,12,0
aPEAR,91,126,39,13,0
aPEAR,91,126,39,14,0
aPEAR,91,126,39,15,0
aPEAR,91,126,39,16,0
aPEAR,91,126,39,17,0
aPEAR,91,126,39,18,0
aPEAR,91,126,39,19,0
aPEAR,91,126,39,20,0
aPEAR,91,126,39,21,0
aPEAR,91,126,39,22,0
aPEAR,91,126,39,23,0
aPEAR,91,126,39,24,0
aPEAR,91,126,39,25,0
aPEAR,91,126,39,26,0
aPEAR,91,126,39,27,0
aPEAR,91,126,39,28,0
aPEAR,91,126,39,29,0
aPEAR,91,126,39,30,0
aPEAR,91,126,39,31,0
aPEAR,91,126,39,32,0
aPEAR,91,126,39,33,0
aPEAR,91,126,39,34,0
aPEAR,91,126,39,35,0
aPEAR,91,126,39,36,0
aPEAR,91,126,39,37,0
aPEAR,91,126,39,38,0
aPEAR,91,126,39,39,0.2
aPEAR,91,126,39,40,0
aPEAR,91,126,39,41,0
aPEAR,91,126,39,42,0
aPEAR,91,126,39,43,0
aPEAR,91,126,39,44,0
aPEAR,91,126,39,45,0
aPEAR,91,126,39,46,0
aPEAR,91,126,39,47,0
aPEAR,91,126,39,48,0
aPEAR,91,126,39,49,0
aPEAR,91,126,39,50,0
aPEAR,91,126,39,51,0
aPEAR,91,126,39,52,0
aPEAR,91,126,39,53,0
aPEAR,91,126,39,54,0.058823529411764705
aPEAR,91,126,39,55,0
aPEAR,91,126,39,56,0
aPEAR,91,126,39,57,0
aPEAR,143,127,39,1,0
aPEAR,143,127,39,2,0
aPEAR,143,127,39,3,0
aPEAR,143,127,39,4,0
aPEAR,143,127,39,5,0
aPEAR,143,127,39,6,0
aPEAR,143,127,39,7,0
aPEAR,143,127,39,8,0
aPEAR,143,127,39,9,0
aPEAR,143,127,39,10,0
aPEAR,143,127,39,11,0
aPEAR,143,127,39,12,0
aPEAR,143,127,39,13,0
aPEAR,143,127,39,14,0
aPEAR,143,127,39,15,0
aPEAR,143,127,39,16,0
aPEAR,143,127,39,17,0
aPEAR,143,127,39,18,0
aPEAR,143,127,39,19,0
aPEAR,143,127,39,20,0
aPEAR,143,127,39,21,0
aPEAR,143,127,39,22,0
aPEAR,143,127,39,23,0
aPEAR,143,127,39,24,0
aPEAR,143,127,39,25,0
aPEAR,143,127,39,26,0
aPEAR,143,127,39,27,0
aPEAR,143,127,39,28,0
aPEAR,143,127,39,29,0
aPEAR,143,127,39,30,0
aPEAR,143,127,39,31,0
aPEAR,143,127,39,32,0
aPEAR,143,127,39,33,0
aPEAR,143,127,39,34,0
aPEAR,143,127,39,35,0
aPEAR,143,127,39,36,0
aPEAR,143,127,39,37,0
aPEAR,143,127,39,38,0
aPEAR,143,127,39,39,0.25
aPEAR,143,127,39,40,0
aPEAR,143,127,39,41,0
aPEAR,143,127,39,42,0
aPEAR,143,127,39,43,0
aPEAR,143,127,39,44,0
aPEAR,143,127,39,45,0
aPEAR,143,127,39,46,0
aPEAR,143,127,39,47,0
aPEAR,143,127,39,48,0
aPEAR,143,127,39,49,0
aPEAR,143,127,39,50,0
aPEAR,143,127,39,51,0
aPEAR,143,127,39,52,0
aPEAR,143,127,39,53,0
aPEAR,143,127,39,54,0
aPEAR,143,127,39,55,0
aPEAR,143,127,39,56,0
aPEAR,143,127,39,57,0
aPEAR,52,128,40,1,0
aPEAR,52,128,40,2,0
aPEAR,52,128,40,3,0
aPEAR,52,128,40,4,0
aPEAR,52,128,40,5,0
aPEAR,52,128,40,6,0
aPEAR,52,128,40,7,0
aPEAR,52,128,40,8,0
aPEAR,52,128,40,9,0
aPEAR,52,128,40,10,0
aPEAR,52,128,40,11,0
aPEAR,52,128,40,12,0.16666666666666666
aPEAR,52,128,40,13,0
aPEAR,52,128,40,14,0
aPEAR,52,128,40,15,0
aPEAR,52,128,40,16,0
aPEAR,52,128,40,17,0
aPEAR,52,128,40,18,0
aPEAR,52,128,40,19,0
aPEAR,52,128,40,20,0
aPEAR,52,128,40,21,0
aPEAR,52,128,40,22,0
aPEAR,52,128,40,23,0
aPEAR,52,128,40,24,0
aPEAR,52,128,40,25,0
aPEAR,52,128,40,26,0
aPEAR,52,128,40,27,0
aPEAR,52,128,40,28,0
aPEAR,52,128,40,29,0
aPEAR,52,128,40,30,0
aPEAR,52,128,40,31,0
aPEAR,52,128,40,32,0
aPEAR,52,128,40,33,0
aPEAR,52,128,40,34,0
aPEAR,52,128,40,35,0
aPEAR,52,128,40,36,0
aPEAR,52,128,40,37,0
aPEAR,52,128,40,38,0
aPEAR,52,128,40,39,0
aPEAR,52,128,40,40,0.3333333333333333
aPEAR,52,128,40,41,0
aPEAR,52,128,40,42,0
aPEAR,52,128,40,43,0
aPEAR,52,128,40,44,0
aPEAR,52,128,40,45,0
aPEAR,52,128,40,46,0
aPEAR,52,128,40,47,0
aPEAR,52,128,40,48,0
aPEAR,52,128,40,49,0
aPEAR,52,128,40,50,0
aPEAR,52,128,40,51,0
aPEAR,52,128,40,52,0
aPEAR,52,128,40,53,0
aPEAR,52,128,40,54,0
aPEAR,52,128,40,55,0
aPEAR,52,128,40,56,0
aPEAR,52,128,40,57,0
aPEAR,167,129,40,1,0
aPEAR,167,129,40,2,0
aPEAR,167,129,40,3,0
aPEAR,167,129,40,4,0
aPEAR,167,129,40,5,0
aPEAR,167,129,40,6,0
aPEAR,167,129,40,7,0
aPEAR,167,129,40,8,0
aPEAR,167,129,40,9,0
aPEAR,167,129,40,10,0
aPEAR,167,129,40,11,0
aPEAR,167,129,40,12,0
aPEAR,167,129,40,13,0
aPEAR,167,129,40,14,0
aPEAR,167,129,40,15,0
aPEAR,167,129,40,16,0
aPEAR,167,129,40,17,0
aPEAR,167,129,40,18,0
aPEAR,167,129,40,19,0
aPEAR,167,129,40,20,0
aPEAR,167,129,40,21,0
aPEAR,167,129,40,22,0
aPEAR,167,129,40,23,0
aPEAR,167,129,40,24,0
aPEAR,167,129,40,25,0
aPEAR,167,129,40,26,0
aPEAR,167,129,40,27,0
aPEAR,167,129,40,28,0
aPEAR,167,129,40,29,0
aPEAR,167,129,40,30,0
aPEAR,167,129,40,31,0
aPEAR,167,129,40,32,0
aPEAR,167,129,40,33,0
aPEAR,167,129,40,34,0
aPEAR,167,129,40,35,0
aPEAR,167,129,40,36,0
aPEAR,167,129,40,37,0
aPEAR,167,129,40,38,0
aPEAR,167,129,40,39,0
aPEAR,167,129,40,40,0.2
aPEAR,167,129,40,41,0
aPEAR,167,129,40,42,0
aPEAR,167,129,40,43,0
aPEAR,167,129,40,44,0
aPEAR,167,129,40,45,0
aPEAR,167,129,40,46,0
aPEAR,167,129,40,47,0
aPEAR,167,129,40,48,0
aPEAR,167,129,40,49,0
aPEAR,167,129,40,50,0
aPEAR,167,129,40,51,0
aPEAR,167,129,40,52,0
aPEAR,167,129,40,53,0
aPEAR,167,129,40,54,0
aPEAR,167,129,40,55,0
aPEAR,167,129,40,56,0
aPEAR,167,129,40,57,0
aPEAR,168,130,40,1,0
aPEAR,168,130,40,2,0
aPEAR,168,130,40,3,0
aPEAR,168,130,40,4,0
aPEAR,168,130,40,5,0
aPEAR,168,130,40,6,0
aPEAR,168,130,40,7,0
aPEAR,168,130,40,8,0
aPEAR,168,130,40,9,0
aPEAR,168,130,40,10,0
aPEAR,168,130,40,11,0
aPEAR,168,130,40,12,0
aPEAR,168,130,40,13,0
aPEAR,168,130,40,14,0
aPEAR,168,130,40,15,0
aPEAR,168,130,40,16,0
aPEAR,168,130,40,17,0
aPEAR,168,130,40,18,0
aPEAR,168,130,40,19,0
aPEAR,168,130,40,20,0
aPEAR,168,130,40,21,0
aPEAR,168,130,40,22,0
aPEAR,168,130,40,23,0
aPEAR,168,130,40,24,0
aPEAR,168,130,40,25,0
aPEAR,168,130,40,26,0
aPEAR,168,130,40,27,0
aPEAR,168,130,40,28,0
aPEAR,168,130,40,29,0
aPEAR,168,130,40,30,0
aPEAR,168,130,40,31,0
aPEAR,168,130,40,32,0
aPEAR,168,130,40,33,0
aPEAR,168,130,40,34,0
aPEAR,168,130,40,35,0
aPEAR,168,130,40,36,0
aPEAR,168,130,40,37,0
aPEAR,168,130,40,38,0
aPEAR,168,130,40,39,0
aPEAR,168,130,40,40,0.2
aPEAR,168,130,40,41,0
aPEAR,168,130,40,42,0
aPEAR,168,130,40,43,0
aPEAR,168,130,40,44,0
aPEAR,168,130,40,45,0
aPEAR,168,130,40,46,0
aPEAR,168,130,40,47,0
aPEAR,168,130,40,48,0
aPEAR,168,130,40,49,0
aPEAR,168,130,40,50,0
aPEAR,168,130,40,51,0
aPEAR,168,130,40,52,0
aPEAR,168,130,40,53,0
aPEAR,168,130,40,54,0
aPEAR,168,130,40,55,0
aPEAR,168,130,40,56,0
aPEAR,168,130,40,57,0
aPEAR,60,131,41,1,0
aPEAR,60,131,41,2,0
aPEAR,60,131,41,3,0
aPEAR,60,131,41,4,0
aPEAR,60,131,41,5,0
aPEAR,60,131,41,6,0
aPEAR,60,131,41,7,0
aPEAR,60,131,41,8,0
aPEAR,60,131,41,9,0
aPEAR,60,131,41,10,0
aPEAR,60,131,41,11,0
aPEAR,60,131,41,12,0
aPEAR,60,131,41,13,0
aPEAR,60,131,41,14,0
aPEAR,60,131,41,15,0
aPEAR,60,131,41,16,0
aPEAR,60,131,41,17,0
aPEAR,60,131,41,18,0
aPEAR,60,131,41,19,0
aPEAR,60,131,41,20,0
aPEAR,60,131,41,21,0
aPEAR,60,131,41,22,0
aPEAR,60,131,41,23,0
aPEAR,60,131,41,24,0
aPEAR,60,131,41,25,0
aPEAR,60,131,41,26,0
aPEAR,60,131,41,27,0
aPEAR,60,131,41,28,0
aPEAR,60,131,41,29,0
aPEAR,60,131,41,30,0
aPEAR,60,131,41,31,0
aPEAR,60,131,41,32,0
aPEAR,60,131,41,33,0
aPEAR,60,131,41,34,0
aPEAR,60,131,41,35,0
aPEAR,60,131,41,36,0
aPEAR,60,131,41,37,0
aPEAR,60,131,41,38,0
aPEAR,60,131,41,39,0
aPEAR,60,131,41,40,0
aPEAR,60,131,41,41,0.75
aPEAR,60,131,41,42,0
aPEAR,60,131,41,43,0
aPEAR,60,131,41,44,0
aPEAR,60,131,41,45,0
aPEAR,60,131,41,46,0
aPEAR,60,131,41,47,0
aPEAR,60,131,41,48,0
aPEAR,60,131,41,49,0
aPEAR,60,131,41,50,0
aPEAR,60,131,41,51,0
aPEAR,60,131,41,52,0
aPEAR,60,131,41,53,0
aPEAR,60,131,41,54,0
aPEAR,60,131,41,55,0
aPEAR,60,131,41,56,0
aPEAR,60,131,41,57,0
aPEAR,127,132,41,1,0
aPEAR,127,132,41,2,0
aPEAR,127,132,41,3,0
aPEAR,127,132,41,4,0
aPEAR,127,132,41,5,0
aPEAR,127,132,41,6,0
aPEAR,127,132,41,7,0
aPEAR,127,132,41,8,0
aPEAR,127,132,41,9,0
aPEAR,127,132,41,10,0
aPEAR,127,132,41,11,0
aPEAR,127,132,41,12,0
aPEAR,127,132,41,13,0
aPEAR,127,132,41,14,0
aPEAR,127,132,41,15,0
aPEAR,127,132,41,16,0
aPEAR,127,132,41,17,0
aPEAR,127,132,41,18,0
aPEAR,127,132,41,19,0
aPEAR,127,132,41,20,0
aPEAR,127,132,41,21,0
aPEAR,127,132,41,22,0
aPEAR,127,132,41,23,0
aPEAR,127,132,41,24,0
aPEAR,127,132,41,25,0
aPEAR,127,132,41,26,0
aPEAR,127,132,41,27,0
aPEAR,127,132,41,28,0
aPEAR,127,132,41,29,0
aPEAR,127,132,41,30,0
aPEAR,127,132,41,31,0
aPEAR,127,132,41,32,0
aPEAR,127,132,41,33,0
aPEAR,127,132,41,34,0
aPEAR,127,132,41,35,0
aPEAR,127,132,41,36,0
aPEAR,127,132,41,37,0
aPEAR,127,132,41,38,0
aPEAR,127,132,41,39,0
aPEAR,127,132,41,40,0
aPEAR,127,132,41,41,0.25
aPEAR,127,132,41,42,0
aPEAR,127,132,41,43,0
aPEAR,127,132,41,44,0
aPEAR,127,132,41,45,0
aPEAR,127,132,41,46,0
aPEAR,127,132,41,47,0
aPEAR,127,132,41,48,0
aPEAR,127,132,41,49,0
aPEAR,127,132,41,50,0
aPEAR,127,132,41,51,0
aPEAR,127,132,41,52,0
aPEAR,127,132,41,53,0
aPEAR,127,132,41,54,0
aPEAR,127,132,41,55,0
aPEAR,127,132,41,56,0
aPEAR,127,132,41,57,0
aPEAR,8,133,42,1,0
aPEAR,8,133,42,2,0
aPEAR,8,133,42,3,0
aPEAR,8,133,42,4,0
aPEAR,8,133,42,5,0
aPEAR,8,133,42,6,0
aPEAR,8,133,42,7,0
aPEAR,8,133,42,8,0
aPEAR,8,133,42,9,0
aPEAR,8,133,42,10,0
aPEAR,8,133,42,11,0
aPEAR,8,133,42,12,0
aPEAR,8,133,42,13,0
aPEAR,8,133,42,14,0
aPEAR,8,133,42,15,0
aPEAR,8,133,42,16,0
aPEAR,8,133,42,17,0
aPEAR,8,133,42,18,0
aPEAR,8,133,42,19,0
aPEAR,8,133,42,20,0
aPEAR,8,133,42,21,0
aPEAR,8,133,42,22,0
aPEAR,8,133,42,23,0
aPEAR,8,133,42,24,0
aPEAR,8,133,42,25,0
aPEAR,8,133,42,26,0
aPEAR,8,133,42,27,0
aPEAR,8,133,42,28,0
aPEAR,8,133,42,29,0
aPEAR,8,133,42,30,0
aPEAR,8,133,42,31,0
aPEAR,8,133,42,32,0
aPEAR,8,133,42,33,0
aPEAR,8,133,42,34,0
aPEAR,8,133,42,35,0
aPEAR,8,133,42,36,0
aPEAR,8,133,42,37,0
aPEAR,8,133,42,38,0
aPEAR,8,133,42,39,0
aPEAR,8,133,42,40,0
aPEAR,8,133,42,41,0
aPEAR,8,133,42,42,0.2
aPEAR,8,133,42,43,0
aPEAR,8,133,42,44,0
aPEAR,8,133,42,45,0
aPEAR,8,133,42,46,0
aPEAR,8,133,42,47,0
aPEAR,8,133,42,48,0
aPEAR,8,133,42,49,0
aPEAR,8,133,42,50,0
aPEAR,8,133,42,51,0
aPEAR,8,133,42,52,0
aPEAR,8,133,42,53,0
aPEAR,8,133,42,54,0.058823529411764705
aPEAR,8,133,42,55,0
aPEAR,8,133,42,56,0
aPEAR,8,133,42,57,0
aPEAR,40,134,42,1,0
aPEAR,40,134,42,2,0
aPEAR,40,134,42,3,0
aPEAR,40,134,42,4,0
aPEAR,40,134,42,5,0
aPEAR,40,134,42,6,0
aPEAR,40,134,42,7,0
aPEAR,40,134,42,8,0
aPEAR,40,134,42,9,0
aPEAR,40,134,42,10,0
aPEAR,40,134,42,11,0
aPEAR,40,134,42,12,0
aPEAR,40,134,42,13,0
aPEAR,40,134,42,14,0
aPEAR,40,134,42,15,0
aPEAR,40,134,42,16,0
aPEAR,40,134,42,17,0
aPEAR,40,134,42,18,0
aPEAR,40,134,42,19,0
aPEAR,40,134,42,20,0
aPEAR,40,134,42,21,0
aPEAR,40,134,42,22,0
aPEAR,40,134,42,23,0
aPEAR,40,134,42,24,0
aPEAR,40,134,42,25,0.125
aPEAR,40,134,42,26,0
aPEAR,40,134,42,27,0
aPEAR,40,134,42,28,0
aPEAR,40,134,42,29,0
aPEAR,40,134,42,30,0
aPEAR,40,134,42,31,0
aPEAR,40,134,42,32,0
aPEAR,40,134,42,33,0
aPEAR,40,134,42,34,0
aPEAR,40,134,42,35,0
aPEAR,40,134,42,36,0
aPEAR,40,134,42,37,0
aPEAR,40,134,42,38,0
aPEAR,40,134,42,39,0
aPEAR,40,134,42,40,0
aPEAR,40,134,42,41,0
aPEAR,40,134,42,42,0.2
aPEAR,40,134,42,43,0
aPEAR,40,134,42,44,0
aPEAR,40,134,42,45,0
aPEAR,40,134,42,46,0
aPEAR,40,134,42,47,0
aPEAR,40,134,42,48,0
aPEAR,40,134,42,49,0
aPEAR,40,134,42,50,0
aPEAR,40,134,42,51,0
aPEAR,40,134,42,52,0
aPEAR,40,134,42,53,0
aPEAR,40,134,42,54,0
aPEAR,40,134,42,55,0
aPEAR,40,134,42,56,0
aPEAR,40,134,42,57,0
aPEAR,69,135,42,1,0
aPEAR,69,135,42,2,0
aPEAR,69,135,42,3,0
aPEAR,69,135,42,4,0
aPEAR,69,135,42,5,0
aPEAR,69,135,42,6,0
aPEAR,69,135,42,7,0
aPEAR,69,135,42,8,0
aPEAR,69,135,42,9,0
aPEAR,69,135,42,10,0
aPEAR,69,135,42,11,0
aPEAR,69,135,42,12,0
aPEAR,69,135,42,13,0
aPEAR,69,135,42,14,0
aPEAR,69,135,42,15,0
aPEAR,69,135,42,16,0
aPEAR,69,135,42,17,0.125
aPEAR,69,135,42,18,0
aPEAR,69,135,42,19,0
aPEAR,69,135,42,20,0
aPEAR,69,135,42,21,0
aPEAR,69,135,42,22,0
aPEAR,69,135,42,23,0
aPEAR,69,135,42,24,0
aPEAR,69,135,42,25,0
aPEAR,69,135,42,26,0
aPEAR,69,135,42,27,0
aPEAR,69,135,42,28,0
aPEAR,69,135,42,29,0
aPEAR,69,135,42,30,0
aPEAR,69,135,42,31,0
aPEAR,69,135,42,32,0
aPEAR,69,135,42,33,0
aPEAR,69,135,42,34,0
aPEAR,69,135,42,35,0
aPEAR,69,135,42,36,0
aPEAR,69,135,42,37,0
aPEAR,69,135,42,38,0
aPEAR,69,135,42,39,0
aPEAR,69,135,42,40,0
aPEAR,69,135,42,41,0
aPEAR,69,135,42,42,0.2
aPEAR,69,135,42,43,0
aPEAR,69,135,42,44,0
aPEAR,69,135,42,45,0
aPEAR,69,135,42,46,0
aPEAR,69,135,42,47,0
aPEAR,69,135,42,48,0
aPEAR,69,135,42,49,0
aPEAR,69,135,42,50,0
aPEAR,69,135,42,51,0
aPEAR,69,135,42,52,0
aPEAR,69,135,42,53,0
aPEAR,69,135,42,54,0
aPEAR,69,135,42,55,0
aPEAR,69,135,42,56,0
aPEAR,69,135,42,57,0
aPEAR,90,136,42,1,0
aPEAR,90,136,42,2,0
aPEAR,90,136,42,3,0
aPEAR,90,136,42,4,0
aPEAR,90,136,42,5,0
aPEAR,90,136,42,6,0
aPEAR,90,136,42,7,0
aPEAR,90,136,42,8,0
aPEAR,90,136,42,9,0
aPEAR,90,136,42,10,0
aPEAR,90,136,42,11,0
aPEAR,90,136,42,12,0
aPEAR,90,136,42,13,0
aPEAR,90,136,42,14,0
aPEAR,90,136,42,15,0
aPEAR,90,136,42,16,0
aPEAR,90,136,42,17,0
aPEAR,90,136,42,18,0
aPEAR,90,136,42,19,0
aPEAR,90,136,42,20,0
aPEAR,90,136,42,21,0
aPEAR,90,136,42,22,0
aPEAR,90,136,42,23,0
aPEAR,90,136,42,24,0
aPEAR,90,136,42,25,0
aPEAR,90,136,42,26,0
aPEAR,90,136,42,27,0
aPEAR,90,136,42,28,0
aPEAR,90,136,42,29,0
aPEAR,90,136,42,30,0
aPEAR,90,136,42,31,0
aPEAR,90,136,42,32,0
aPEAR,90,136,42,33,0
aPEAR,90,136,42,34,0
aPEAR,90,136,42,35,0
aPEAR,90,136,42,36,0
aPEAR,90,136,42,37,0
aPEAR,90,136,42,38,0
aPEAR,90,136,42,39,0
aPEAR,90,136,42,40,0
aPEAR,90,136,42,41,0
aPEAR,90,136,42,42,0.16666666666666666
aPEAR,90,136,42,43,0
aPEAR,90,136,42,44,0
aPEAR,90,136,42,45,0
aPEAR,90,136,42,46,0
aPEAR,90,136,42,47,0
aPEAR,90,136,42,48,0
aPEAR,90,136,42,49,0
aPEAR,90,136,42,50,0
aPEAR,90,136,42,51,0
aPEAR,90,136,42,52,0
aPEAR,90,136,42,53,0
aPEAR,90,136,42,54,0.11764705882352941
aPEAR,90,136,42,55,0
aPEAR,90,136,42,56,0
aPEAR,90,136,42,57,0
aPEAR,98,137,43,1,0
aPEAR,98,137,43,2,0
aPEAR,98,137,43,3,0
aPEAR,98,137,43,4,0
aPEAR,98,137,43,5,0
aPEAR,98,137,43,6,0
aPEAR,98,137,43,7,0
aPEAR,98,137,43,8,0
aPEAR,98,137,43,9,0
aPEAR,98,137,43,10,0
aPEAR,98,137,43,11,0
aPEAR,98,137,43,12,0
aPEAR,98,137,43,13,0
aPEAR,98,137,43,14,0
aPEAR,98,137,43,15,0
aPEAR,98,137,43,16,0
aPEAR,98,137,43,17,0
aPEAR,98,137,43,18,0
aPEAR,98,137,43,19,0
aPEAR,98,137,43,20,0
aPEAR,98,137,43,21,0
aPEAR,98,137,43,22,0
aPEAR,98,137,43,23,0
aPEAR,98,137,43,24,0
aPEAR,98,137,43,25,0
aPEAR,98,137,43,26,0
aPEAR,98,137,43,27,0
aPEAR,98,137,43,28,0
aPEAR,98,137,43,29,0
aPEAR,98,137,43,30,0
aPEAR,98,137,43,31,0
aPEAR,98,137,43,32,0
aPEAR,98,137,43,33,0
aPEAR,98,137,43,34,0
aPEAR,98,137,43,35,0
aPEAR,98,137,43,36,0
aPEAR,98,137,43,37,0
aPEAR,98,137,43,38,0
aPEAR,98,137,43,39,0
aPEAR,98,137,43,40,0
aPEAR,98,137,43,41,0
aPEAR,98,137,43,42,0
aPEAR,98,137,43,43,0.125
aPEAR,98,137,43,44,0.125
aPEAR,98,137,43,45,0
aPEAR,98,137,43,46,0
aPEAR,98,137,43,47,0
aPEAR,98,137,43,48,0
aPEAR,98,137,43,49,0
aPEAR,98,137,43,50,0
aPEAR,98,137,43,51,0
aPEAR,98,137,43,52,0
aPEAR,98,137,43,53,0
aPEAR,98,137,43,54,0
aPEAR,98,137,43,55,0
aPEAR,98,137,43,56,0
aPEAR,98,137,43,57,0
aPEAR,139,138,43,1,0
aPEAR,139,138,43,2,0
aPEAR,139,138,43,3,0
aPEAR,139,138,43,4,0
aPEAR,139,138,43,5,0
aPEAR,139,138,43,6,0
aPEAR,139,138,43,7,0
aPEAR,139,138,43,8,0
aPEAR,139,138,43,9,0
aPEAR,139,138,43,10,0
aPEAR,139,138,43,11,0
aPEAR,139,138,43,12,0
aPEAR,139,138,43,13,0
aPEAR,139,138,43,14,0
aPEAR,139,138,43,15,0
aPEAR,139,138,43,16,0
aPEAR,139,138,43,17,0
aPEAR,139,138,43,18,0
aPEAR,139,138,43,19,0
aPEAR,139,138,43,20,0
aPEAR,139,138,43,21,0
aPEAR,139,138,43,22,0
aPEAR,139,138,43,23,0
aPEAR,139,138,43,24,0
aPEAR,139,138,43,25,0
aPEAR,139,138,43,26,0
aPEAR,139,138,43,27,0
aPEAR,139,138,43,28,0
aPEAR,139,138,43,29,0
aPEAR,139,138,43,30,0
aPEAR,139,138,43,31,0
aPEAR,139,138,43,32,0
aPEAR,139,138,43,33,0
aPEAR,139,138,43,34,0
aPEAR,139,138,43,35,0
aPEAR,139,138,43,36,0
aPEAR,139,138,43,37,0
aPEAR,139,138,43,38,0
aPEAR,139,138,43,39,0
aPEAR,139,138,43,40,0
aPEAR,139,138,43,41,0
aPEAR,139,138,43,42,0
aPEAR,139,138,43,43,0.14285714285714285
aPEAR,139,138,43,44,0
aPEAR,139,138,43,45,0
aPEAR,139,138,43,46,0
aPEAR,139,138,43,47,0
aPEAR,139,138,43,48,0
aPEAR,139,138,43,49,0
aPEAR,139,138,43,50,0
aPEAR,139,138,43,51,0
aPEAR,139,138,43,52,0
aPEAR,139,138,43,53,0
aPEAR,139,138,43,54,0
aPEAR,139,138,43,55,0
aPEAR,139,138,43,56,0
aPEAR,139,138,43,57,0
aPEAR,133,139,44,1,0
aPEAR,133,139,44,2,0
aPEAR,133,139,44,3,0
aPEAR,133,139,44,4,0
aPEAR,133,139,44,5,0
aPEAR,133,139,44,6,0
aPEAR,133,139,44,7,0
aPEAR,133,139,44,8,0
aPEAR,133,139,44,9,0
aPEAR,133,139,44,10,0
aPEAR,133,139,44,11,0
aPEAR,133,139,44,12,0
aPEAR,133,139,44,13,0
aPEAR,133,139,44,14,0
aPEAR,133,139,44,15,0
aPEAR,133,139,44,16,0
aPEAR,133,139,44,17,0
aPEAR,133,139,44,18,0
aPEAR,133,139,44,19,0
aPEAR,133,139,44,20,0
aPEAR,133,139,44,21,0
aPEAR,133,139,44,22,0
aPEAR,133,139,44,23,0
aPEAR,133,139,44,24,0
aPEAR,133,139,44,25,0
aPEAR,133,139,44,26,0
aPEAR,133,139,44,27,0
aPEAR,133,139,44,28,0
aPEAR,133,139,44,29,0
aPEAR,133,139,44,30,0
aPEAR,133,139,44,31,0
aPEAR,133,139,44,32,0
aPEAR,133,139,44,33,0
aPEAR,133,139,44,34,0
aPEAR,133,139,44,35,0
aPEAR,133,139,44,36,0
aPEAR,133,139,44,37,0
aPEAR,133,139,44,38,0
aPEAR,133,139,44,39,0
aPEAR,133,139,44,40,0
aPEAR,133,139,44,41,0
aPEAR,133,139,44,42,0
aPEAR,133,139,44,43,0
aPEAR,133,139,44,44,0.14285714285714285
aPEAR,133,139,44,45,0
aPEAR,133,139,44,46,0
aPEAR,133,139,44,47,0
aPEAR,133,139,44,48,0
aPEAR,133,139,44,49,0
aPEAR,133,139,44,50,0
aPEAR,133,139,44,51,0
aPEAR,133,139,44,52,0
aPEAR,133,139,44,53,0
aPEAR,133,139,44,54,0
aPEAR,133,139,44,55,0
aPEAR,133,139,44,56,0
aPEAR,133,139,44,57,0
aPEAR,169,140,44,1,0
aPEAR,169,140,44,2,0
aPEAR,169,140,44,3,0
aPEAR,169,140,44,4,0
aPEAR,169,140,44,5,0
aPEAR,169,140,44,6,0
aPEAR,169,140,44,7,0
aPEAR,169,140,44,8,0
aPEAR,169,140,44,9,0
aPEAR,169,140,44,10,0
aPEAR,169,140,44,11,0
aPEAR,169,140,44,12,0
aPEAR,169,140,44,13,0
aPEAR,169,140,44,14,0
aPEAR,169,140,44,15,0
aPEAR,169,140,44,16,0
aPEAR,169,140,44,17,0
aPEAR,169,140,44,18,0
aPEAR,169,140,44,19,0
aPEAR,169,140,44,20,0
aPEAR,169,140,44,21,0
aPEAR,169,140,44,22,0
aPEAR,169,140,44,23,0
aPEAR,169,140,44,24,0
aPEAR,169,140,44,25,0
aPEAR,169,140,44,26,0
aPEAR,169,140,44,27,0
aPEAR,169,140,44,28,0
aPEAR,169,140,44,29,0
aPEAR,169,140,44,30,0
aPEAR,169,140,44,31,0
aPEAR,169,140,44,32,0
aPEAR,169,140,44,33,0
aPEAR,169,140,44,34,0
aPEAR,169,140,44,35,0
aPEAR,169,140,44,36,0
aPEAR,169,140,44,37,0
aPEAR,169,140,44,38,0
aPEAR,169,140,44,39,0
aPEAR,169,140,44,40,0
aPEAR,169,140,44,41,0
aPEAR,169,140,44,42,0
aPEAR,169,140,44,43,0
aPEAR,169,140,44,44,0.14285714285714285
aPEAR,169,140,44,45,0
aPEAR,169,140,44,46,0
aPEAR,169,140,44,47,0
aPEAR,169,140,44,48,0
aPEAR,169,140,44,49,0
aPEAR,169,140,44,50,0
aPEAR,169,140,44,51,0
aPEAR,169,140,44,52,0
aPEAR,169,140,44,53,0
aPEAR,169,140,44,54,0
aPEAR,169,140,44,55,0
aPEAR,169,140,44,56,0
aPEAR,169,140,44,57,0
aPEAR,172,141,44,1,0
aPEAR,172,141,44,2,0
aPEAR,172,141,44,3,0
aPEAR,172,141,44,4,0
aPEAR,172,141,44,5,0
aPEAR,172,141,44,6,0
aPEAR,172,141,44,7,0
aPEAR,172,141,44,8,0
aPEAR,172,141,44,9,0
aPEAR,172,141,44,10,0
aPEAR,172,141,44,11,0
aPEAR,172,141,44,12,0
aPEAR,172,141,44,13,0
aPEAR,172,141,44,14,0
aPEAR,172,141,44,15,0
aPEAR,172,141,44,16,0
aPEAR,172,141,44,17,0
aPEAR,172,141,44,18,0
aPEAR,172,141,44,19,0
aPEAR,172,141,44,20,0
aPEAR,172,141,44,21,0
aPEAR,172,141,44,22,0
aPEAR,172,141,44,23,0
aPEAR,172,141,44,24,0
aPEAR,172,141,44,25,0
aPEAR,172,141,44,26,0
aPEAR,172,141,44,27,0
aPEAR,172,141,44,28,0
aPEAR,172,141,44,29,0
aPEAR,172,141,44,30,0
aPEAR,172,141,44,31,0
aPEAR,172,141,44,32,0
aPEAR,172,141,44,33,0
aPEAR,172,141,44,34,0
aPEAR,172,141,44,35,0
aPEAR,172,141,44,36,0
aPEAR,172,141,44,37,0
aPEAR,172,141,44,38,0
aPEAR,172,141,44,39,0
aPEAR,172,141,44,40,0
aPEAR,172,141,44,41,0
aPEAR,172,141,44,42,0
aPEAR,172,141,44,43,0
aPEAR,172,141,44,44,0.14285714285714285
aPEAR,172,141,44,45,0
aPEAR,172,141,44,46,0
aPEAR,172,141,44,47,0
aPEAR,172,141,44,48,0
aPEAR,172,141,44,49,0
aPEAR,172,141,44,50,0
aPEAR,172,141,44,51,0
aPEAR,172,141,44,52,0
aPEAR,172,141,44,53,0
aPEAR,172,141,44,54,0
aPEAR,172,141,44,55,0
aPEAR,172,141,44,56,0
aPEAR,172,141,44,57,0
aPEAR,89,142,45,1,0
aPEAR,89,142,45,2,0
aPEAR,89,142,45,3,0
aPEAR,89,142,45,4,0
aPEAR,89,142,45,5,0
aPEAR,89,142,45,6,0
aPEAR,89,142,45,7,0
aPEAR,89,142,45,8,0
aPEAR,89,142,45,9,0
aPEAR,89,142,45,10,0
aPEAR,89,142,45,11,0
aPEAR,89,142,45,12,0
aPEAR,89,142,45,13,0
aPEAR,89,142,45,14,0
aPEAR,89,142,45,15,0
aPEAR,89,142,45,16,0
aPEAR,89,142,45,17,0
aPEAR,89,142,45,18,0
aPEAR,89,142,45,19,0
aPEAR,89,142,45,20,0
aPEAR,89,142,45,21,0
aPEAR,89,142,45,22,0
aPEAR,89,142,45,23,0
aPEAR,89,142,45,24,0
aPEAR,89,142,45,25,0
aPEAR,89,142,45,26,0
aPEAR,89,142,45,27,0
aPEAR,89,142,45,28,0
aPEAR,89,142,45,29,0
aPEAR,89,142,45,30,0
aPEAR,89,142,45,31,0
aPEAR,89,142,45,32,0
aPEAR,89,142,45,33,0
aPEAR,89,142,45,34,0
aPEAR,89,142,45,35,0
aPEAR,89,142,45,36,0
aPEAR,89,142,45,37,0
aPEAR,89,142,45,38,0
aPEAR,89,142,45,39,0
aPEAR,89,142,45,40,0
aPEAR,89,142,45,41,0
aPEAR,89,142,45,42,0
aPEAR,89,142,45,43,0
aPEAR,89,142,45,44,0
aPEAR,89,142,45,45,0.6
aPEAR,89,142,45,46,0
aPEAR,89,142,45,47,0
aPEAR,89,142,45,48,0
aPEAR,89,142,45,49,0
aPEAR,89,142,45,50,0
aPEAR,89,142,45,51,0
aPEAR,89,142,45,52,0.09090909090909091
aPEAR,89,142,45,53,0
aPEAR,89,142,45,54,0
aPEAR,89,142,45,55,0
aPEAR,89,142,45,56,0
aPEAR,89,142,45,57,0
aPEAR,171,143,45,1,0
aPEAR,171,143,45,2,0
aPEAR,171,143,45,3,0
aPEAR,171,143,45,4,0
aPEAR,171,143,45,5,0
aPEAR,171,143,45,6,0
aPEAR,171,143,45,7,0
aPEAR,171,143,45,8,0
aPEAR,171,143,45,9,0
aPEAR,171,143,45,10,0
aPEAR,171,143,45,11,0
aPEAR,171,143,45,12,0
aPEAR,171,143,45,13,0
aPEAR,171,143,45,14,0
aPEAR,171,143,45,15,0
aPEAR,171,143,45,16,0
aPEAR,171,143,45,17,0
aPEAR,171,143,45,18,0
aPEAR,171,143,45,19,0
aPEAR,171,143,45,20,0
aPEAR,171,143,45,21,0
aPEAR,171,143,45,22,0
aPEAR,171,143,45,23,0
aPEAR,171,143,45,24,0
aPEAR,171,143,45,25,0
aPEAR,171,143,45,26,0
aPEAR,171,143,45,27,0
aPEAR,171,143,45,28,0
aPEAR,171,143,45,29,0
aPEAR,171,143,45,30,0
aPEAR,171,143,45,31,0
aPEAR,171,143,45,32,0
aPEAR,171,143,45,33,0
aPEAR,171,143,45,34,0
aPEAR,171,143,45,35,0
aPEAR,171,143,45,36,0
aPEAR,171,143,45,37,0
aPEAR,171,143,45,38,0
aPEAR,171,143,45,39,0
aPEAR,171,143,45,40,0
aPEAR,171,143,45,41,0
aPEAR,171,143,45,42,0
aPEAR,171,143,45,43,0
aPEAR,171,143,45,44,0
aPEAR,171,143,45,45,0.25
aPEAR,171,143,45,46,0
aPEAR,171,143,45,47,0
aPEAR,171,143,45,48,0
aPEAR,171,143,45,49,0
aPEAR,171,143,45,50,0
aPEAR,171,143,45,51,0
aPEAR,171,143,45,52,0
aPEAR,171,143,45,53,0
aPEAR,171,143,45,54,0
aPEAR,171,143,45,55,0
aPEAR,171,143,45,56,0
aPEAR,171,143,45,57,0
aPEAR,7,144,46,1,0
aPEAR,7,144,46,2,0
aPEAR,7,144,46,3,0
aPEAR,7,144,46,4,0
aPEAR,7,144,46,5,0
aPEAR,7,144,46,6,0
aPEAR,7,144,46,7,0
aPEAR,7,144,46,8,0
aPEAR,7,144,46,9,0
aPEAR,7,144,46,10,0
aPEAR,7,144,46,11,0
aPEAR,7,144,46,12,0
aPEAR,7,144,46,13,0
aPEAR,7,144,46,14,0
aPEAR,7,144,46,15,0
aPEAR,7,144,46,16,0
aPEAR,7,144,46,17,0
aPEAR,7,144,46,18,0.1111111111111111
aPEAR,7,144,46,19,0
aPEAR,7,144,46,20,0
aPEAR,7,144,46,21,0
aPEAR,7,144,46,22,0
aPEAR,7,144,46,23,0
aPEAR,7,144,46,24,0
aPEAR,7,144,46,25,0
aPEAR,7,144,46,26,0
aPEAR,7,144,46,27,0
aPEAR,7,144,46,28,0
aPEAR,7,144,46,29,0
aPEAR,7,144,46,30,0
aPEAR,7,144,46,31,0
aPEAR,7,144,46,32,0
aPEAR,7,144,46,33,0
aPEAR,7,144,46,34,0
aPEAR,7,144,46,35,0
aPEAR,7,144,46,36,0
aPEAR,7,144,46,37,0
aPEAR,7,144,46,38,0
aPEAR,7,144,46,39,0
aPEAR,7,144,46,40,0
aPEAR,7,144,46,41,0
aPEAR,7,144,46,42,0
aPEAR,7,144,46,43,0
aPEAR,7,144,46,44,0
aPEAR,7,144,46,45,0
aPEAR,7,144,46,46,0.14285714285714285
aPEAR,7,144,46,47,0
aPEAR,7,144,46,48,0
aPEAR,7,144,46,49,0
aPEAR,7,144,46,50,0
aPEAR,7,144,46,51,0
aPEAR,7,144,46,52,0.1
aPEAR,7,144,46,53,0
aPEAR,7,144,46,54,0
aPEAR,7,144,46,55,0
aPEAR,7,144,46,56,0
aPEAR,7,144,46,57,0
aPEAR,129,145,46,1,0
aPEAR,129,145,46,2,0
aPEAR,129,145,46,3,0
aPEAR,129,145,46,4,0
aPEAR,129,145,46,5,0
aPEAR,129,145,46,6,0
aPEAR,129,145,46,7,0
aPEAR,129,145,46,8,0
aPEAR,129,145,46,9,0
aPEAR,129,145,46,10,0
aPEAR,129,145,46,11,0
aPEAR,129,145,46,12,0
aPEAR,129,145,46,13,0
aPEAR,129,145,46,14,0
aPEAR,129,145,46,15,0
aPEAR,129,145,46,16,0
aPEAR,129,145,46,17,0
aPEAR,129,145,46,18,0
aPEAR,129,145,46,19,0
aPEAR,129,145,46,20,0
aPEAR,129,145,46,21,0
aPEAR,129,145,46,22,0
aPEAR,129,145,46,23,0
aPEAR,129,145,46,24,0
aPEAR,129,145,46,25,0
aPEAR,129,145,46,26,0
aPEAR,129,145,46,27,0
aPEAR,129,145,46,28,0
aPEAR,129,145,46,29,0
aPEAR,129,145,46,30,0
aPEAR,129,145,46,31,0
aPEAR,129,145,46,32,0
aPEAR,129,145,46,33,0
aPEAR,129,145,46,34,0
aPEAR,129,145,46,35,0
aPEAR,129,145,46,36,0
aPEAR,129,145,46,37,0
aPEAR,129,145,46,38,0
aPEAR,129,145,46,39,0
aPEAR,129,145,46,40,0
aPEAR,129,145,46,41,0
aPEAR,129,145,46,42,0
aPEAR,129,145,46,43,0
aPEAR,129,145,46,44,0
aPEAR,129,145,46,45,0
aPEAR,129,145,46,46,0.2
aPEAR,129,145,46,47,0
aPEAR,129,145,46,48,0
aPEAR,129,145,46,49,0
aPEAR,129,145,46,50,0
aPEAR,129,145,46,51,0
aPEAR,129,145,46,52,0
aPEAR,129,145,46,53,0
aPEAR,129,145,46,54,0
aPEAR,129,145,46,55,0
aPEAR,129,145,46,56,0
aPEAR,129,145,46,57,0
aPEAR,108,146,47,1,0
aPEAR,108,146,47,2,0
aPEAR,108,146,47,3,0
aPEAR,108,146,47,4,0
aPEAR,108,146,47,5,0
aPEAR,108,146,47,6,0
aPEAR,108,146,47,7,0
aPEAR,108,146,47,8,0
aPEAR,108,146,47,9,0
aPEAR,108,146,47,10,0
aPEAR,108,146,47,11,0
aPEAR,108,146,47,12,0
aPEAR,108,146,47,13,0
aPEAR,108,146,47,14,0
aPEAR,108,146,47,15,0
aPEAR,108,146,47,16,0
aPEAR,108,146,47,17,0
aPEAR,108,146,47,18,0
aPEAR,108,146,47,19,0
aPEAR,108,146,47,20,0
aPEAR,108,146,47,21,0
aPEAR,108,146,47,22,0
aPEAR,108,146,47,23,0
aPEAR,108,146,47,24,0
aPEAR,108,146,47,25,0
aPEAR,108,146,47,26,0
aPEAR,108,146,47,27,0
aPEAR,108,146,47,28,0
aPEAR,108,146,47,29,0
aPEAR,108,146,47,30,0
aPEAR,108,146,47,31,0
aPEAR,108,146,47,32,0
aPEAR,108,146,47,33,0
aPEAR,108,146,47,34,0
aPEAR,108,146,47,35,0
aPEAR,108,146,47,36,0
aPEAR,108,146,47,37,0
aPEAR,108,146,47,38,0
aPEAR,108,146,47,39,0
aPEAR,108,146,47,40,0
aPEAR,108,146,47,41,0
aPEAR,108,146,47,42,0
aPEAR,108,146,47,43,0
aPEAR,108,146,47,44,0
aPEAR,108,146,47,45,0
aPEAR,108,146,47,46,0
aPEAR,108,146,47,47,0.2
aPEAR,108,146,47,48,0
aPEAR,108,146,47,49,0
aPEAR,108,146,47,50,0
aPEAR,108,146,47,51,0
aPEAR,108,146,47,52,0
aPEAR,108,146,47,53,0
aPEAR,108,146,47,54,0
aPEAR,108,146,47,55,0
aPEAR,108,146,47,56,0
aPEAR,108,146,47,57,0
aPEAR,156,147,47,1,0
aPEAR,156,147,47,2,0
aPEAR,156,147,47,3,0
aPEAR,156,147,47,4,0
aPEAR,156,147,47,5,0
aPEAR,156,147,47,6,0
aPEAR,156,147,47,7,0
aPEAR,156,147,47,8,0
aPEAR,156,147,47,9,0
aPEAR,156,147,47,10,0
aPEAR,156,147,47,11,0
aPEAR,156,147,47,12,0
aPEAR,156,147,47,13,0
aPEAR,156,147,47,14,0
aPEAR,156,147,47,15,0
aPEAR,156,147,47,16,0
aPEAR,156,147,47,17,0
aPEAR,156,147,47,18,0
aPEAR,156,147,47,19,0
aPEAR,156,147,47,20,0
aPEAR,156,147,47,21,0
aPEAR,156,147,47,22,0
aPEAR,156,147,47,23,0
aPEAR,156,147,47,24,0
aPEAR,156,147,47,25,0
aPEAR,156,147,47,26,0
aPEAR,156,147,47,27,0
aPEAR,156,147,47,28,0
aPEAR,156,147,47,29,0
aPEAR,156,147,47,30,0
aPEAR,156,147,47,31,0
aPEAR,156,147,47,32,0
aPEAR,156,147,47,33,0
aPEAR,156,147,47,34,0
aPEAR,156,147,47,35,0
aPEAR,156,147,47,36,0
aPEAR,156,147,47,37,0
aPEAR,156,147,47,38,0
aPEAR,156,147,47,39,0
aPEAR,156,147,47,40,0
aPEAR,156,147,47,41,0
aPEAR,156,147,47,42,0
aPEAR,156,147,47,43,0
aPEAR,156,147,47,44,0
aPEAR,156,147,47,45,0
aPEAR,156,147,47,46,0
aPEAR,156,147,47,47,0.2
aPEAR,156,147,47,48,0
aPEAR,156,147,47,49,0
aPEAR,156,147,47,50,0
aPEAR,156,147,47,51,0
aPEAR,156,147,47,52,0
aPEAR,156,147,47,53,0
aPEAR,156,147,47,54,0
aPEAR,156,147,47,55,0
aPEAR,156,147,47,56,0
aPEAR,156,147,47,57,0
aPEAR,159,148,47,1,0
aPEAR,159,148,47,2,0
aPEAR,159,148,47,3,0
aPEAR,159,148,47,4,0
aPEAR,159,148,47,5,0
aPEAR,159,148,47,6,0
aPEAR,159,148,47,7,0
aPEAR,159,148,47,8,0
aPEAR,159,148,47,9,0
aPEAR,159,148,47,10,0
aPEAR,159,148,47,11,0
aPEAR,159,148,47,12,0
aPEAR,159,148,47,13,0
aPEAR,159,148,47,14,0
aPEAR,159,148,47,15,0
aPEAR,159,148,47,16,0
aPEAR,159,148,47,17,0
aPEAR,159,148,47,18,0
aPEAR,159,148,47,19,0
aPEAR,159,148,47,20,0
aPEAR,159,148,47,21,0
aPEAR,159,148,47,22,0
aPEAR,159,148,47,23,0
aPEAR,159,148,47,24,0
aPEAR,159,148,47,25,0
aPEAR,159,148,47,26,0
aPEAR,159,148,47,27,0
aPEAR,159,148,47,28,0
aPEAR,159,148,47,29,0
aPEAR,159,148,47,30,0
aPEAR,159,148,47,31,0
aPEAR,159,148,47,32,0
aPEAR,159,148,47,33,0
aPEAR,159,148,47,34,0
aPEAR,159,148,47,35,0
aPEAR,159,148,47,36,0
aPEAR,159,148,47,37,0
aPEAR,159,148,47,38,0
aPEAR,159,148,47,39,0
aPEAR,159,148,47,40,0
aPEAR,159,148,47,41,0
aPEAR,159,148,47,42,0
aPEAR,159,148,47,43,0
aPEAR,159,148,47,44,0
aPEAR,159,148,47,45,0
aPEAR,159,148,47,46,0
aPEAR,159,148,47,47,0.2
aPEAR,159,148,47,48,0
aPEAR,159,148,47,49,0
aPEAR,159,148,47,50,0
aPEAR,159,148,47,51,0
aPEAR,159,148,47,52,0
aPEAR,159,148,47,53,0
aPEAR,159,148,47,54,0
aPEAR,159,148,47,55,0
aPEAR,159,148,47,56,0
aPEAR,159,148,47,57,0
aPEAR,26,149,48,1,0
aPEAR,26,149,48,2,0
aPEAR,26,149,48,3,0
aPEAR,26,149,48,4,0
aPEAR,26,149,48,5,0
aPEAR,26,149,48,6,0
aPEAR,26,149,48,7,0
aPEAR,26,149,48,8,0
aPEAR,26,149,48,9,0
aPEAR,26,149,48,10,0
aPEAR,26,149,48,11,0.1111111111111111
aPEAR,26,149,48,12,0
aPEAR,26,149,48,13,0
aPEAR,26,149,48,14,0
aPEAR,26,149,48,15,0
aPEAR,26,149,48,16,0
aPEAR,26,149,48,17,0
aPEAR,26,149,48,18,0
aPEAR,26,149,48,19,0
aPEAR,26,149,48,20,0
aPEAR,26,149,48,21,0
aPEAR,26,149,48,22,0
aPEAR,26,149,48,23,0
aPEAR,26,149,48,24,0
aPEAR,26,149,48,25,0
aPEAR,26,149,48,26,0
aPEAR,26,149,48,27,0
aPEAR,26,149,48,28,0
aPEAR,26,149,48,29,0
aPEAR,26,149,48,30,0
aPEAR,26,149,48,31,0
aPEAR,26,149,48,32,0
aPEAR,26,149,48,33,0
aPEAR,26,149,48,34,0
aPEAR,26,149,48,35,0
aPEAR,26,149,48,36,0
aPEAR,26,149,48,37,0
aPEAR,26,149,48,38,0
aPEAR,26,149,48,39,0
aPEAR,26,149,48,40,0
aPEAR,26,149,48,41,0
aPEAR,26,149,48,42,0
aPEAR,26,149,48,43,0.1111111111111111
aPEAR,26,149,48,44,0
aPEAR,26,149,48,45,0
aPEAR,26,149,48,46,0
aPEAR,26,149,48,47,0
aPEAR,26,149,48,48,0.14285714285714285
aPEAR,26,149,48,49,0
aPEAR,26,149,48,50,0
aPEAR,26,149,48,51,0
aPEAR,26,149,48,52,0
aPEAR,26,149,48,53,0
aPEAR,26,149,48,54,0
aPEAR,26,149,48,55,0
aPEAR,26,149,48,56,0
aPEAR,26,149,48,57,0
aPEAR,119,150,48,1,0
aPEAR,119,150,48,2,0
aPEAR,119,150,48,3,0
aPEAR,119,150,48,4,0
aPEAR,119,150,48,5,0
aPEAR,119,150,48,6,0
aPEAR,119,150,48,7,0
aPEAR,119,150,48,8,0
aPEAR,119,150,48,9,0
aPEAR,119,150,48,10,0
aPEAR,119,150,48,11,0
aPEAR,119,150,48,12,0
aPEAR,119,150,48,13,0
aPEAR,119,150,48,14,0
aPEAR,119,150,48,15,0
aPEAR,119,150,48,16,0
aPEAR,119,150,48,17,0
aPEAR,119,150,48,18,0
aPEAR,119,150,48,19,0
aPEAR,119,150,48,20,0
aPEAR,119,150,48,21,0
aPEAR,119,150,48,22,0
aPEAR,119,150,48,23,0
aPEAR,119,150,48,24,0
aPEAR,119,150,48,25,0
aPEAR,119,150,48,26,0
aPEAR,119,150,48,27,0
aPEAR,119,150,48,28,0
aPEAR,119,150,48,29,0
aPEAR,119,150,48,30,0
aPEAR,119,150,48,31,0
aPEAR,119,150,48,32,0
aPEAR,119,150,48,33,0
aPEAR,119,150,48,34,0
aPEAR,119,150,48,35,0
aPEAR,119,150,48,36,0
aPEAR,119,150,48,37,0
aPEAR,119,150,48,38,0
aPEAR,119,150,48,39,0
aPEAR,119,150,48,40,0
aPEAR,119,150,48,41,0
aPEAR,119,150,48,42,0
aPEAR,119,150,48,43,0
aPEAR,119,150,48,44,0
aPEAR,119,150,48,45,0
aPEAR,119,150,48,46,0
aPEAR,119,150,48,47,0
aPEAR,119,150,48,48,0.2
aPEAR,119,150,48,49,0
aPEAR,119,150,48,50,0
aPEAR,119,150,48,51,0
aPEAR,119,150,48,52,0
aPEAR,119,150,48,53,0
aPEAR,119,150,48,54,0
aPEAR,119,150,48,55,0
aPEAR,119,150,48,56,0
aPEAR,119,150,48,57,0
aPEAR,144,151,48,1,0
aPEAR,144,151,48,2,0
aPEAR,144,151,48,3,0
aPEAR,144,151,48,4,0
aPEAR,144,151,48,5,0
aPEAR,144,151,48,6,0
aPEAR,144,151,48,7,0
aPEAR,144,151,48,8,0
aPEAR,144,151,48,9,0
aPEAR,144,151,48,10,0
aPEAR,144,151,48,11,0
aPEAR,144,151,48,12,0
aPEAR,144,151,48,13,0
aPEAR,144,151,48,14,0
aPEAR,144,151,48,15,0
aPEAR,144,151,48,16,0
aPEAR,144,151,48,17,0
aPEAR,144,151,48,18,0
aPEAR,144,151,48,19,0
aPEAR,144,151,48,20,0
aPEAR,144,151,48,21,0
aPEAR,144,151,48,22,0
aPEAR,144,151,48,23,0
aPEAR,144,151,48,24,0
aPEAR,144,151,48,25,0
aPEAR,144,151,48,26,0
aPEAR,144,151,48,27,0
aPEAR,144,151,48,28,0
aPEAR,144,151,48,29,0
aPEAR,144,151,48,30,0
aPEAR,144,151,48,31,0
aPEAR,144,151,48,32,0
aPEAR,144,151,48,33,0
aPEAR,144,151,48,34,0
aPEAR,144,151,48,35,0
aPEAR,144,151,48,36,0
aPEAR,144,151,48,37,0
aPEAR,144,151,48,38,0
aPEAR,144,151,48,39,0
aPEAR,144,151,48,40,0
aPEAR,144,151,48,41,0
aPEAR,144,151,48,42,0
aPEAR,144,151,48,43,0
aPEAR,144,151,48,44,0
aPEAR,144,151,48,45,0
aPEAR,144,151,48,46,0
aPEAR,144,151,48,47,0
aPEAR,144,151,48,48,0.2
aPEAR,144,151,48,49,0
aPEAR,144,151,48,50,0
aPEAR,144,151,48,51,0
aPEAR,144,151,48,52,0
aPEAR,144,151,48,53,0
aPEAR,144,151,48,54,0
aPEAR,144,151,48,55,0
aPEAR,144,151,48,56,0
aPEAR,144,151,48,57,0
aPEAR,166,152,48,1,0
aPEAR,166,152,48,2,0
aPEAR,166,152,48,3,0
aPEAR,166,152,48,4,0
aPEAR,166,152,48,5,0
aPEAR,166,152,48,6,0
aPEAR,166,152,48,7,0
aPEAR,166,152,48,8,0
aPEAR,166,152,48,9,0
aPEAR,166,152,48,10,0
aPEAR,166,152,48,11,0
aPEAR,166,152,48,12,0
aPEAR,166,152,48,13,0
aPEAR,166,152,48,14,0
aPEAR,166,152,48,15,0
aPEAR,166,152,48,16,0
aPEAR,166,152,48,17,0
aPEAR,166,152,48,18,0
aPEAR,166,152,48,19,0
aPEAR,166,152,48,20,0
aPEAR,166,152,48,21,0
aPEAR,166,152,48,22,0
aPEAR,166,152,48,23,0
aPEAR,166,152,48,24,0
aPEAR,166,152,48,25,0
aPEAR,166,152,48,26,0
aPEAR,166,152,48,27,0
aPEAR,166,152,48,28,0
aPEAR,166,152,48,29,0
aPEAR,166,152,48,30,0
aPEAR,166,152,48,31,0
aPEAR,166,152,48,32,0
aPEAR,166,152,48,33,0
aPEAR,166,152,48,34,0
aPEAR,166,152,48,35,0
aPEAR,166,152,48,36,0
aPEAR,166,152,48,37,0
aPEAR,166,152,48,38,0
aPEAR,166,152,48,39,0
aPEAR,166,152,48,40,0
aPEAR,166,152,48,41,0
aPEAR,166,152,48,42,0
aPEAR,166,152,48,43,0
aPEAR,166,152,48,44,0
aPEAR,166,152,48,45,0
aPEAR,166,152,48,46,0
aPEAR,166,152,48,47,0
aPEAR,166,152,48,48,0.2
aPEAR,166,152,48,49,0
aPEAR,166,152,48,50,0
aPEAR,166,152,48,51,0
aPEAR,166,152,48,52,0
aPEAR,166,152,48,53,0
aPEAR,166,152,48,54,0
aPEAR,166,152,48,55,0
aPEAR,166,152,48,56,0
aPEAR,166,152,48,57,0
aPEAR,19,153,49,1,0
aPEAR,19,153,49,2,0
aPEAR,19,153,49,3,0
aPEAR,19,153,49,4,0
aPEAR,19,153,49,5,0
aPEAR,19,153,49,6,0
aPEAR,19,153,49,7,0.125
aPEAR,19,153,49,8,0
aPEAR,19,153,49,9,0
aPEAR,19,153,49,10,0
aPEAR,19,153,49,11,0
aPEAR,19,153,49,12,0
aPEAR,19,153,49,13,0
aPEAR,19,153,49,14,0
aPEAR,19,153,49,15,0
aPEAR,19,153,49,16,0
aPEAR,19,153,49,17,0
aPEAR,19,153,49,18,0
aPEAR,19,153,49,19,0
aPEAR,19,153,49,20,0
aPEAR,19,153,49,21,0
aPEAR,19,153,49,22,0
aPEAR,19,153,49,23,0.125
aPEAR,19,153,49,24,0
aPEAR,19,153,49,25,0
aPEAR,19,153,49,26,0
aPEAR,19,153,49,27,0
aPEAR,19,153,49,28,0
aPEAR,19,153,49,29,0
aPEAR,19,153,49,30,0
aPEAR,19,153,49,31,0
aPEAR,19,153,49,32,0
aPEAR,19,153,49,33,0
aPEAR,19,153,49,34,0
aPEAR,19,153,49,35,0
aPEAR,19,153,49,36,0
aPEAR,19,153,49,37,0
aPEAR,19,153,49,38,0
aPEAR,19,153,49,39,0
aPEAR,19,153,49,40,0
aPEAR,19,153,49,41,0
aPEAR,19,153,49,42,0
aPEAR,19,153,49,43,0
aPEAR,19,153,49,44,0
aPEAR,19,153,49,45,0
aPEAR,19,153,49,46,0
aPEAR,19,153,49,47,0
aPEAR,19,153,49,48,0
aPEAR,19,153,49,49,0.5
aPEAR,19,153,49,50,0
aPEAR,19,153,49,51,0
aPEAR,19,153,49,52,0
aPEAR,19,153,49,53,0
aPEAR,19,153,49,54,0
aPEAR,19,153,49,55,0
aPEAR,19,153,49,56,0
aPEAR,19,153,49,57,0
aPEAR,164,154,49,1,0
aPEAR,164,154,49,2,0
aPEAR,164,154,49,3,0
aPEAR,164,154,49,4,0
aPEAR,164,154,49,5,0
aPEAR,164,154,49,6,0
aPEAR,164,154,49,7,0
aPEAR,164,154,49,8,0
aPEAR,164,154,49,9,0
aPEAR,164,154,49,10,0
aPEAR,164,154,49,11,0
aPEAR,164,154,49,12,0
aPEAR,164,154,49,13,0
aPEAR,164,154,49,14,0
aPEAR,164,154,49,15,0
aPEAR,164,154,49,16,0
aPEAR,164,154,49,17,0
aPEAR,164,154,49,18,0
aPEAR,164,154,49,19,0
aPEAR,164,154,49,20,0
aPEAR,164,154,49,21,0
aPEAR,164,154,49,22,0
aPEAR,164,154,49,23,0
aPEAR,164,154,49,24,0
aPEAR,164,154,49,25,0
aPEAR,164,154,49,26,0
aPEAR,164,154,49,27,0
aPEAR,164,154,49,28,0
aPEAR,164,154,49,29,0
aPEAR,164,154,49,30,0
aPEAR,164,154,49,31,0
aPEAR,164,154,49,32,0
aPEAR,164,154,49,33,0
aPEAR,164,154,49,34,0
aPEAR,164,154,49,35,0
aPEAR,164,154,49,36,0
aPEAR,164,154,49,37,0
aPEAR,164,154,49,38,0
aPEAR,164,154,49,39,0
aPEAR,164,154,49,40,0
aPEAR,164,154,49,41,0
aPEAR,164,154,49,42,0
aPEAR,164,154,49,43,0
aPEAR,164,154,49,44,0
aPEAR,164,154,49,45,0
aPEAR,164,154,49,46,0
aPEAR,164,154,49,47,0
aPEAR,164,154,49,48,0
aPEAR,164,154,49,49,0.25
aPEAR,164,154,49,50,0
aPEAR,164,154,49,51,0
aPEAR,164,154,49,52,0
aPEAR,164,154,49,53,0
aPEAR,164,154,49,54,0
aPEAR,164,154,49,55,0
aPEAR,164,154,49,56,0
aPEAR,164,154,49,57,0
aPEAR,67,155,50,1,0
aPEAR,67,155,50,2,0
aPEAR,67,155,50,3,0
aPEAR,67,155,50,4,0
aPEAR,67,155,50,5,0
aPEAR,67,155,50,6,0
aPEAR,67,155,50,7,0
aPEAR,67,155,50,8,0
aPEAR,67,155,50,9,0
aPEAR,67,155,50,10,0
aPEAR,67,155,50,11,0
aPEAR,67,155,50,12,0
aPEAR,67,155,50,13,0
aPEAR,67,155,50,14,0
aPEAR,67,155,50,15,0
aPEAR,67,155,50,16,0
aPEAR,67,155,50,17,0
aPEAR,67,155,50,18,0
aPEAR,67,155,50,19,0
aPEAR,67,155,50,20,0
aPEAR,67,155,50,21,0
aPEAR,67,155,50,22,0
aPEAR,67,155,50,23,0
aPEAR,67,155,50,24,0
aPEAR,67,155,50,25,0
aPEAR,67,155,50,26,0
aPEAR,67,155,50,27,0
aPEAR,67,155,50,28,0
aPEAR,67,155,50,29,0
aPEAR,67,155,50,30,0
aPEAR,67,155,50,31,0
aPEAR,67,155,50,32,0
aPEAR,67,155,50,33,0
aPEAR,67,155,50,34,0
aPEAR,67,155,50,35,0
aPEAR,67,155,50,36,0
aPEAR,67,155,50,37,0
aPEAR,67,155,50,38,0
aPEAR,67,155,50,39,0
aPEAR,67,155,50,40,0
aPEAR,67,155,50,41,0
aPEAR,67,155,50,42,0
aPEAR,67,155,50,43,0
aPEAR,67,155,50,44,0
aPEAR,67,155,50,45,0
aPEAR,67,155,50,46,0
aPEAR,67,155,50,47,0
aPEAR,67,155,50,48,0
aPEAR,67,155,50,49,0
aPEAR,67,155,50,50,0.4
aPEAR,67,155,50,51,0
aPEAR,67,155,50,52,0
aPEAR,67,155,50,53,0
aPEAR,67,155,50,54,0
aPEAR,67,155,50,55,0
aPEAR,67,155,50,56,0
aPEAR,67,155,50,57,0
aPEAR,92,156,50,1,0
aPEAR,92,156,50,2,0
aPEAR,92,156,50,3,0
aPEAR,92,156,50,4,0
aPEAR,92,156,50,5,0
aPEAR,92,156,50,6,0
aPEAR,92,156,50,7,0
aPEAR,92,156,50,8,0
aPEAR,92,156,50,9,0
aPEAR,92,156,50,10,0.1111111111111111
aPEAR,92,156,50,11,0
aPEAR,92,156,50,12,0
aPEAR,92,156,50,13,0
aPEAR,92,156,50,14,0
aPEAR,92,156,50,15,0
aPEAR,92,156,50,16,0
aPEAR,92,156,50,17,0
aPEAR,92,156,50,18,0
aPEAR,92,156,50,19,0
aPEAR,92,156,50,20,0
aPEAR,92,156,50,21,0
aPEAR,92,156,50,22,0
aPEAR,92,156,50,23,0
aPEAR,92,156,50,24,0
aPEAR,92,156,50,25,0
aPEAR,92,156,50,26,0
aPEAR,92,156,50,27,0
aPEAR,92,156,50,28,0
aPEAR,92,156,50,29,0
aPEAR,92,156,50,30,0
aPEAR,92,156,50,31,0
aPEAR,92,156,50,32,0
aPEAR,92,156,50,33,0
aPEAR,92,156,50,34,0
aPEAR,92,156,50,35,0
aPEAR,92,156,50,36,0
aPEAR,92,156,50,37,0
aPEAR,92,156,50,38,0
aPEAR,92,156,50,39,0
aPEAR,92,156,50,40,0
aPEAR,92,156,50,41,0
aPEAR,92,156,50,42,0
aPEAR,92,156,50,43,0
aPEAR,92,156,50,44,0
aPEAR,92,156,50,45,0
aPEAR,92,156,50,46,0
aPEAR,92,156,50,47,0
aPEAR,92,156,50,48,0
aPEAR,92,156,50,49,0
aPEAR,92,156,50,50,0.16666666666666666
aPEAR,92,156,50,51,0
aPEAR,92,156,50,52,0
aPEAR,92,156,50,53,0
aPEAR,92,156,50,54,0
aPEAR,92,156,50,55,0
aPEAR,92,156,50,56,0
aPEAR,92,156,50,57,0
aPEAR,95,157,50,1,0
aPEAR,95,157,50,2,0.07692307692307693
aPEAR,95,157,50,3,0
aPEAR,95,157,50,4,0
aPEAR,95,157,50,5,0
aPEAR,95,157,50,6,0
aPEAR,95,157,50,7,0
aPEAR,95,157,50,8,0
aPEAR,95,157,50,9,0
aPEAR,95,157,50,10,0
aPEAR,95,157,50,11,0
aPEAR,95,157,50,12,0
aPEAR,95,157,50,13,0
aPEAR,95,157,50,14,0
aPEAR,95,157,50,15,0
aPEAR,95,157,50,16,0
aPEAR,95,157,50,17,0
aPEAR,95,157,50,18,0
aPEAR,95,157,50,19,0
aPEAR,95,157,50,20,0
aPEAR,95,157,50,21,0
aPEAR,95,157,50,22,0
aPEAR,95,157,50,23,0
aPEAR,95,157,50,24,0
aPEAR,95,157,50,25,0
aPEAR,95,157,50,26,0
aPEAR,95,157,50,27,0
aPEAR,95,157,50,28,0
aPEAR,95,157,50,29,0
aPEAR,95,157,50,30,0
aPEAR,95,157,50,31,0
aPEAR,95,157,50,32,0
aPEAR,95,157,50,33,0
aPEAR,95,157,50,34,0
aPEAR,95,157,50,35,0
aPEAR,95,157,50,36,0
aPEAR,95,157,50,37,0
aPEAR,95,157,50,38,0
aPEAR,95,157,50,39,0
aPEAR,95,157,50,40,0
aPEAR,95,157,50,41,0
aPEAR,95,157,50,42,0
aPEAR,95,157,50,43,0
aPEAR,95,157,50,44,0
aPEAR,95,157,50,45,0
aPEAR,95,157,50,46,0
aPEAR,95,157,50,47,0
aPEAR,95,157,50,48,0
aPEAR,95,157,50,49,0
aPEAR,95,157,50,50,0.16666666666666666
aPEAR,95,157,50,51,0
aPEAR,95,157,50,52,0
aPEAR,95,157,50,53,0
aPEAR,95,157,50,54,0
aPEAR,95,157,50,55,0
aPEAR,95,157,50,56,0
aPEAR,95,157,50,57,0
aPEAR,54,158,51,1,0
aPEAR,54,158,51,2,0
aPEAR,54,158,51,3,0
aPEAR,54,158,51,4,0
aPEAR,54,158,51,5,0
aPEAR,54,158,51,6,0
aPEAR,54,158,51,7,0
aPEAR,54,158,51,8,0
aPEAR,54,158,51,9,0
aPEAR,54,158,51,10,0
aPEAR,54,158,51,11,0
aPEAR,54,158,51,12,0
aPEAR,54,158,51,13,0
aPEAR,54,158,51,14,0
aPEAR,54,158,51,15,0
aPEAR,54,158,51,16,0
aPEAR,54,158,51,17,0
aPEAR,54,158,51,18,0
aPEAR,54,158,51,19,0
aPEAR,54,158,51,20,0
aPEAR,54,158,51,21,0
aPEAR,54,158,51,22,0
aPEAR,54,158,51,23,0
aPEAR,54,158,51,24,0
aPEAR,54,158,51,25,0
aPEAR,54,158,51,26,0
aPEAR,54,158,51,27,0
aPEAR,54,158,51,28,0
aPEAR,54,158,51,29,0
aPEAR,54,158,51,30,0
aPEAR,54,158,51,31,0
aPEAR,54,158,51,32,0
aPEAR,54,158,51,33,0
aPEAR,54,158,51,34,0
aPEAR,54,158,51,35,0
aPEAR,54,158,51,36,0
aPEAR,54,158,51,37,0
aPEAR,54,158,51,38,0
aPEAR,54,158,51,39,0
aPEAR,54,158,51,40,0
aPEAR,54,158,51,41,0
aPEAR,54,158,51,42,0
aPEAR,54,158,51,43,0
aPEAR,54,158,51,44,0
aPEAR,54,158,51,45,0
aPEAR,54,158,51,46,0
aPEAR,54,158,51,47,0
aPEAR,54,158,51,48,0
aPEAR,54,158,51,49,0
aPEAR,54,158,51,50,0
aPEAR,54,158,51,51,0.75
aPEAR,54,158,51,52,0
aPEAR,54,158,51,53,0
aPEAR,54,158,51,54,0
aPEAR,54,158,51,55,0
aPEAR,54,158,51,56,0
aPEAR,54,158,51,57,0
aPEAR,152,159,51,1,0
aPEAR,152,159,51,2,0
aPEAR,152,159,51,3,0
aPEAR,152,159,51,4,0
aPEAR,152,159,51,5,0
aPEAR,152,159,51,6,0
aPEAR,152,159,51,7,0
aPEAR,152,159,51,8,0
aPEAR,152,159,51,9,0
aPEAR,152,159,51,10,0
aPEAR,152,159,51,11,0
aPEAR,152,159,51,12,0
aPEAR,152,159,51,13,0
aPEAR,152,159,51,14,0
aPEAR,152,159,51,15,0
aPEAR,152,159,51,16,0
aPEAR,152,159,51,17,0
aPEAR,152,159,51,18,0
aPEAR,152,159,51,19,0
aPEAR,152,159,51,20,0
aPEAR,152,159,51,21,0
aPEAR,152,159,51,22,0
aPEAR,152,159,51,23,0
aPEAR,152,159,51,24,0
aPEAR,152,159,51,25,0
aPEAR,152,159,51,26,0
aPEAR,152,159,51,27,0
aPEAR,152,159,51,28,0
aPEAR,152,159,51,29,0
aPEAR,152,159,51,30,0
aPEAR,152,159,51,31,0
aPEAR,152,159,51,32,0
aPEAR,152,159,51,33,0
aPEAR,152,159,51,34,0
aPEAR,152,159,51,35,0
aPEAR,152,159,51,36,0
aPEAR,152,159,51,37,0
aPEAR,152,159,51,38,0
aPEAR,152,159,51,39,0
aPEAR,152,159,51,40,0
aPEAR,152,159,51,41,0
aPEAR,152,159,51,42,0
aPEAR,152,159,51,43,0
aPEAR,152,159,51,44,0
aPEAR,152,159,51,45,0
aPEAR,152,159,51,46,0
aPEAR,152,159,51,47,0
aPEAR,152,159,51,48,0
aPEAR,152,159,51,49,0
aPEAR,152,159,51,50,0
aPEAR,152,159,51,51,0.25
aPEAR,152,159,51,52,0
aPEAR,152,159,51,53,0
aPEAR,152,159,51,54,0
aPEAR,152,159,51,55,0
aPEAR,152,159,51,56,0
aPEAR,152,159,51,57,0
aPEAR,24,160,52,1,0
aPEAR,24,160,52,2,0
aPEAR,24,160,52,3,0
aPEAR,24,160,52,4,0
aPEAR,24,160,52,5,0
aPEAR,24,160,52,6,0
aPEAR,24,160,52,7,0
aPEAR,24,160,52,8,0
aPEAR,24,160,52,9,0
aPEAR,24,160,52,10,0
aPEAR,24,160,52,11,0
aPEAR,24,160,52,12,0
aPEAR,24,160,52,13,0
aPEAR,24,160,52,14,0
aPEAR,24,160,52,15,0
aPEAR,24,160,52,16,0
aPEAR,24,160,52,17,0
aPEAR,24,160,52,18,0
aPEAR,24,160,52,19,0
aPEAR,24,160,52,20,0
aPEAR,24,160,52,21,0
aPEAR,24,160,52,22,0
aPEAR,24,160,52,23,0
aPEAR,24,160,52,24,0
aPEAR,24,160,52,25,0
aPEAR,24,160,52,26,0
aPEAR,24,160,52,27,0
aPEAR,24,160,52,28,0
aPEAR,24,160,52,29,0
aPEAR,24,160,52,30,0
aPEAR,24,160,52,31,0
aPEAR,24,160,52,32,0
aPEAR,24,160,52,33,0
aPEAR,24,160,52,34,0
aPEAR,24,160,52,35,0
aPEAR,24,160,52,36,0
aPEAR,24,160,52,37,0
aPEAR,24,160,52,38,0
aPEAR,24,160,52,39,0
aPEAR,24,160,52,40,0
aPEAR,24,160,52,41,0
aPEAR,24,160,52,42,0
aPEAR,24,160,52,43,0
aPEAR,24,160,52,44,0
aPEAR,24,160,52,45,0
aPEAR,24,160,52,46,0
aPEAR,24,160,52,47,0
aPEAR,24,160,52,48,0
aPEAR,24,160,52,49,0
aPEAR,24,160,52,50,0
aPEAR,24,160,52,51,0
aPEAR,24,160,52,52,0.375
aPEAR,24,160,52,53,0
aPEAR,24,160,52,54,0
aPEAR,24,160,52,55,0
aPEAR,24,160,52,56,0
aPEAR,24,160,52,57,0
aPEAR,117,161,52,1,0
aPEAR,117,161,52,2,0
aPEAR,117,161,52,3,0
aPEAR,117,161,52,4,0
aPEAR,117,161,52,5,0
aPEAR,117,161,52,6,0
aPEAR,117,161,52,7,0
aPEAR,117,161,52,8,0
aPEAR,117,161,52,9,0
aPEAR,117,161,52,10,0
aPEAR,117,161,52,11,0
aPEAR,117,161,52,12,0
aPEAR,117,161,52,13,0
aPEAR,117,161,52,14,0
aPEAR,117,161,52,15,0
aPEAR,117,161,52,16,0
aPEAR,117,161,52,17,0
aPEAR,117,161,52,18,0
aPEAR,117,161,52,19,0
aPEAR,117,161,52,20,0
aPEAR,117,161,52,21,0
aPEAR,117,161,52,22,0
aPEAR,117,161,52,23,0
aPEAR,117,161,52,24,0
aPEAR,117,161,52,25,0
aPEAR,117,161,52,26,0
aPEAR,117,161,52,27,0
aPEAR,117,161,52,28,0
aPEAR,117,161,52,29,0
aPEAR,117,161,52,30,0
aPEAR,117,161,52,31,0
aPEAR,117,161,52,32,0
aPEAR,117,161,52,33,0
aPEAR,117,161,52,34,0
aPEAR,117,161,52,35,0
aPEAR,117,161,52,36,0
aPEAR,117,161,52,37,0
aPEAR,117,161,52,38,0
aPEAR,117,161,52,39,0
aPEAR,117,161,52,40,0
aPEAR,117,161,52,41,0
aPEAR,117,161,52,42,0
aPEAR,117,161,52,43,0
aPEAR,117,161,52,44,0
aPEAR,117,161,52,45,0
aPEAR,117,161,52,46,0
aPEAR,117,161,52,47,0
aPEAR,117,161,52,48,0
aPEAR,117,161,52,49,0
aPEAR,117,161,52,50,0
aPEAR,117,161,52,51,0
aPEAR,117,161,52,52,0.125
aPEAR,117,161,52,53,0
aPEAR,117,161,52,54,0
aPEAR,117,161,52,55,0
aPEAR,117,161,52,56,0
aPEAR,117,161,52,57,0
aPEAR,125,162,52,1,0
aPEAR,125,162,52,2,0
aPEAR,125,162,52,3,0
aPEAR,125,162,52,4,0
aPEAR,125,162,52,5,0
aPEAR,125,162,52,6,0
aPEAR,125,162,52,7,0
aPEAR,125,162,52,8,0
aPEAR,125,162,52,9,0
aPEAR,125,162,52,10,0
aPEAR,125,162,52,11,0
aPEAR,125,162,52,12,0
aPEAR,125,162,52,13,0
aPEAR,125,162,52,14,0
aPEAR,125,162,52,15,0
aPEAR,125,162,52,16,0
aPEAR,125,162,52,17,0
aPEAR,125,162,52,18,0
aPEAR,125,162,52,19,0
aPEAR,125,162,52,20,0
aPEAR,125,162,52,21,0
aPEAR,125,162,52,22,0
aPEAR,125,162,52,23,0
aPEAR,125,162,52,24,0
aPEAR,125,162,52,25,0
aPEAR,125,162,52,26,0
aPEAR,125,162,52,27,0
aPEAR,125,162,52,28,0
aPEAR,125,162,52,29,0
aPEAR,125,162,52,30,0
aPEAR,125,162,52,31,0
aPEAR,125,162,52,32,0
aPEAR,125,162,52,33,0
aPEAR,125,162,52,34,0
aPEAR,125,162,52,35,0
aPEAR,125,162,52,36,0
aPEAR,125,162,52,37,0
aPEAR,125,162,52,38,0
aPEAR,125,162,52,39,0
aPEAR,125,162,52,40,0
aPEAR,125,162,52,41,0
aPEAR,125,162,52,42,0
aPEAR,125,162,52,43,0
aPEAR,125,162,52,44,0
aPEAR,125,162,52,45,0
aPEAR,125,162,52,46,0
aPEAR,125,162,52,47,0
aPEAR,125,162,52,48,0
aPEAR,125,162,52,49,0
aPEAR,125,162,52,50,0
aPEAR,125,162,52,51,0
aPEAR,125,162,52,52,0.125
aPEAR,125,162,52,53,0
aPEAR,125,162,52,54,0
aPEAR,125,162,52,55,0
aPEAR,125,162,52,56,0
aPEAR,125,162,52,57,0
aPEAR,32,163,53,1,0
aPEAR,32,163,53,2,0
aPEAR,32,163,53,3,0
aPEAR,32,163,53,4,0
aPEAR,32,163,53,5,0
aPEAR,32,163,53,6,0
aPEAR,32,163,53,7,0
aPEAR,32,163,53,8,0
aPEAR,32,163,53,9,0
aPEAR,32,163,53,10,0
aPEAR,32,163,53,11,0
aPEAR,32,163,53,12,0
aPEAR,32,163,53,13,0
aPEAR,32,163,53,14,0
aPEAR,32,163,53,15,0
aPEAR,32,163,53,16,0
aPEAR,32,163,53,17,0
aPEAR,32,163,53,18,0
aPEAR,32,163,53,19,0
aPEAR,32,163,53,20,0
aPEAR,32,163,53,21,0
aPEAR,32,163,53,22,0
aPEAR,32,163,53,23,0
aPEAR,32,163,53,24,0
aPEAR,32,163,53,25,0
aPEAR,32,163,53,26,0
aPEAR,32,163,53,27,0
aPEAR,32,163,53,28,0
aPEAR,32,163,53,29,0
aPEAR,32,163,53,30,0
aPEAR,32,163,53,31,0
aPEAR,32,163,53,32,0
aPEAR,32,163,53,33,0
aPEAR,32,163,53,34,0
aPEAR,32,163,53,35,0
aPEAR,32,163,53,36,0
aPEAR,32,163,53,37,0
aPEAR,32,163,53,38,0
aPEAR,32,163,53,39,0
aPEAR,32,163,53,40,0
aPEAR,32,163,53,41,0
aPEAR,32,163,53,42,0
aPEAR,32,163,53,43,0
aPEAR,32,163,53,44,0
aPEAR,32,163,53,45,0
aPEAR,32,163,53,46,0
aPEAR,32,163,53,47,0
aPEAR,32,163,53,48,0
aPEAR,32,163,53,49,0
aPEAR,32,163,53,50,0
aPEAR,32,163,53,51,0
aPEAR,32,163,53,52,0
aPEAR,32,163,53,53,0.4
aPEAR,32,163,53,54,0
aPEAR,32,163,53,55,0
aPEAR,32,163,53,56,0
aPEAR,32,163,53,57,0.125
aPEAR,44,164,54,1,0
aPEAR,44,164,54,2,0
aPEAR,44,164,54,3,0
aPEAR,44,164,54,4,0
aPEAR,44,164,54,5,0
aPEAR,44,164,54,6,0
aPEAR,44,164,54,7,0
aPEAR,44,164,54,8,0
aPEAR,44,164,54,9,0
aPEAR,44,164,54,10,0
aPEAR,44,164,54,11,0
aPEAR,44,164,54,12,0
aPEAR,44,164,54,13,0
aPEAR,44,164,54,14,0
aPEAR,44,164,54,15,0
aPEAR,44,164,54,16,0
aPEAR,44,164,54,17,0
aPEAR,44,164,54,18,0
aPEAR,44,164,54,19,0
aPEAR,44,164,54,20,0
aPEAR,44,164,54,21,0
aPEAR,44,164,54,22,0
aPEAR,44,164,54,23,0
aPEAR,44,164,54,24,0
aPEAR,44,164,54,25,0
aPEAR,44,164,54,26,0
aPEAR,44,164,54,27,0
aPEAR,44,164,54,28,0
aPEAR,44,164,54,29,0
aPEAR,44,164,54,30,0
aPEAR,44,164,54,31,0
aPEAR,44,164,54,32,0
aPEAR,44,164,54,33,0
aPEAR,44,164,54,34,0
aPEAR,44,164,54,35,0
aPEAR,44,164,54,36,0
aPEAR,44,164,54,37,0
aPEAR,44,164,54,38,0
aPEAR,44,164,54,39,0
aPEAR,44,164,54,40,0
aPEAR,44,164,54,41,0
aPEAR,44,164,54,42,0
aPEAR,44,164,54,43,0
aPEAR,44,164,54,44,0
aPEAR,44,164,54,45,0
aPEAR,44,164,54,46,0
aPEAR,44,164,54,47,0
aPEAR,44,164,54,48,0
aPEAR,44,164,54,49,0
aPEAR,44,164,54,50,0
aPEAR,44,164,54,51,0
aPEAR,44,164,54,52,0
aPEAR,44,164,54,53,0
aPEAR,44,164,54,54,0.125
aPEAR,44,164,54,55,0
aPEAR,44,164,54,56,0
aPEAR,44,164,54,57,0
aPEAR,104,165,54,1,0
aPEAR,104,165,54,2,0
aPEAR,104,165,54,3,0
aPEAR,104,165,54,4,0
aPEAR,104,165,54,5,0
aPEAR,104,165,54,6,0
aPEAR,104,165,54,7,0
aPEAR,104,165,54,8,0
aPEAR,104,165,54,9,0
aPEAR,104,165,54,10,0
aPEAR,104,165,54,11,0
aPEAR,104,165,54,12,0
aPEAR,104,165,54,13,0
aPEAR,104,165,54,14,0
aPEAR,104,165,54,15,0
aPEAR,104,165,54,16,0
aPEAR,104,165,54,17,0
aPEAR,104,165,54,18,0
aPEAR,104,165,54,19,0
aPEAR,104,165,54,20,0
aPEAR,104,165,54,21,0
aPEAR,104,165,54,22,0
aPEAR,104,165,54,23,0
aPEAR,104,165,54,24,0
aPEAR,104,165,54,25,0
aPEAR,104,165,54,26,0
aPEAR,104,165,54,27,0
aPEAR,104,165,54,28,0
aPEAR,104,165,54,29,0
aPEAR,104,165,54,30,0
aPEAR,104,165,54,31,0
aPEAR,104,165,54,32,0
aPEAR,104,165,54,33,0
aPEAR,104,165,54,34,0
aPEAR,104,165,54,35,0
aPEAR,104,165,54,36,0
aPEAR,104,165,54,37,0
aPEAR,104,165,54,38,0
aPEAR,104,165,54,39,0
aPEAR,104,165,54,40,0
aPEAR,104,165,54,41,0
aPEAR,104,165,54,42,0
aPEAR,104,165,54,43,0
aPEAR,104,165,54,44,0
aPEAR,104,165,54,45,0
aPEAR,104,165,54,46,0
aPEAR,104,165,54,47,0
aPEAR,104,165,54,48,0
aPEAR,104,165,54,49,0
aPEAR,104,165,54,50,0
aPEAR,104,165,54,51,0
aPEAR,104,165,54,52,0
aPEAR,104,165,54,53,0
aPEAR,104,165,54,54,0.0625
aPEAR,104,165,54,55,0
aPEAR,104,165,54,56,0
aPEAR,104,165,54,57,0
aPEAR,126,166,54,1,0
aPEAR,126,166,54,2,0
aPEAR,126,166,54,3,0
aPEAR,126,166,54,4,0
aPEAR,126,166,54,5,0
aPEAR,126,166,54,6,0
aPEAR,126,166,54,7,0
aPEAR,126,166,54,8,0
aPEAR,126,166,54,9,0
aPEAR,126,166,54,10,0
aPEAR,126,166,54,11,0
aPEAR,126,166,54,12,0
aPEAR,126,166,54,13,0
aPEAR,126,166,54,14,0
aPEAR,126,166,54,15,0
aPEAR,126,166,54,16,0
aPEAR,126,166,54,17,0
aPEAR,126,166,54,18,0
aPEAR,126,166,54,19,0
aPEAR,126,166,54,20,0
aPEAR,126,166,54,21,0
aPEAR,126,166,54,22,0
aPEAR,126,166,54,23,0
aPEAR,126,166,54,24,0
aPEAR,126,166,54,25,0
aPEAR,126,166,54,26,0
aPEAR,126,166,54,27,0
aPEAR,126,166,54,28,0
aPEAR,126,166,54,29,0
aPEAR,126,166,54,30,0
aPEAR,126,166,54,31,0
aPEAR,126,166,54,32,0
aPEAR,126,166,54,33,0
aPEAR,126,166,54,34,0
aPEAR,126,166,54,35,0
aPEAR,126,166,54,36,0
aPEAR,126,166,54,37,0
aPEAR,126,166,54,38,0
aPEAR,126,166,54,39,0
aPEAR,126,166,54,40,0
aPEAR,126,166,54,41,0
aPEAR,126,166,54,42,0
aPEAR,126,166,54,43,0
aPEAR,126,166,54,44,0
aPEAR,126,166,54,45,0
aPEAR,126,166,54,46,0
aPEAR,126,166,54,47,0
aPEAR,126,166,54,48,0
aPEAR,126,166,54,49,0
aPEAR,126,166,54,50,0
aPEAR,126,166,54,51,0
aPEAR,126,166,54,52,0
aPEAR,126,166,54,53,0
aPEAR,126,166,54,54,0.0625
aPEAR,126,166,54,55,0
aPEAR,126,166,54,56,0
aPEAR,126,166,54,57,0
aPEAR,61,167,55,1,0
aPEAR,61,167,55,2,0
aPEAR,61,167,55,3,0
aPEAR,61,167,55,4,0
aPEAR,61,167,55,5,0
aPEAR,61,167,55,6,0
aPEAR,61,167,55,7,0
aPEAR,61,167,55,8,0
aPEAR,61,167,55,9,0.125
aPEAR,61,167,55,10,0
aPEAR,61,167,55,11,0
aPEAR,61,167,55,12,0
aPEAR,61,167,55,13,0
aPEAR,61,167,55,14,0
aPEAR,61,167,55,15,0
aPEAR,61,167,55,16,0
aPEAR,61,167,55,17,0
aPEAR,61,167,55,18,0
aPEAR,61,167,55,19,0
aPEAR,61,167,55,20,0
aPEAR,61,167,55,21,0
aPEAR,61,167,55,22,0
aPEAR,61,167,55,23,0
aPEAR,61,167,55,24,0
aPEAR,61,167,55,25,0
aPEAR,61,167,55,26,0
aPEAR,61,167,55,27,0
aPEAR,61,167,55,28,0
aPEAR,61,167,55,29,0
aPEAR,61,167,55,30,0
aPEAR,61,167,55,31,0
aPEAR,61,167,55,32,0
aPEAR,61,167,55,33,0
aPEAR,61,167,55,34,0
aPEAR,61,167,55,35,0
aPEAR,61,167,55,36,0
aPEAR,61,167,55,37,0
aPEAR,61,167,55,38,0
aPEAR,61,167,55,39,0
aPEAR,61,167,55,40,0
aPEAR,61,167,55,41,0
aPEAR,61,167,55,42,0
aPEAR,61,167,55,43,0
aPEAR,61,167,55,44,0
aPEAR,61,167,55,45,0
aPEAR,61,167,55,46,0
aPEAR,61,167,55,47,0
aPEAR,61,167,55,48,0
aPEAR,61,167,55,49,0
aPEAR,61,167,55,50,0
aPEAR,61,167,55,51,0
aPEAR,61,167,55,52,0
aPEAR,61,167,55,53,0
aPEAR,61,167,55,54,0
aPEAR,61,167,55,55,0.16666666666666666
aPEAR,61,167,55,56,0
aPEAR,61,167,55,57,0
aPEAR,62,168,55,1,0
aPEAR,62,168,55,2,0
aPEAR,62,168,55,3,0
aPEAR,62,168,55,4,0
aPEAR,62,168,55,5,0
aPEAR,62,168,55,6,0
aPEAR,62,168,55,7,0
aPEAR,62,168,55,8,0
aPEAR,62,168,55,9,0
aPEAR,62,168,55,10,0
aPEAR,62,168,55,11,0
aPEAR,62,168,55,12,0
aPEAR,62,168,55,13,0
aPEAR,62,168,55,14,0
aPEAR,62,168,55,15,0
aPEAR,62,168,55,16,0
aPEAR,62,168,55,17,0
aPEAR,62,168,55,18,0
aPEAR,62,168,55,19,0
aPEAR,62,168,55,20,0
aPEAR,62,168,55,21,0
aPEAR,62,168,55,22,0
aPEAR,62,168,55,23,0
aPEAR,62,168,55,24,0
aPEAR,62,168,55,25,0
aPEAR,62,168,55,26,0
aPEAR,62,168,55,27,0
aPEAR,62,168,55,28,0
aPEAR,62,168,55,29,0
aPEAR,62,168,55,30,0
aPEAR,62,168,55,31,0
aPEAR,62,168,55,32,0
aPEAR,62,168,55,33,0
aPEAR,62,168,55,34,0
aPEAR,62,168,55,35,0
aPEAR,62,168,55,36,0
aPEAR,62,168,55,37,0
aPEAR,62,168,55,38,0
aPEAR,62,168,55,39,0
aPEAR,62,168,55,40,0
aPEAR,62,168,55,41,0
aPEAR,62,168,55,42,0
aPEAR,62,168,55,43,0.125
aPEAR,62,168,55,44,0
aPEAR,62,168,55,45,0
aPEAR,62,168,55,46,0
aPEAR,62,168,55,47,0
aPEAR,62,168,55,48,0
aPEAR,62,168,55,49,0
aPEAR,62,168,55,50,0
aPEAR,62,168,55,51,0
aPEAR,62,168,55,52,0
aPEAR,62,168,55,53,0
aPEAR,62,168,55,54,0
aPEAR,62,168,55,55,0.16666666666666666
aPEAR,62,168,55,56,0
aPEAR,62,168,55,57,0
aPEAR,142,169,55,1,0
aPEAR,142,169,55,2,0
aPEAR,142,169,55,3,0
aPEAR,142,169,55,4,0
aPEAR,142,169,55,5,0
aPEAR,142,169,55,6,0
aPEAR,142,169,55,7,0
aPEAR,142,169,55,8,0
aPEAR,142,169,55,9,0
aPEAR,142,169,55,10,0
aPEAR,142,169,55,11,0
aPEAR,142,169,55,12,0
aPEAR,142,169,55,13,0
aPEAR,142,169,55,14,0
aPEAR,142,169,55,15,0
aPEAR,142,169,55,16,0
aPEAR,142,169,55,17,0
aPEAR,142,169,55,18,0
aPEAR,142,169,55,19,0
aPEAR,142,169,55,20,0
aPEAR,142,169,55,21,0
aPEAR,142,169,55,22,0
aPEAR,142,169,55,23,0
aPEAR,142,169,55,24,0
aPEAR,142,169,55,25,0
aPEAR,142,169,55,26,0
aPEAR,142,169,55,27,0
aPEAR,142,169,55,28,0
aPEAR,142,169,55,29,0
aPEAR,142,169,55,30,0
aPEAR,142,169,55,31,0
aPEAR,142,169,55,32,0
aPEAR,142,169,55,33,0
aPEAR,142,169,55,34,0
aPEAR,142,169,55,35,0
aPEAR,142,169,55,36,0
aPEAR,142,169,55,37,0
aPEAR,142,169,55,38,0
aPEAR,142,169,55,39,0
aPEAR,142,169,55,40,0
aPEAR,142,169,55,41,0
aPEAR,142,169,55,42,0
aPEAR,142,169,55,43,0
aPEAR,142,169,55,44,0
aPEAR,142,169,55,45,0
aPEAR,142,169,55,46,0
aPEAR,142,169,55,47,0
aPEAR,142,169,55,48,0
aPEAR,142,169,55,49,0
aPEAR,142,169,55,50,0
aPEAR,142,169,55,51,0
aPEAR,142,169,55,52,0
aPEAR,142,169,55,53,0
aPEAR,142,169,55,54,0
aPEAR,142,169,55,55,0.2
aPEAR,142,169,55,56,0
aPEAR,142,169,55,57,0
aPEAR,147,170,55,1,0
aPEAR,147,170,55,2,0
aPEAR,147,170,55,3,0
aPEAR,147,170,55,4,0
aPEAR,147,170,55,5,0
aPEAR,147,170,55,6,0
aPEAR,147,170,55,7,0
aPEAR,147,170,55,8,0
aPEAR,147,170,55,9,0
aPEAR,147,170,55,10,0
aPEAR,147,170,55,11,0
aPEAR,147,170,55,12,0
aPEAR,147,170,55,13,0
aPEAR,147,170,55,14,0
aPEAR,147,170,55,15,0
aPEAR,147,170,55,16,0
aPEAR,147,170,55,17,0
aPEAR,147,170,55,18,0
aPEAR,147,170,55,19,0
aPEAR,147,170,55,20,0
aPEAR,147,170,55,21,0
aPEAR,147,170,55,22,0
aPEAR,147,170,55,23,0
aPEAR,147,170,55,24,0
aPEAR,147,170,55,25,0
aPEAR,147,170,55,26,0
aPEAR,147,170,55,27,0
aPEAR,147,170,55,28,0
aPEAR,147,170,55,29,0
aPEAR,147,170,55,30,0
aPEAR,147,170,55,31,0
aPEAR,147,170,55,32,0
aPEAR,147,170,55,33,0
aPEAR,147,170,55,34,0
aPEAR,147,170,55,35,0
aPEAR,147,170,55,36,0
aPEAR,147,170,55,37,0
aPEAR,147,170,55,38,0
aPEAR,147,170,55,39,0
aPEAR,147,170,55,40,0
aPEAR,147,170,55,41,0
aPEAR,147,170,55,42,0
aPEAR,147,170,55,43,0
aPEAR,147,170,55,44,0
aPEAR,147,170,55,45,0
aPEAR,147,170,55,46,0
aPEAR,147,170,55,47,0
aPEAR,147,170,55,48,0
aPEAR,147,170,55,49,0
aPEAR,147,170,55,50,0
aPEAR,147,170,55,51,0
aPEAR,147,170,55,52,0
aPEAR,147,170,55,53,0
aPEAR,147,170,55,54,0
aPEAR,147,170,55,55,0.2
aPEAR,147,170,55,56,0
aPEAR,147,170,55,57,0
aPEAR,72,171,56,1,0.1111111111111111
aPEAR,72,171,56,2,0
aPEAR,72,171,56,3,0
aPEAR,72,171,56,4,0
aPEAR,72,171,56,5,0
aPEAR,72,171,56,6,0
aPEAR,72,171,56,7,0
aPEAR,72,171,56,8,0
aPEAR,72,171,56,9,0
aPEAR,72,171,56,10,0
aPEAR,72,171,56,11,0
aPEAR,72,171,56,12,0
aPEAR,72,171,56,13,0
aPEAR,72,171,56,14,0
aPEAR,72,171,56,15,0
aPEAR,72,171,56,16,0
aPEAR,72,171,56,17,0
aPEAR,72,171,56,18,0
aPEAR,72,171,56,19,0
aPEAR,72,171,56,20,0
aPEAR,72,171,56,21,0
aPEAR,72,171,56,22,0
aPEAR,72,171,56,23,0
aPEAR,72,171,56,24,0
aPEAR,72,171,56,25,0
aPEAR,72,171,56,26,0
aPEAR,72,171,56,27,0
aPEAR,72,171,56,28,0
aPEAR,72,171,56,29,0
aPEAR,72,171,56,30,0
aPEAR,72,171,56,31,0
aPEAR,72,171,56,32,0
aPEAR,72,171,56,33,0
aPEAR,72,171,56,34,0
aPEAR,72,171,56,35,0
aPEAR,72,171,56,36,0
aPEAR,72,171,56,37,0
aPEAR,72,171,56,38,0
aPEAR,72,171,56,39,0
aPEAR,72,171,56,40,0
aPEAR,72,171,56,41,0
aPEAR,72,171,56,42,0
aPEAR,72,171,56,43,0
aPEAR,72,171,56,44,0
aPEAR,72,171,56,45,0
aPEAR,72,171,56,46,0
aPEAR,72,171,56,47,0
aPEAR,72,171,56,48,0
aPEAR,72,171,56,49,0
aPEAR,72,171,56,50,0
aPEAR,72,171,56,51,0
aPEAR,72,171,56,52,0
aPEAR,72,171,56,53,0
aPEAR,72,171,56,54,0
aPEAR,72,171,56,55,0
aPEAR,72,171,56,56,0.2222222222222222
aPEAR,72,171,56,57,0
aPEAR,132,172,56,1,0
aPEAR,132,172,56,2,0
aPEAR,132,172,56,3,0
aPEAR,132,172,56,4,0
aPEAR,132,172,56,5,0
aPEAR,132,172,56,6,0
aPEAR,132,172,56,7,0
aPEAR,132,172,56,8,0
aPEAR,132,172,56,9,0
aPEAR,132,172,56,10,0
aPEAR,132,172,56,11,0
aPEAR,132,172,56,12,0
aPEAR,132,172,56,13,0
aPEAR,132,172,56,14,0
aPEAR,132,172,56,15,0
aPEAR,132,172,56,16,0
aPEAR,132,172,56,17,0
aPEAR,132,172,56,18,0
aPEAR,132,172,56,19,0
aPEAR,132,172,56,20,0
aPEAR,132,172,56,21,0
aPEAR,132,172,56,22,0
aPEAR,132,172,56,23,0
aPEAR,132,172,56,24,0
aPEAR,132,172,56,25,0
aPEAR,132,172,56,26,0
aPEAR,132,172,56,27,0
aPEAR,132,172,56,28,0
aPEAR,132,172,56,29,0
aPEAR,132,172,56,30,0
aPEAR,132,172,56,31,0
aPEAR,132,172,56,32,0
aPEAR,132,172,56,33,0
aPEAR,132,172,56,34,0
aPEAR,132,172,56,35,0
aPEAR,132,172,56,36,0
aPEAR,132,172,56,37,0
aPEAR,132,172,56,38,0
aPEAR,132,172,56,39,0
aPEAR,132,172,56,40,0
aPEAR,132,172,56,41,0
aPEAR,132,172,56,42,0
aPEAR,132,172,56,43,0
aPEAR,132,172,56,44,0
aPEAR,132,172,56,45,0
aPEAR,132,172,56,46,0
aPEAR,132,172,56,47,0
aPEAR,132,172,56,48,0
aPEAR,132,172,56,49,0
aPEAR,132,172,56,50,0
aPEAR,132,172,56,51,0
aPEAR,132,172,56,52,0
aPEAR,132,172,56,53,0
aPEAR,132,172,56,54,0
aPEAR,132,172,56,55,0
aPEAR,132,172,56,56,0.125
aPEAR,132,172,56,57,0
aPEAR,160,173,56,1,0
aPEAR,160,173,56,2,0
aPEAR,160,173,56,3,0
aPEAR,160,173,56,4,0
aPEAR,160,173,56,5,0
aPEAR,160,173,56,6,0
aPEAR,160,173,56,7,0
aPEAR,160,173,56,8,0
aPEAR,160,173,56,9,0
aPEAR,160,173,56,10,0
aPEAR,160,173,56,11,0
aPEAR,160,173,56,12,0
aPEAR,160,173,56,13,0
aPEAR,160,173,56,14,0
aPEAR,160,173,56,15,0
aPEAR,160,173,56,16,0
aPEAR,160,173,56,17,0
aPEAR,160,173,56,18,0
aPEAR,160,173,56,19,0
aPEAR,160,173,56,20,0
aPEAR,160,173,56,21,0
aPEAR,160,173,56,22,0
aPEAR,160,173,56,23,0
aPEAR,160,173,56,24,0
aPEAR,160,173,56,25,0
aPEAR,160,173,56,26,0
aPEAR,160,173,56,27,0
aPEAR,160,173,56,28,0
aPEAR,160,173,56,29,0
aPEAR,160,173,56,30,0
aPEAR,160,173,56,31,0
aPEAR,160,173,56,32,0
aPEAR,160,173,56,33,0
aPEAR,160,173,56,34,0
aPEAR,160,173,56,35,0
aPEAR,160,173,56,36,0
aPEAR,160,173,56,37,0
aPEAR,160,173,56,38,0
aPEAR,160,173,56,39,0
aPEAR,160,173,56,40,0
aPEAR,160,173,56,41,0
aPEAR,160,173,56,42,0
aPEAR,160,173,56,43,0
aPEAR,160,173,56,44,0
aPEAR,160,173,56,45,0
aPEAR,160,173,56,46,0
aPEAR,160,173,56,47,0
aPEAR,160,173,56,48,0
aPEAR,160,173,56,49,0
aPEAR,160,173,56,50,0
aPEAR,160,173,56,51,0
aPEAR,160,173,56,52,0
aPEAR,160,173,56,53,0
aPEAR,160,173,56,54,0
aPEAR,160,173,56,55,0
aPEAR,160,173,56,56,0.125
aPEAR,160,173,56,57,0
aPEAR,59,174,57,1,0
aPEAR,59,174,57,2,0.07692307692307693
aPEAR,59,174,57,3,0
aPEAR,59,174,57,4,0
aPEAR,59,174,57,5,0
aPEAR,59,174,57,6,0
aPEAR,59,174,57,7,0
aPEAR,59,174,57,8,0
aPEAR,59,174,57,9,0
aPEAR,59,174,57,10,0
aPEAR,59,174,57,11,0
aPEAR,59,174,57,12,0
aPEAR,59,174,57,13,0
aPEAR,59,174,57,14,0
aPEAR,59,174,57,15,0
aPEAR,59,174,57,16,0
aPEAR,59,174,57,17,0
aPEAR,59,174,57,18,0
aPEAR,59,174,57,19,0
aPEAR,59,174,57,20,0
aPEAR,59,174,57,21,0
aPEAR,59,174,57,22,0
aPEAR,59,174,57,23,0
aPEAR,59,174,57,24,0
aPEAR,59,174,57,25,0
aPEAR,59,174,57,26,0
aPEAR,59,174,57,27,0
aPEAR,59,174,57,28,0
aPEAR,59,174,57,29,0
aPEAR,59,174,57,30,0
aPEAR,59,174,57,31,0
aPEAR,59,174,57,32,0
aPEAR,59,174,57,33,0
aPEAR,59,174,57,34,0
aPEAR,59,174,57,35,0
aPEAR,59,174,57,36,0
aPEAR,59,174,57,37,0
aPEAR,59,174,57,38,0
aPEAR,59,174,57,39,0
aPEAR,59,174,57,40,0
aPEAR,59,174,57,41,0
aPEAR,59,174,57,42,0
aPEAR,59,174,57,43,0
aPEAR,59,174,57,44,0
aPEAR,59,174,57,45,0
aPEAR,59,174,57,46,0
aPEAR,59,174,57,47,0
aPEAR,59,174,57,48,0
aPEAR,59,174,57,49,0
aPEAR,59,174,57,50,0
aPEAR,59,174,57,51,0
aPEAR,59,174,57,52,0
aPEAR,59,174,57,53,0
aPEAR,59,174,57,54,0
aPEAR,59,174,57,55,0
aPEAR,59,174,57,56,0
aPEAR,59,174,57,57,0.14285714285714285
aPEAR,97,175,57,1,0
aPEAR,97,175,57,2,0
aPEAR,97,175,57,3,0
aPEAR,97,175,57,4,0
aPEAR,97,175,57,5,0
aPEAR,97,175,57,6,0
aPEAR,97,175,57,7,0
aPEAR,97,175,57,8,0
aPEAR,97,175,57,9,0
aPEAR,97,175,57,10,0
aPEAR,97,175,57,11,0
aPEAR,97,175,57,12,0
aPEAR,97,175,57,13,0
aPEAR,97,175,57,14,0
aPEAR,97,175,57,15,0
aPEAR,97,175,57,16,0
aPEAR,97,175,57,17,0
aPEAR,97,175,57,18,0
aPEAR,97,175,57,19,0
aPEAR,97,175,57,20,0
aPEAR,97,175,57,21,0
aPEAR,97,175,57,22,0
aPEAR,97,175,57,23,0
aPEAR,97,175,57,24,0
aPEAR,97,175,57,25,0
aPEAR,97,175,57,26,0
aPEAR,97,175,57,27,0
aPEAR,97,175,57,28,0
aPEAR,97,175,57,29,0
aPEAR,97,175,57,30,0
aPEAR,97,175,57,31,0
aPEAR,97,175,57,32,0
aPEAR,97,175,57,33,0
aPEAR,97,175,57,34,0
aPEAR,97,175,57,35,0
aPEAR,97,175,57,36,0
aPEAR,97,175,57,37,0
aPEAR,97,175,57,38,0
aPEAR,97,175,57,39,0
aPEAR,97,175,57,40,0
aPEAR,97,175,57,41,0
aPEAR,97,175,57,42,0
aPEAR,97,175,57,43,0
aPEAR,97,175,57,44,0
aPEAR,97,175,57,45,0
aPEAR,97,175,57,46,0
aPEAR,97,175,57,47,0
aPEAR,97,175,57,48,0
aPEAR,97,175,57,49,0
aPEAR,97,175,57,50,0
aPEAR,97,175,57,51,0
aPEAR,97,175,57,52,0
aPEAR,97,175,57,53,0
aPEAR,97,175,57,54,0
aPEAR,97,175,57,55,0
aPEAR,97,175,57,56,0
aPEAR,97,175,57,57,0.3333333333333333
enrichplot,37,1,1,1,0.3333333333333333
enrichplot,37,1,1,2,0
enrichplot,37,1,1,3,0
enrichplot,37,1,1,4,0
enrichplot,37,1,1,5,0
enrichplot,37,1,1,6,0
enrichplot,37,1,1,7,0
enrichplot,37,1,1,8,0.08333333333333333
enrichplot,37,1,1,9,0
enrichplot,37,1,1,10,0
enrichplot,37,1,1,11,0
enrichplot,37,1,1,12,0
enrichplot,37,1,1,13,0
enrichplot,37,1,1,14,0
enrichplot,37,1,1,15,0
enrichplot,37,1,1,16,0
enrichplot,37,1,1,17,0
enrichplot,37,1,1,18,0
enrichplot,37,1,1,19,0
enrichplot,37,1,1,20,0
enrichplot,37,1,1,21,0
enrichplot,37,1,1,22,0
enrichplot,37,1,1,23,0
enrichplot,37,1,1,24,0
enrichplot,37,1,1,25,0
enrichplot,37,1,1,26,0
enrichplot,37,1,1,27,0.07692307692307693
enrichplot,37,1,1,28,0.07692307692307693
enrichplot,37,1,1,29,0
enrichplot,37,1,1,30,0
enrichplot,37,1,1,31,0
enrichplot,37,1,1,32,0
enrichplot,37,1,1,33,0
enrichplot,37,1,1,34,0
enrichplot,37,1,1,35,0
enrichplot,37,1,1,36,0
enrichplot,37,1,1,37,0
enrichplot,37,1,1,38,0
enrichplot,37,1,1,39,0
enrichplot,37,1,1,40,0
enrichplot,37,1,1,41,0
enrichplot,37,1,1,42,0
enrichplot,37,1,1,43,0
enrichplot,37,1,1,44,0
enrichplot,37,1,1,45,0
enrichplot,37,1,1,46,0
enrichplot,37,1,1,47,0
enrichplot,37,1,1,48,0
enrichplot,37,1,1,49,0
enrichplot,37,1,1,50,0
enrichplot,37,1,1,51,0
enrichplot,37,1,1,52,0
enrichplot,37,1,1,53,0.18181818181818182
enrichplot,37,1,1,54,0
enrichplot,37,1,1,55,0
enrichplot,37,1,1,56,0
enrichplot,37,1,1,57,0
enrichplot,51,2,2,1,0
enrichplot,51,2,2,2,0.7142857142857143
enrichplot,51,2,2,3,0
enrichplot,51,2,2,4,0
enrichplot,51,2,2,5,0
enrichplot,51,2,2,6,0
enrichplot,51,2,2,7,0
enrichplot,51,2,2,8,0
enrichplot,51,2,2,9,0
enrichplot,51,2,2,10,0
enrichplot,51,2,2,11,0
enrichplot,51,2,2,12,0
enrichplot,51,2,2,13,0
enrichplot,51,2,2,14,0
enrichplot,51,2,2,15,0
enrichplot,51,2,2,16,0
enrichplot,51,2,2,17,0
enrichplot,51,2,2,18,0
enrichplot,51,2,2,19,0
enrichplot,51,2,2,20,0
enrichplot,51,2,2,21,0
enrichplot,51,2,2,22,0
enrichplot,51,2,2,23,0
enrichplot,51,2,2,24,0
enrichplot,51,2,2,25,0
enrichplot,51,2,2,26,0
enrichplot,51,2,2,27,0
enrichplot,51,2,2,28,0
enrichplot,51,2,2,29,0
enrichplot,51,2,2,30,0
enrichplot,51,2,2,31,0
enrichplot,51,2,2,32,0
enrichplot,51,2,2,33,0
enrichplot,51,2,2,34,0
enrichplot,51,2,2,35,0
enrichplot,51,2,2,36,0
enrichplot,51,2,2,37,0
enrichplot,51,2,2,38,0
enrichplot,51,2,2,39,0
enrichplot,51,2,2,40,0
enrichplot,51,2,2,41,0
enrichplot,51,2,2,42,0
enrichplot,51,2,2,43,0
enrichplot,51,2,2,44,0
enrichplot,51,2,2,45,0
enrichplot,51,2,2,46,0
enrichplot,51,2,2,47,0
enrichplot,51,2,2,48,0
enrichplot,51,2,2,49,0
enrichplot,51,2,2,50,0.0625
enrichplot,51,2,2,51,0
enrichplot,51,2,2,52,0
enrichplot,51,2,2,53,0
enrichplot,51,2,2,54,0
enrichplot,51,2,2,55,0
enrichplot,51,2,2,56,0
enrichplot,51,2,2,57,0.058823529411764705
enrichplot,4,3,3,1,0
enrichplot,4,3,3,2,0
enrichplot,4,3,3,3,0.14285714285714285
enrichplot,4,3,3,4,0
enrichplot,4,3,3,5,0
enrichplot,4,3,3,6,0
enrichplot,4,3,3,7,0
enrichplot,4,3,3,8,0
enrichplot,4,3,3,9,0.1
enrichplot,4,3,3,10,0
enrichplot,4,3,3,11,0
enrichplot,4,3,3,12,0
enrichplot,4,3,3,13,0
enrichplot,4,3,3,14,0
enrichplot,4,3,3,15,0
enrichplot,4,3,3,16,0
enrichplot,4,3,3,17,0
enrichplot,4,3,3,18,0
enrichplot,4,3,3,19,0
enrichplot,4,3,3,20,0
enrichplot,4,3,3,21,0
enrichplot,4,3,3,22,0
enrichplot,4,3,3,23,0
enrichplot,4,3,3,24,0
enrichplot,4,3,3,25,0
enrichplot,4,3,3,26,0
enrichplot,4,3,3,27,0
enrichplot,4,3,3,28,0
enrichplot,4,3,3,29,0
enrichplot,4,3,3,30,0
enrichplot,4,3,3,31,0
enrichplot,4,3,3,32,0
enrichplot,4,3,3,33,0
enrichplot,4,3,3,34,0
enrichplot,4,3,3,35,0
enrichplot,4,3,3,36,0
enrichplot,4,3,3,37,0
enrichplot,4,3,3,38,0
enrichplot,4,3,3,39,0
enrichplot,4,3,3,40,0
enrichplot,4,3,3,41,0
enrichplot,4,3,3,42,0
enrichplot,4,3,3,43,0
enrichplot,4,3,3,44,0
enrichplot,4,3,3,45,0
enrichplot,4,3,3,46,0
enrichplot,4,3,3,47,0.125
enrichplot,4,3,3,48,0
enrichplot,4,3,3,49,0
enrichplot,4,3,3,50,0
enrichplot,4,3,3,51,0
enrichplot,4,3,3,52,0
enrichplot,4,3,3,53,0
enrichplot,4,3,3,54,0.05263157894736842
enrichplot,4,3,3,55,0
enrichplot,4,3,3,56,0
enrichplot,4,3,3,57,0
enrichplot,26,4,3,1,0
enrichplot,26,4,3,2,0
enrichplot,26,4,3,3,0.14285714285714285
enrichplot,26,4,3,4,0
enrichplot,26,4,3,5,0
enrichplot,26,4,3,6,0
enrichplot,26,4,3,7,0
enrichplot,26,4,3,8,0
enrichplot,26,4,3,9,0
enrichplot,26,4,3,10,0
enrichplot,26,4,3,11,0
enrichplot,26,4,3,12,0
enrichplot,26,4,3,13,0
enrichplot,26,4,3,14,0
enrichplot,26,4,3,15,0
enrichplot,26,4,3,16,0
enrichplot,26,4,3,17,0
enrichplot,26,4,3,18,0
enrichplot,26,4,3,19,0
enrichplot,26,4,3,20,0
enrichplot,26,4,3,21,0
enrichplot,26,4,3,22,0.14285714285714285
enrichplot,26,4,3,23,0
enrichplot,26,4,3,24,0
enrichplot,26,4,3,25,0
enrichplot,26,4,3,26,0
enrichplot,26,4,3,27,0
enrichplot,26,4,3,28,0
enrichplot,26,4,3,29,0
enrichplot,26,4,3,30,0
enrichplot,26,4,3,31,0
enrichplot,26,4,3,32,0
enrichplot,26,4,3,33,0
enrichplot,26,4,3,34,0.125
enrichplot,26,4,3,35,0
enrichplot,26,4,3,36,0
enrichplot,26,4,3,37,0
enrichplot,26,4,3,38,0
enrichplot,26,4,3,39,0
enrichplot,26,4,3,40,0
enrichplot,26,4,3,41,0
enrichplot,26,4,3,42,0
enrichplot,26,4,3,43,0
enrichplot,26,4,3,44,0.1
enrichplot,26,4,3,45,0
enrichplot,26,4,3,46,0
enrichplot,26,4,3,47,0
enrichplot,26,4,3,48,0
enrichplot,26,4,3,49,0
enrichplot,26,4,3,50,0
enrichplot,26,4,3,51,0
enrichplot,26,4,3,52,0
enrichplot,26,4,3,53,0
enrichplot,26,4,3,54,0
enrichplot,26,4,3,55,0
enrichplot,26,4,3,56,0
enrichplot,26,4,3,57,0
enrichplot,40,5,3,1,0
enrichplot,40,5,3,2,0
enrichplot,40,5,3,3,0.14285714285714285
enrichplot,40,5,3,4,0
enrichplot,40,5,3,5,0
enrichplot,40,5,3,6,0
enrichplot,40,5,3,7,0
enrichplot,40,5,3,8,0
enrichplot,40,5,3,9,0
enrichplot,40,5,3,10,0.09090909090909091
enrichplot,40,5,3,11,0
enrichplot,40,5,3,12,0
enrichplot,40,5,3,13,0
enrichplot,40,5,3,14,0
enrichplot,40,5,3,15,0
enrichplot,40,5,3,16,0
enrichplot,40,5,3,17,0
enrichplot,40,5,3,18,0
enrichplot,40,5,3,19,0
enrichplot,40,5,3,20,0
enrichplot,40,5,3,21,0
enrichplot,40,5,3,22,0
enrichplot,40,5,3,23,0
enrichplot,40,5,3,24,0
enrichplot,40,5,3,25,0
enrichplot,40,5,3,26,0
enrichplot,40,5,3,27,0
enrichplot,40,5,3,28,0
enrichplot,40,5,3,29,0
enrichplot,40,5,3,30,0
enrichplot,40,5,3,31,0
enrichplot,40,5,3,32,0
enrichplot,40,5,3,33,0
enrichplot,40,5,3,34,0
enrichplot,40,5,3,35,0
enrichplot,40,5,3,36,0
enrichplot,40,5,3,37,0
enrichplot,40,5,3,38,0
enrichplot,40,5,3,39,0
enrichplot,40,5,3,40,0
enrichplot,40,5,3,41,0
enrichplot,40,5,3,42,0
enrichplot,40,5,3,43,0
enrichplot,40,5,3,44,0
enrichplot,40,5,3,45,0
enrichplot,40,5,3,46,0.125
enrichplot,40,5,3,47,0
enrichplot,40,5,3,48,0
enrichplot,40,5,3,49,0
enrichplot,40,5,3,50,0
enrichplot,40,5,3,51,0
enrichplot,40,5,3,52,0
enrichplot,40,5,3,53,0
enrichplot,40,5,3,54,0
enrichplot,40,5,3,55,0
enrichplot,40,5,3,56,0.09090909090909091
enrichplot,40,5,3,57,0
enrichplot,17,6,4,1,0
enrichplot,17,6,4,2,0
enrichplot,17,6,4,3,0
enrichplot,17,6,4,4,0.1111111111111111
enrichplot,17,6,4,5,0
enrichplot,17,6,4,6,0
enrichplot,17,6,4,7,0
enrichplot,17,6,4,8,0.1111111111111111
enrichplot,17,6,4,9,0
enrichplot,17,6,4,10,0
enrichplot,17,6,4,11,0
enrichplot,17,6,4,12,0
enrichplot,17,6,4,13,0
enrichplot,17,6,4,14,0
enrichplot,17,6,4,15,0
enrichplot,17,6,4,16,0
enrichplot,17,6,4,17,0
enrichplot,17,6,4,18,0
enrichplot,17,6,4,19,0
enrichplot,17,6,4,20,0
enrichplot,17,6,4,21,0
enrichplot,17,6,4,22,0
enrichplot,17,6,4,23,0
enrichplot,17,6,4,24,0
enrichplot,17,6,4,25,0
enrichplot,17,6,4,26,0.1111111111111111
enrichplot,17,6,4,27,0.1
enrichplot,17,6,4,28,0
enrichplot,17,6,4,29,0
enrichplot,17,6,4,30,0
enrichplot,17,6,4,31,0
enrichplot,17,6,4,32,0.1111111111111111
enrichplot,17,6,4,33,0
enrichplot,17,6,4,34,0
enrichplot,17,6,4,35,0
enrichplot,17,6,4,36,0
enrichplot,17,6,4,37,0
enrichplot,17,6,4,38,0
enrichplot,17,6,4,39,0
enrichplot,17,6,4,40,0
enrichplot,17,6,4,41,0
enrichplot,17,6,4,42,0
enrichplot,17,6,4,43,0
enrichplot,17,6,4,44,0
enrichplot,17,6,4,45,0
enrichplot,17,6,4,46,0
enrichplot,17,6,4,47,0.1
enrichplot,17,6,4,48,0
enrichplot,17,6,4,49,0
enrichplot,17,6,4,50,0
enrichplot,17,6,4,51,0
enrichplot,17,6,4,52,0
enrichplot,17,6,4,53,0
enrichplot,17,6,4,54,0
enrichplot,17,6,4,55,0
enrichplot,17,6,4,56,0
enrichplot,17,6,4,57,0
enrichplot,50,7,4,1,0
enrichplot,50,7,4,2,0
enrichplot,50,7,4,3,0
enrichplot,50,7,4,4,0.2
enrichplot,50,7,4,5,0
enrichplot,50,7,4,6,0.1111111111111111
enrichplot,50,7,4,7,0
enrichplot,50,7,4,8,0
enrichplot,50,7,4,9,0
enrichplot,50,7,4,10,0
enrichplot,50,7,4,11,0
enrichplot,50,7,4,12,0
enrichplot,50,7,4,13,0
enrichplot,50,7,4,14,0
enrichplot,50,7,4,15,0
enrichplot,50,7,4,16,0
enrichplot,50,7,4,17,0
enrichplot,50,7,4,18,0
enrichplot,50,7,4,19,0
enrichplot,50,7,4,20,0
enrichplot,50,7,4,21,0
enrichplot,50,7,4,22,0
enrichplot,50,7,4,23,0
enrichplot,50,7,4,24,0
enrichplot,50,7,4,25,0
enrichplot,50,7,4,26,0
enrichplot,50,7,4,27,0
enrichplot,50,7,4,28,0
enrichplot,50,7,4,29,0
enrichplot,50,7,4,30,0
enrichplot,50,7,4,31,0
enrichplot,50,7,4,32,0
enrichplot,50,7,4,33,0
enrichplot,50,7,4,34,0
enrichplot,50,7,4,35,0
enrichplot,50,7,4,36,0
enrichplot,50,7,4,37,0
enrichplot,50,7,4,38,0
enrichplot,50,7,4,39,0
enrichplot,50,7,4,40,0
enrichplot,50,7,4,41,0
enrichplot,50,7,4,42,0
enrichplot,50,7,4,43,0
enrichplot,50,7,4,44,0
enrichplot,50,7,4,45,0
enrichplot,50,7,4,46,0
enrichplot,50,7,4,47,0
enrichplot,50,7,4,48,0
enrichplot,50,7,4,49,0
enrichplot,50,7,4,50,0
enrichplot,50,7,4,51,0
enrichplot,50,7,4,52,0
enrichplot,50,7,4,53,0
enrichplot,50,7,4,54,0
enrichplot,50,7,4,55,0
enrichplot,50,7,4,56,0
enrichplot,50,7,4,57,0
enrichplot,20,8,5,1,0
enrichplot,20,8,5,2,0
enrichplot,20,8,5,3,0
enrichplot,20,8,5,4,0
enrichplot,20,8,5,5,0.1111111111111111
enrichplot,20,8,5,6,0
enrichplot,20,8,5,7,0
enrichplot,20,8,5,8,0
enrichplot,20,8,5,9,0
enrichplot,20,8,5,10,0
enrichplot,20,8,5,11,0.08333333333333333
enrichplot,20,8,5,12,0
enrichplot,20,8,5,13,0
enrichplot,20,8,5,14,0
enrichplot,20,8,5,15,0
enrichplot,20,8,5,16,0
enrichplot,20,8,5,17,0
enrichplot,20,8,5,18,0
enrichplot,20,8,5,19,0
enrichplot,20,8,5,20,0
enrichplot,20,8,5,21,0
enrichplot,20,8,5,22,0.1111111111111111
enrichplot,20,8,5,23,0
enrichplot,20,8,5,24,0
enrichplot,20,8,5,25,0
enrichplot,20,8,5,26,0
enrichplot,20,8,5,27,0
enrichplot,20,8,5,28,0
enrichplot,20,8,5,29,0
enrichplot,20,8,5,30,0
enrichplot,20,8,5,31,0
enrichplot,20,8,5,32,0
enrichplot,20,8,5,33,0
enrichplot,20,8,5,34,0
enrichplot,20,8,5,35,0
enrichplot,20,8,5,36,0
enrichplot,20,8,5,37,0
enrichplot,20,8,5,38,0.1111111111111111
enrichplot,20,8,5,39,0.1111111111111111
enrichplot,20,8,5,40,0
enrichplot,20,8,5,41,0
enrichplot,20,8,5,42,0
enrichplot,20,8,5,43,0
enrichplot,20,8,5,44,0
enrichplot,20,8,5,45,0
enrichplot,20,8,5,46,0
enrichplot,20,8,5,47,0
enrichplot,20,8,5,48,0
enrichplot,20,8,5,49,0
enrichplot,20,8,5,50,0
enrichplot,20,8,5,51,0
enrichplot,20,8,5,52,0
enrichplot,20,8,5,53,0
enrichplot,20,8,5,54,0.047619047619047616
enrichplot,20,8,5,55,0
enrichplot,20,8,5,56,0
enrichplot,20,8,5,57,0
enrichplot,22,9,6,1,0
enrichplot,22,9,6,2,0
enrichplot,22,9,6,3,0
enrichplot,22,9,6,4,0.14285714285714285
enrichplot,22,9,6,5,0
enrichplot,22,9,6,6,0.2
enrichplot,22,9,6,7,0
enrichplot,22,9,6,8,0
enrichplot,22,9,6,9,0
enrichplot,22,9,6,10,0
enrichplot,22,9,6,11,0
enrichplot,22,9,6,12,0
enrichplot,22,9,6,13,0
enrichplot,22,9,6,14,0
enrichplot,22,9,6,15,0
enrichplot,22,9,6,16,0
enrichplot,22,9,6,17,0
enrichplot,22,9,6,18,0
enrichplot,22,9,6,19,0
enrichplot,22,9,6,20,0
enrichplot,22,9,6,21,0
enrichplot,22,9,6,22,0
enrichplot,22,9,6,23,0
enrichplot,22,9,6,24,0
enrichplot,22,9,6,25,0
enrichplot,22,9,6,26,0
enrichplot,22,9,6,27,0
enrichplot,22,9,6,28,0
enrichplot,22,9,6,29,0
enrichplot,22,9,6,30,0
enrichplot,22,9,6,31,0
enrichplot,22,9,6,32,0
enrichplot,22,9,6,33,0
enrichplot,22,9,6,34,0
enrichplot,22,9,6,35,0
enrichplot,22,9,6,36,0
enrichplot,22,9,6,37,0
enrichplot,22,9,6,38,0
enrichplot,22,9,6,39,0
enrichplot,22,9,6,40,0
enrichplot,22,9,6,41,0
enrichplot,22,9,6,42,0
enrichplot,22,9,6,43,0
enrichplot,22,9,6,44,0
enrichplot,22,9,6,45,0
enrichplot,22,9,6,46,0
enrichplot,22,9,6,47,0
enrichplot,22,9,6,48,0
enrichplot,22,9,6,49,0
enrichplot,22,9,6,50,0
enrichplot,22,9,6,51,0
enrichplot,22,9,6,52,0
enrichplot,22,9,6,53,0
enrichplot,22,9,6,54,0
enrichplot,22,9,6,55,0
enrichplot,22,9,6,56,0.09090909090909091
enrichplot,22,9,6,57,0
enrichplot,19,10,7,1,0
enrichplot,19,10,7,2,0
enrichplot,19,10,7,3,0
enrichplot,19,10,7,4,0
enrichplot,19,10,7,5,0
enrichplot,19,10,7,6,0
enrichplot,19,10,7,7,0.1111111111111111
enrichplot,19,10,7,8,0
enrichplot,19,10,7,9,0
enrichplot,19,10,7,10,0.07692307692307693
enrichplot,19,10,7,11,0
enrichplot,19,10,7,12,0
enrichplot,19,10,7,13,0
enrichplot,19,10,7,14,0
enrichplot,19,10,7,15,0
enrichplot,19,10,7,16,0
enrichplot,19,10,7,17,0
enrichplot,19,10,7,18,0.08333333333333333
enrichplot,19,10,7,19,0
enrichplot,19,10,7,20,0
enrichplot,19,10,7,21,0
enrichplot,19,10,7,22,0
enrichplot,19,10,7,23,0
enrichplot,19,10,7,24,0
enrichplot,19,10,7,25,0
enrichplot,19,10,7,26,0
enrichplot,19,10,7,27,0
enrichplot,19,10,7,28,0
enrichplot,19,10,7,29,0
enrichplot,19,10,7,30,0
enrichplot,19,10,7,31,0
enrichplot,19,10,7,32,0
enrichplot,19,10,7,33,0
enrichplot,19,10,7,34,0
enrichplot,19,10,7,35,0
enrichplot,19,10,7,36,0
enrichplot,19,10,7,37,0
enrichplot,19,10,7,38,0
enrichplot,19,10,7,39,0
enrichplot,19,10,7,40,0
enrichplot,19,10,7,41,0
enrichplot,19,10,7,42,0
enrichplot,19,10,7,43,0
enrichplot,19,10,7,44,0
enrichplot,19,10,7,45,0
enrichplot,19,10,7,46,0
enrichplot,19,10,7,47,0
enrichplot,19,10,7,48,0
enrichplot,19,10,7,49,0
enrichplot,19,10,7,50,0.1
enrichplot,19,10,7,51,0
enrichplot,19,10,7,52,0
enrichplot,19,10,7,53,0.1111111111111111
enrichplot,19,10,7,54,0
enrichplot,19,10,7,55,0
enrichplot,19,10,7,56,0
enrichplot,19,10,7,57,0.09090909090909091
enrichplot,57,11,7,1,0
enrichplot,57,11,7,2,0
enrichplot,57,11,7,3,0
enrichplot,57,11,7,4,0
enrichplot,57,11,7,5,0
enrichplot,57,11,7,6,0
enrichplot,57,11,7,7,0.125
enrichplot,57,11,7,8,0
enrichplot,57,11,7,9,0
enrichplot,57,11,7,10,0
enrichplot,57,11,7,11,0
enrichplot,57,11,7,12,0
enrichplot,57,11,7,13,0
enrichplot,57,11,7,14,0
enrichplot,57,11,7,15,0
enrichplot,57,11,7,16,0
enrichplot,57,11,7,17,0
enrichplot,57,11,7,18,0
enrichplot,57,11,7,19,0
enrichplot,57,11,7,20,0
enrichplot,57,11,7,21,0
enrichplot,57,11,7,22,0
enrichplot,57,11,7,23,0
enrichplot,57,11,7,24,0
enrichplot,57,11,7,25,0
enrichplot,57,11,7,26,0.125
enrichplot,57,11,7,27,0
enrichplot,57,11,7,28,0
enrichplot,57,11,7,29,0
enrichplot,57,11,7,30,0
enrichplot,57,11,7,31,0
enrichplot,57,11,7,32,0
enrichplot,57,11,7,33,0
enrichplot,57,11,7,34,0
enrichplot,57,11,7,35,0
enrichplot,57,11,7,36,0
enrichplot,57,11,7,37,0
enrichplot,57,11,7,38,0
enrichplot,57,11,7,39,0
enrichplot,57,11,7,40,0
enrichplot,57,11,7,41,0
enrichplot,57,11,7,42,0
enrichplot,57,11,7,43,0
enrichplot,57,11,7,44,0
enrichplot,57,11,7,45,0
enrichplot,57,11,7,46,0
enrichplot,57,11,7,47,0
enrichplot,57,11,7,48,0
enrichplot,57,11,7,49,0
enrichplot,57,11,7,50,0
enrichplot,57,11,7,51,0
enrichplot,57,11,7,52,0
enrichplot,57,11,7,53,0
enrichplot,57,11,7,54,0
enrichplot,57,11,7,55,0.1111111111111111
enrichplot,57,11,7,56,0.08333333333333333
enrichplot,57,11,7,57,0.1
enrichplot,33,12,8,1,0
enrichplot,33,12,8,2,0
enrichplot,33,12,8,3,0
enrichplot,33,12,8,4,0
enrichplot,33,12,8,5,0
enrichplot,33,12,8,6,0
enrichplot,33,12,8,7,0
enrichplot,33,12,8,8,0.1111111111111111
enrichplot,33,12,8,9,0
enrichplot,33,12,8,10,0
enrichplot,33,12,8,11,0
enrichplot,33,12,8,12,0
enrichplot,33,12,8,13,0
enrichplot,33,12,8,14,0.1
enrichplot,33,12,8,15,0
enrichplot,33,12,8,16,0
enrichplot,33,12,8,17,0
enrichplot,33,12,8,18,0
enrichplot,33,12,8,19,0
enrichplot,33,12,8,20,0
enrichplot,33,12,8,21,0
enrichplot,33,12,8,22,0
enrichplot,33,12,8,23,0
enrichplot,33,12,8,24,0
enrichplot,33,12,8,25,0
enrichplot,33,12,8,26,0.1111111111111111
enrichplot,33,12,8,27,0
enrichplot,33,12,8,28,0
enrichplot,33,12,8,29,0
enrichplot,33,12,8,30,0
enrichplot,33,12,8,31,0
enrichplot,33,12,8,32,0
enrichplot,33,12,8,33,0
enrichplot,33,12,8,34,0
enrichplot,33,12,8,35,0.1
enrichplot,33,12,8,36,0
enrichplot,33,12,8,37,0
enrichplot,33,12,8,38,0
enrichplot,33,12,8,39,0
enrichplot,33,12,8,40,0
enrichplot,33,12,8,41,0.1111111111111111
enrichplot,33,12,8,42,0
enrichplot,33,12,8,43,0
enrichplot,33,12,8,44,0
enrichplot,33,12,8,45,0
enrichplot,33,12,8,46,0
enrichplot,33,12,8,47,0
enrichplot,33,12,8,48,0
enrichplot,33,12,8,49,0
enrichplot,33,12,8,50,0
enrichplot,33,12,8,51,0
enrichplot,33,12,8,52,0
enrichplot,33,12,8,53,0
enrichplot,33,12,8,54,0
enrichplot,33,12,8,55,0
enrichplot,33,12,8,56,0.07692307692307693
enrichplot,33,12,8,57,0
enrichplot,6,13,10,1,0
enrichplot,6,13,10,2,0
enrichplot,6,13,10,3,0
enrichplot,6,13,10,4,0
enrichplot,6,13,10,5,0
enrichplot,6,13,10,6,0
enrichplot,6,13,10,7,0
enrichplot,6,13,10,8,0
enrichplot,6,13,10,9,0.06666666666666667
enrichplot,6,13,10,10,0.13333333333333333
enrichplot,6,13,10,11,0
enrichplot,6,13,10,12,0
enrichplot,6,13,10,13,0
enrichplot,6,13,10,14,0
enrichplot,6,13,10,15,0
enrichplot,6,13,10,16,0.08333333333333333
enrichplot,6,13,10,17,0
enrichplot,6,13,10,18,0
enrichplot,6,13,10,19,0
enrichplot,6,13,10,20,0.07692307692307693
enrichplot,6,13,10,21,0
enrichplot,6,13,10,22,0
enrichplot,6,13,10,23,0
enrichplot,6,13,10,24,0.0625
enrichplot,6,13,10,25,0
enrichplot,6,13,10,26,0
enrichplot,6,13,10,27,0.07692307692307693
enrichplot,6,13,10,28,0
enrichplot,6,13,10,29,0
enrichplot,6,13,10,30,0
enrichplot,6,13,10,31,0
enrichplot,6,13,10,32,0
enrichplot,6,13,10,33,0
enrichplot,6,13,10,34,0
enrichplot,6,13,10,35,0
enrichplot,6,13,10,36,0
enrichplot,6,13,10,37,0
enrichplot,6,13,10,38,0
enrichplot,6,13,10,39,0
enrichplot,6,13,10,40,0
enrichplot,6,13,10,41,0
enrichplot,6,13,10,42,0
enrichplot,6,13,10,43,0
enrichplot,6,13,10,44,0
enrichplot,6,13,10,45,0
enrichplot,6,13,10,46,0
enrichplot,6,13,10,47,0
enrichplot,6,13,10,48,0
enrichplot,6,13,10,49,0
enrichplot,6,13,10,50,0
enrichplot,6,13,10,51,0
enrichplot,6,13,10,52,0
enrichplot,6,13,10,53,0.08333333333333333
enrichplot,6,13,10,54,0.041666666666666664
enrichplot,6,13,10,55,0
enrichplot,6,13,10,56,0
enrichplot,6,13,10,57,0
enrichplot,49,14,10,1,0
enrichplot,49,14,10,2,0
enrichplot,49,14,10,3,0
enrichplot,49,14,10,4,0
enrichplot,49,14,10,5,0
enrichplot,49,14,10,6,0
enrichplot,49,14,10,7,0
enrichplot,49,14,10,8,0
enrichplot,49,14,10,9,0
enrichplot,49,14,10,10,0.3333333333333333
enrichplot,49,14,10,11,0
enrichplot,49,14,10,12,0
enrichplot,49,14,10,13,0
enrichplot,49,14,10,14,0
enrichplot,49,14,10,15,0
enrichplot,49,14,10,16,0
enrichplot,49,14,10,17,0
enrichplot,49,14,10,18,0
enrichplot,49,14,10,19,0
enrichplot,49,14,10,20,0
enrichplot,49,14,10,21,0
enrichplot,49,14,10,22,0
enrichplot,49,14,10,23,0
enrichplot,49,14,10,24,0
enrichplot,49,14,10,25,0
enrichplot,49,14,10,26,0
enrichplot,49,14,10,27,0
enrichplot,49,14,10,28,0
enrichplot,49,14,10,29,0
enrichplot,49,14,10,30,0
enrichplot,49,14,10,31,0
enrichplot,49,14,10,32,0
enrichplot,49,14,10,33,0
enrichplot,49,14,10,34,0
enrichplot,49,14,10,35,0
enrichplot,49,14,10,36,0
enrichplot,49,14,10,37,0
enrichplot,49,14,10,38,0
enrichplot,49,14,10,39,0
enrichplot,49,14,10,40,0
enrichplot,49,14,10,41,0
enrichplot,49,14,10,42,0
enrichplot,49,14,10,43,0
enrichplot,49,14,10,44,0
enrichplot,49,14,10,45,0
enrichplot,49,14,10,46,0
enrichplot,49,14,10,47,0
enrichplot,49,14,10,48,0
enrichplot,49,14,10,49,0
enrichplot,49,14,10,50,0
enrichplot,49,14,10,51,0
enrichplot,49,14,10,52,0
enrichplot,49,14,10,53,0
enrichplot,49,14,10,54,0.05263157894736842
enrichplot,49,14,10,55,0
enrichplot,49,14,10,56,0
enrichplot,49,14,10,57,0
enrichplot,24,15,11,1,0
enrichplot,24,15,11,2,0
enrichplot,24,15,11,3,0
enrichplot,24,15,11,4,0
enrichplot,24,15,11,5,0.09090909090909091
enrichplot,24,15,11,6,0
enrichplot,24,15,11,7,0
enrichplot,24,15,11,8,0
enrichplot,24,15,11,9,0.07142857142857142
enrichplot,24,15,11,10,0
enrichplot,24,15,11,11,0.25
enrichplot,24,15,11,12,0
enrichplot,24,15,11,13,0
enrichplot,24,15,11,14,0
enrichplot,24,15,11,15,0
enrichplot,24,15,11,16,0
enrichplot,24,15,11,17,0
enrichplot,24,15,11,18,0
enrichplot,24,15,11,19,0
enrichplot,24,15,11,20,0
enrichplot,24,15,11,21,0
enrichplot,24,15,11,22,0
enrichplot,24,15,11,23,0
enrichplot,24,15,11,24,0
enrichplot,24,15,11,25,0
enrichplot,24,15,11,26,0
enrichplot,24,15,11,27,0.08333333333333333
enrichplot,24,15,11,28,0
enrichplot,24,15,11,29,0
enrichplot,24,15,11,30,0
enrichplot,24,15,11,31,0
enrichplot,24,15,11,32,0
enrichplot,24,15,11,33,0
enrichplot,24,15,11,34,0
enrichplot,24,15,11,35,0
enrichplot,24,15,11,36,0
enrichplot,24,15,11,37,0
enrichplot,24,15,11,38,0
enrichplot,24,15,11,39,0
enrichplot,24,15,11,40,0
enrichplot,24,15,11,41,0
enrichplot,24,15,11,42,0
enrichplot,24,15,11,43,0
enrichplot,24,15,11,44,0
enrichplot,24,15,11,45,0
enrichplot,24,15,11,46,0
enrichplot,24,15,11,47,0
enrichplot,24,15,11,48,0.18181818181818182
enrichplot,24,15,11,49,0
enrichplot,24,15,11,50,0
enrichplot,24,15,11,51,0
enrichplot,24,15,11,52,0
enrichplot,24,15,11,53,0
enrichplot,24,15,11,54,0
enrichplot,24,15,11,55,0
enrichplot,24,15,11,56,0
enrichplot,24,15,11,57,0
enrichplot,35,16,11,1,0
enrichplot,35,16,11,2,0
enrichplot,35,16,11,3,0
enrichplot,35,16,11,4,0
enrichplot,35,16,11,5,0
enrichplot,35,16,11,6,0
enrichplot,35,16,11,7,0
enrichplot,35,16,11,8,0
enrichplot,35,16,11,9,0
enrichplot,35,16,11,10,0
enrichplot,35,16,11,11,0.16666666666666666
enrichplot,35,16,11,12,0.1
enrichplot,35,16,11,13,0
enrichplot,35,16,11,14,0
enrichplot,35,16,11,15,0
enrichplot,35,16,11,16,0
enrichplot,35,16,11,17,0
enrichplot,35,16,11,18,0
enrichplot,35,16,11,19,0
enrichplot,35,16,11,20,0
enrichplot,35,16,11,21,0
enrichplot,35,16,11,22,0
enrichplot,35,16,11,23,0
enrichplot,35,16,11,24,0.07142857142857142
enrichplot,35,16,11,25,0
enrichplot,35,16,11,26,0
enrichplot,35,16,11,27,0
enrichplot,35,16,11,28,0
enrichplot,35,16,11,29,0
enrichplot,35,16,11,30,0
enrichplot,35,16,11,31,0
enrichplot,35,16,11,32,0
enrichplot,35,16,11,33,0
enrichplot,35,16,11,34,0
enrichplot,35,16,11,35,0.09090909090909091
enrichplot,35,16,11,36,0
enrichplot,35,16,11,37,0
enrichplot,35,16,11,38,0
enrichplot,35,16,11,39,0
enrichplot,35,16,11,40,0.09090909090909091
enrichplot,35,16,11,41,0
enrichplot,35,16,11,42,0
enrichplot,35,16,11,43,0
enrichplot,35,16,11,44,0
enrichplot,35,16,11,45,0
enrichplot,35,16,11,46,0
enrichplot,35,16,11,47,0
enrichplot,35,16,11,48,0
enrichplot,35,16,11,49,0
enrichplot,35,16,11,50,0
enrichplot,35,16,11,51,0
enrichplot,35,16,11,52,0
enrichplot,35,16,11,53,0
enrichplot,35,16,11,54,0
enrichplot,35,16,11,55,0.09090909090909091
enrichplot,35,16,11,56,0
enrichplot,35,16,11,57,0
enrichplot,2,17,12,1,0
enrichplot,2,17,12,2,0
enrichplot,2,17,12,3,0
enrichplot,2,17,12,4,0
enrichplot,2,17,12,5,0
enrichplot,2,17,12,6,0
enrichplot,2,17,12,7,0
enrichplot,2,17,12,8,0
enrichplot,2,17,12,9,0
enrichplot,2,17,12,10,0
enrichplot,2,17,12,11,0
enrichplot,2,17,12,12,0.2222222222222222
enrichplot,2,17,12,13,0
enrichplot,2,17,12,14,0
enrichplot,2,17,12,15,0
enrichplot,2,17,12,16,0
enrichplot,2,17,12,17,0
enrichplot,2,17,12,18,0
enrichplot,2,17,12,19,0
enrichplot,2,17,12,20,0
enrichplot,2,17,12,21,0
enrichplot,2,17,12,22,0.1
enrichplot,2,17,12,23,0.2222222222222222
enrichplot,2,17,12,24,0
enrichplot,2,17,12,25,0
enrichplot,2,17,12,26,0
enrichplot,2,17,12,27,0
enrichplot,2,17,12,28,0.09090909090909091
enrichplot,2,17,12,29,0
enrichplot,2,17,12,30,0
enrichplot,2,17,12,31,0
enrichplot,2,17,12,32,0
enrichplot,2,17,12,33,0
enrichplot,2,17,12,34,0
enrichplot,2,17,12,35,0
enrichplot,2,17,12,36,0
enrichplot,2,17,12,37,0
enrichplot,2,17,12,38,0
enrichplot,2,17,12,39,0
enrichplot,2,17,12,40,0.09090909090909091
enrichplot,2,17,12,41,0
enrichplot,2,17,12,42,0
enrichplot,2,17,12,43,0
enrichplot,2,17,12,44,0
enrichplot,2,17,12,45,0
enrichplot,2,17,12,46,0
enrichplot,2,17,12,47,0
enrichplot,2,17,12,48,0
enrichplot,2,17,12,49,0
enrichplot,2,17,12,50,0
enrichplot,2,17,12,51,0
enrichplot,2,17,12,52,0
enrichplot,2,17,12,53,0
enrichplot,2,17,12,54,0
enrichplot,2,17,12,55,0
enrichplot,2,17,12,56,0
enrichplot,2,17,12,57,0
enrichplot,46,18,12,1,0
enrichplot,46,18,12,2,0
enrichplot,46,18,12,3,0
enrichplot,46,18,12,4,0
enrichplot,46,18,12,5,0
enrichplot,46,18,12,6,0
enrichplot,46,18,12,7,0
enrichplot,46,18,12,8,0
enrichplot,46,18,12,9,0
enrichplot,46,18,12,10,0
enrichplot,46,18,12,11,0
enrichplot,46,18,12,12,0.1111111111111111
enrichplot,46,18,12,13,0
enrichplot,46,18,12,14,0
enrichplot,46,18,12,15,0
enrichplot,46,18,12,16,0.1111111111111111
enrichplot,46,18,12,17,0
enrichplot,46,18,12,18,0
enrichplot,46,18,12,19,0
enrichplot,46,18,12,20,0
enrichplot,46,18,12,21,0
enrichplot,46,18,12,22,0
enrichplot,46,18,12,23,0
enrichplot,46,18,12,24,0
enrichplot,46,18,12,25,0
enrichplot,46,18,12,26,0
enrichplot,46,18,12,27,0.1
enrichplot,46,18,12,28,0
enrichplot,46,18,12,29,0
enrichplot,46,18,12,30,0
enrichplot,46,18,12,31,0
enrichplot,46,18,12,32,0
enrichplot,46,18,12,33,0
enrichplot,46,18,12,34,0
enrichplot,46,18,12,35,0.1
enrichplot,46,18,12,36,0
enrichplot,46,18,12,37,0
enrichplot,46,18,12,38,0
enrichplot,46,18,12,39,0
enrichplot,46,18,12,40,0
enrichplot,46,18,12,41,0
enrichplot,46,18,12,42,0.1111111111111111
enrichplot,46,18,12,43,0
enrichplot,46,18,12,44,0
enrichplot,46,18,12,45,0
enrichplot,46,18,12,46,0
enrichplot,46,18,12,47,0
enrichplot,46,18,12,48,0
enrichplot,46,18,12,49,0
enrichplot,46,18,12,50,0
enrichplot,46,18,12,51,0
enrichplot,46,18,12,52,0.07692307692307693
enrichplot,46,18,12,53,0
enrichplot,46,18,12,54,0
enrichplot,46,18,12,55,0
enrichplot,46,18,12,56,0
enrichplot,46,18,12,57,0
enrichplot,41,19,13,1,0
enrichplot,41,19,13,2,0.06666666666666667
enrichplot,41,19,13,3,0
enrichplot,41,19,13,4,0
enrichplot,41,19,13,5,0
enrichplot,41,19,13,6,0
enrichplot,41,19,13,7,0
enrichplot,41,19,13,8,0
enrichplot,41,19,13,9,0
enrichplot,41,19,13,10,0
enrichplot,41,19,13,11,0
enrichplot,41,19,13,12,0
enrichplot,41,19,13,13,0.125
enrichplot,41,19,13,14,0.125
enrichplot,41,19,13,15,0
enrichplot,41,19,13,16,0
enrichplot,41,19,13,17,0
enrichplot,41,19,13,18,0
enrichplot,41,19,13,19,0
enrichplot,41,19,13,20,0
enrichplot,41,19,13,21,0
enrichplot,41,19,13,22,0
enrichplot,41,19,13,23,0
enrichplot,41,19,13,24,0
enrichplot,41,19,13,25,0
enrichplot,41,19,13,26,0
enrichplot,41,19,13,27,0
enrichplot,41,19,13,28,0
enrichplot,41,19,13,29,0
enrichplot,41,19,13,30,0
enrichplot,41,19,13,31,0.1111111111111111
enrichplot,41,19,13,32,0
enrichplot,41,19,13,33,0
enrichplot,41,19,13,34,0
enrichplot,41,19,13,35,0
enrichplot,41,19,13,36,0
enrichplot,41,19,13,37,0
enrichplot,41,19,13,38,0
enrichplot,41,19,13,39,0
enrichplot,41,19,13,40,0
enrichplot,41,19,13,41,0
enrichplot,41,19,13,42,0
enrichplot,41,19,13,43,0
enrichplot,41,19,13,44,0
enrichplot,41,19,13,45,0
enrichplot,41,19,13,46,0
enrichplot,41,19,13,47,0
enrichplot,41,19,13,48,0
enrichplot,41,19,13,49,0
enrichplot,41,19,13,50,0
enrichplot,41,19,13,51,0
enrichplot,41,19,13,52,0
enrichplot,41,19,13,53,0
enrichplot,41,19,13,54,0
enrichplot,41,19,13,55,0
enrichplot,41,19,13,56,0
enrichplot,41,19,13,57,0
enrichplot,25,20,14,1,0
enrichplot,25,20,14,2,0
enrichplot,25,20,14,3,0
enrichplot,25,20,14,4,0.125
enrichplot,25,20,14,5,0
enrichplot,25,20,14,6,0
enrichplot,25,20,14,7,0
enrichplot,25,20,14,8,0
enrichplot,25,20,14,9,0
enrichplot,25,20,14,10,0
enrichplot,25,20,14,11,0
enrichplot,25,20,14,12,0
enrichplot,25,20,14,13,0
enrichplot,25,20,14,14,0.25
enrichplot,25,20,14,15,0
enrichplot,25,20,14,16,0
enrichplot,25,20,14,17,0
enrichplot,25,20,14,18,0
enrichplot,25,20,14,19,0
enrichplot,25,20,14,20,0
enrichplot,25,20,14,21,0
enrichplot,25,20,14,22,0
enrichplot,25,20,14,23,0
enrichplot,25,20,14,24,0
enrichplot,25,20,14,25,0.09090909090909091
enrichplot,25,20,14,26,0
enrichplot,25,20,14,27,0
enrichplot,25,20,14,28,0
enrichplot,25,20,14,29,0
enrichplot,25,20,14,30,0
enrichplot,25,20,14,31,0
enrichplot,25,20,14,32,0
enrichplot,25,20,14,33,0.1111111111111111
enrichplot,25,20,14,34,0
enrichplot,25,20,14,35,0
enrichplot,25,20,14,36,0
enrichplot,25,20,14,37,0
enrichplot,25,20,14,38,0
enrichplot,25,20,14,39,0
enrichplot,25,20,14,40,0
enrichplot,25,20,14,41,0
enrichplot,25,20,14,42,0
enrichplot,25,20,14,43,0
enrichplot,25,20,14,44,0
enrichplot,25,20,14,45,0
enrichplot,25,20,14,46,0
enrichplot,25,20,14,47,0
enrichplot,25,20,14,48,0
enrichplot,25,20,14,49,0
enrichplot,25,20,14,50,0
enrichplot,25,20,14,51,0
enrichplot,25,20,14,52,0
enrichplot,25,20,14,53,0
enrichplot,25,20,14,54,0
enrichplot,25,20,14,55,0
enrichplot,25,20,14,56,0
enrichplot,25,20,14,57,0
enrichplot,54,21,14,1,0
enrichplot,54,21,14,2,0
enrichplot,54,21,14,3,0
enrichplot,54,21,14,4,0
enrichplot,54,21,14,5,0
enrichplot,54,21,14,6,0
enrichplot,54,21,14,7,0
enrichplot,54,21,14,8,0
enrichplot,54,21,14,9,0.1
enrichplot,54,21,14,10,0
enrichplot,54,21,14,11,0
enrichplot,54,21,14,12,0
enrichplot,54,21,14,13,0
enrichplot,54,21,14,14,0.125
enrichplot,54,21,14,15,0
enrichplot,54,21,14,16,0
enrichplot,54,21,14,17,0
enrichplot,54,21,14,18,0.1
enrichplot,54,21,14,19,0
enrichplot,54,21,14,20,0
enrichplot,54,21,14,21,0
enrichplot,54,21,14,22,0
enrichplot,54,21,14,23,0
enrichplot,54,21,14,24,0
enrichplot,54,21,14,25,0
enrichplot,54,21,14,26,0
enrichplot,54,21,14,27,0
enrichplot,54,21,14,28,0
enrichplot,54,21,14,29,0
enrichplot,54,21,14,30,0
enrichplot,54,21,14,31,0
enrichplot,54,21,14,32,0
enrichplot,54,21,14,33,0
enrichplot,54,21,14,34,0
enrichplot,54,21,14,35,0
enrichplot,54,21,14,36,0
enrichplot,54,21,14,37,0
enrichplot,54,21,14,38,0
enrichplot,54,21,14,39,0
enrichplot,54,21,14,40,0
enrichplot,54,21,14,41,0
enrichplot,54,21,14,42,0
enrichplot,54,21,14,43,0
enrichplot,54,21,14,44,0
enrichplot,54,21,14,45,0
enrichplot,54,21,14,46,0
enrichplot,54,21,14,47,0
enrichplot,54,21,14,48,0
enrichplot,54,21,14,49,0
enrichplot,54,21,14,50,0
enrichplot,54,21,14,51,0
enrichplot,54,21,14,52,0
enrichplot,54,21,14,53,0
enrichplot,54,21,14,54,0
enrichplot,54,21,14,55,0.125
enrichplot,54,21,14,56,0
enrichplot,54,21,14,57,0
enrichplot,7,22,15,1,0
enrichplot,7,22,15,2,0
enrichplot,7,22,15,3,0.1111111111111111
enrichplot,7,22,15,4,0
enrichplot,7,22,15,5,0
enrichplot,7,22,15,6,0
enrichplot,7,22,15,7,0
enrichplot,7,22,15,8,0
enrichplot,7,22,15,9,0
enrichplot,7,22,15,10,0
enrichplot,7,22,15,11,0
enrichplot,7,22,15,12,0
enrichplot,7,22,15,13,0
enrichplot,7,22,15,14,0
enrichplot,7,22,15,15,0.2222222222222222
enrichplot,7,22,15,16,0
enrichplot,7,22,15,17,0
enrichplot,7,22,15,18,0
enrichplot,7,22,15,19,0
enrichplot,7,22,15,20,0
enrichplot,7,22,15,21,0
enrichplot,7,22,15,22,0
enrichplot,7,22,15,23,0
enrichplot,7,22,15,24,0
enrichplot,7,22,15,25,0
enrichplot,7,22,15,26,0.1111111111111111
enrichplot,7,22,15,27,0
enrichplot,7,22,15,28,0
enrichplot,7,22,15,29,0
enrichplot,7,22,15,30,0
enrichplot,7,22,15,31,0
enrichplot,7,22,15,32,0
enrichplot,7,22,15,33,0.1
enrichplot,7,22,15,34,0
enrichplot,7,22,15,35,0
enrichplot,7,22,15,36,0
enrichplot,7,22,15,37,0
enrichplot,7,22,15,38,0
enrichplot,7,22,15,39,0
enrichplot,7,22,15,40,0
enrichplot,7,22,15,41,0
enrichplot,7,22,15,42,0
enrichplot,7,22,15,43,0
enrichplot,7,22,15,44,0
enrichplot,7,22,15,45,0
enrichplot,7,22,15,46,0
enrichplot,7,22,15,47,0
enrichplot,7,22,15,48,0
enrichplot,7,22,15,49,0
enrichplot,7,22,15,50,0
enrichplot,7,22,15,51,0
enrichplot,7,22,15,52,0
enrichplot,7,22,15,53,0
enrichplot,7,22,15,54,0
enrichplot,7,22,15,55,0
enrichplot,7,22,15,56,0.07692307692307693
enrichplot,7,22,15,57,0
enrichplot,44,23,15,1,0
enrichplot,44,23,15,2,0
enrichplot,44,23,15,3,0
enrichplot,44,23,15,4,0
enrichplot,44,23,15,5,0
enrichplot,44,23,15,6,0
enrichplot,44,23,15,7,0
enrichplot,44,23,15,8,0
enrichplot,44,23,15,9,0
enrichplot,44,23,15,10,0
enrichplot,44,23,15,11,0
enrichplot,44,23,15,12,0
enrichplot,44,23,15,13,0
enrichplot,44,23,15,14,0
enrichplot,44,23,15,15,0.5
enrichplot,44,23,15,16,0
enrichplot,44,23,15,17,0
enrichplot,44,23,15,18,0
enrichplot,44,23,15,19,0
enrichplot,44,23,15,20,0
enrichplot,44,23,15,21,0
enrichplot,44,23,15,22,0
enrichplot,44,23,15,23,0
enrichplot,44,23,15,24,0
enrichplot,44,23,15,25,0
enrichplot,44,23,15,26,0
enrichplot,44,23,15,27,0
enrichplot,44,23,15,28,0
enrichplot,44,23,15,29,0
enrichplot,44,23,15,30,0
enrichplot,44,23,15,31,0
enrichplot,44,23,15,32,0
enrichplot,44,23,15,33,0
enrichplot,44,23,15,34,0
enrichplot,44,23,15,35,0
enrichplot,44,23,15,36,0
enrichplot,44,23,15,37,0
enrichplot,44,23,15,38,0
enrichplot,44,23,15,39,0
enrichplot,44,23,15,40,0
enrichplot,44,23,15,41,0
enrichplot,44,23,15,42,0.14285714285714285
enrichplot,44,23,15,43,0
enrichplot,44,23,15,44,0
enrichplot,44,23,15,45,0
enrichplot,44,23,15,46,0
enrichplot,44,23,15,47,0
enrichplot,44,23,15,48,0
enrichplot,44,23,15,49,0
enrichplot,44,23,15,50,0
enrichplot,44,23,15,51,0
enrichplot,44,23,15,52,0
enrichplot,44,23,15,53,0
enrichplot,44,23,15,54,0
enrichplot,44,23,15,55,0
enrichplot,44,23,15,56,0
enrichplot,44,23,15,57,0
enrichplot,56,24,16,1,0
enrichplot,56,24,16,2,0
enrichplot,56,24,16,3,0
enrichplot,56,24,16,4,0
enrichplot,56,24,16,5,0
enrichplot,56,24,16,6,0
enrichplot,56,24,16,7,0
enrichplot,56,24,16,8,0
enrichplot,56,24,16,9,0
enrichplot,56,24,16,10,0
enrichplot,56,24,16,11,0
enrichplot,56,24,16,12,0
enrichplot,56,24,16,13,0
enrichplot,56,24,16,14,0
enrichplot,56,24,16,15,0
enrichplot,56,24,16,16,0.14285714285714285
enrichplot,56,24,16,17,0
enrichplot,56,24,16,18,0
enrichplot,56,24,16,19,0.125
enrichplot,56,24,16,20,0
enrichplot,56,24,16,21,0
enrichplot,56,24,16,22,0
enrichplot,56,24,16,23,0
enrichplot,56,24,16,24,0
enrichplot,56,24,16,25,0
enrichplot,56,24,16,26,0
enrichplot,56,24,16,27,0
enrichplot,56,24,16,28,0
enrichplot,56,24,16,29,0
enrichplot,56,24,16,30,0
enrichplot,56,24,16,31,0.1111111111111111
enrichplot,56,24,16,32,0
enrichplot,56,24,16,33,0
enrichplot,56,24,16,34,0
enrichplot,56,24,16,35,0
enrichplot,56,24,16,36,0
enrichplot,56,24,16,37,0
enrichplot,56,24,16,38,0.14285714285714285
enrichplot,56,24,16,39,0
enrichplot,56,24,16,40,0
enrichplot,56,24,16,41,0
enrichplot,56,24,16,42,0
enrichplot,56,24,16,43,0
enrichplot,56,24,16,44,0
enrichplot,56,24,16,45,0
enrichplot,56,24,16,46,0
enrichplot,56,24,16,47,0
enrichplot,56,24,16,48,0
enrichplot,56,24,16,49,0
enrichplot,56,24,16,50,0
enrichplot,56,24,16,51,0
enrichplot,56,24,16,52,0
enrichplot,56,24,16,53,0
enrichplot,56,24,16,54,0
enrichplot,56,24,16,55,0
enrichplot,56,24,16,56,0
enrichplot,56,24,16,57,0
enrichplot,48,25,17,1,0
enrichplot,48,25,17,2,0
enrichplot,48,25,17,3,0
enrichplot,48,25,17,4,0
enrichplot,48,25,17,5,0
enrichplot,48,25,17,6,0
enrichplot,48,25,17,7,0
enrichplot,48,25,17,8,0
enrichplot,48,25,17,9,0
enrichplot,48,25,17,10,0
enrichplot,48,25,17,11,0
enrichplot,48,25,17,12,0
enrichplot,48,25,17,13,0
enrichplot,48,25,17,14,0
enrichplot,48,25,17,15,0
enrichplot,48,25,17,16,0
enrichplot,48,25,17,17,0.2222222222222222
enrichplot,48,25,17,18,0
enrichplot,48,25,17,19,0
enrichplot,48,25,17,20,0
enrichplot,48,25,17,21,0
enrichplot,48,25,17,22,0
enrichplot,48,25,17,23,0
enrichplot,48,25,17,24,0
enrichplot,48,25,17,25,0
enrichplot,48,25,17,26,0
enrichplot,48,25,17,27,0
enrichplot,48,25,17,28,0
enrichplot,48,25,17,29,0
enrichplot,48,25,17,30,0
enrichplot,48,25,17,31,0
enrichplot,48,25,17,32,0
enrichplot,48,25,17,33,0
enrichplot,48,25,17,34,0
enrichplot,48,25,17,35,0
enrichplot,48,25,17,36,0
enrichplot,48,25,17,37,0
enrichplot,48,25,17,38,0
enrichplot,48,25,17,39,0
enrichplot,48,25,17,40,0
enrichplot,48,25,17,41,0
enrichplot,48,25,17,42,0
enrichplot,48,25,17,43,0
enrichplot,48,25,17,44,0
enrichplot,48,25,17,45,0
enrichplot,48,25,17,46,0
enrichplot,48,25,17,47,0
enrichplot,48,25,17,48,0
enrichplot,48,25,17,49,0
enrichplot,48,25,17,50,0
enrichplot,48,25,17,51,0
enrichplot,48,25,17,52,0
enrichplot,48,25,17,53,0
enrichplot,48,25,17,54,0.05263157894736842
enrichplot,48,25,17,55,0
enrichplot,48,25,17,56,0
enrichplot,48,25,17,57,0.1111111111111111
enrichplot,13,26,18,1,0
enrichplot,13,26,18,2,0
enrichplot,13,26,18,3,0
enrichplot,13,26,18,4,0
enrichplot,13,26,18,5,0
enrichplot,13,26,18,6,0.1
enrichplot,13,26,18,7,0
enrichplot,13,26,18,8,0
enrichplot,13,26,18,9,0
enrichplot,13,26,18,10,0
enrichplot,13,26,18,11,0
enrichplot,13,26,18,12,0
enrichplot,13,26,18,13,0
enrichplot,13,26,18,14,0
enrichplot,13,26,18,15,0
enrichplot,13,26,18,16,0
enrichplot,13,26,18,17,0
enrichplot,13,26,18,18,0.1111111111111111
enrichplot,13,26,18,19,0
enrichplot,13,26,18,20,0
enrichplot,13,26,18,21,0
enrichplot,13,26,18,22,0
enrichplot,13,26,18,23,0
enrichplot,13,26,18,24,0
enrichplot,13,26,18,25,0
enrichplot,13,26,18,26,0
enrichplot,13,26,18,27,0
enrichplot,13,26,18,28,0
enrichplot,13,26,18,29,0
enrichplot,13,26,18,30,0
enrichplot,13,26,18,31,0
enrichplot,13,26,18,32,0
enrichplot,13,26,18,33,0
enrichplot,13,26,18,34,0
enrichplot,13,26,18,35,0
enrichplot,13,26,18,36,0
enrichplot,13,26,18,37,0
enrichplot,13,26,18,38,0
enrichplot,13,26,18,39,0
enrichplot,13,26,18,40,0
enrichplot,13,26,18,41,0
enrichplot,13,26,18,42,0
enrichplot,13,26,18,43,0.1111111111111111
enrichplot,13,26,18,44,0
enrichplot,13,26,18,45,0
enrichplot,13,26,18,46,0
enrichplot,13,26,18,47,0
enrichplot,13,26,18,48,0
enrichplot,13,26,18,49,0
enrichplot,13,26,18,50,0
enrichplot,13,26,18,51,0
enrichplot,13,26,18,52,0
enrichplot,13,26,18,53,0
enrichplot,13,26,18,54,0
enrichplot,13,26,18,55,0
enrichplot,13,26,18,56,0
enrichplot,13,26,18,57,0
enrichplot,43,27,19,1,0
enrichplot,43,27,19,2,0
enrichplot,43,27,19,3,0
enrichplot,43,27,19,4,0
enrichplot,43,27,19,5,0
enrichplot,43,27,19,6,0
enrichplot,43,27,19,7,0
enrichplot,43,27,19,8,0
enrichplot,43,27,19,9,0
enrichplot,43,27,19,10,0
enrichplot,43,27,19,11,0
enrichplot,43,27,19,12,0
enrichplot,43,27,19,13,0
enrichplot,43,27,19,14,0
enrichplot,43,27,19,15,0
enrichplot,43,27,19,16,0
enrichplot,43,27,19,17,0
enrichplot,43,27,19,18,0
enrichplot,43,27,19,19,0.2222222222222222
enrichplot,43,27,19,20,0
enrichplot,43,27,19,21,0
enrichplot,43,27,19,22,0
enrichplot,43,27,19,23,0
enrichplot,43,27,19,24,0
enrichplot,43,27,19,25,0
enrichplot,43,27,19,26,0
enrichplot,43,27,19,27,0
enrichplot,43,27,19,28,0
enrichplot,43,27,19,29,0.1111111111111111
enrichplot,43,27,19,30,0
enrichplot,43,27,19,31,0
enrichplot,43,27,19,32,0
enrichplot,43,27,19,33,0
enrichplot,43,27,19,34,0
enrichplot,43,27,19,35,0
enrichplot,43,27,19,36,0
enrichplot,43,27,19,37,0
enrichplot,43,27,19,38,0
enrichplot,43,27,19,39,0
enrichplot,43,27,19,40,0
enrichplot,43,27,19,41,0
enrichplot,43,27,19,42,0.1111111111111111
enrichplot,43,27,19,43,0
enrichplot,43,27,19,44,0
enrichplot,43,27,19,45,0
enrichplot,43,27,19,46,0.1
enrichplot,43,27,19,47,0.1
enrichplot,43,27,19,48,0
enrichplot,43,27,19,49,0
enrichplot,43,27,19,50,0
enrichplot,43,27,19,51,0
enrichplot,43,27,19,52,0
enrichplot,43,27,19,53,0
enrichplot,43,27,19,54,0
enrichplot,43,27,19,55,0
enrichplot,43,27,19,56,0
enrichplot,43,27,19,57,0
enrichplot,38,28,20,1,0
enrichplot,38,28,20,2,0
enrichplot,38,28,20,3,0
enrichplot,38,28,20,4,0
enrichplot,38,28,20,5,0
enrichplot,38,28,20,6,0
enrichplot,38,28,20,7,0
enrichplot,38,28,20,8,0
enrichplot,38,28,20,9,0
enrichplot,38,28,20,10,0
enrichplot,38,28,20,11,0
enrichplot,38,28,20,12,0
enrichplot,38,28,20,13,0
enrichplot,38,28,20,14,0
enrichplot,38,28,20,15,0
enrichplot,38,28,20,16,0
enrichplot,38,28,20,17,0
enrichplot,38,28,20,18,0
enrichplot,38,28,20,19,0
enrichplot,38,28,20,20,0.25
enrichplot,38,28,20,21,0.1111111111111111
enrichplot,38,28,20,22,0
enrichplot,38,28,20,23,0
enrichplot,38,28,20,24,0
enrichplot,38,28,20,25,0
enrichplot,38,28,20,26,0
enrichplot,38,28,20,27,0
enrichplot,38,28,20,28,0
enrichplot,38,28,20,29,0
enrichplot,38,28,20,30,0
enrichplot,38,28,20,31,0
enrichplot,38,28,20,32,0
enrichplot,38,28,20,33,0
enrichplot,38,28,20,34,0
enrichplot,38,28,20,35,0
enrichplot,38,28,20,36,0
enrichplot,38,28,20,37,0
enrichplot,38,28,20,38,0
enrichplot,38,28,20,39,0
enrichplot,38,28,20,40,0
enrichplot,38,28,20,41,0
enrichplot,38,28,20,42,0
enrichplot,38,28,20,43,0
enrichplot,38,28,20,44,0
enrichplot,38,28,20,45,0
enrichplot,38,28,20,46,0.25
enrichplot,38,28,20,47,0
enrichplot,38,28,20,48,0
enrichplot,38,28,20,49,0
enrichplot,38,28,20,50,0
enrichplot,38,28,20,51,0
enrichplot,38,28,20,52,0
enrichplot,38,28,20,53,0
enrichplot,38,28,20,54,0
enrichplot,38,28,20,55,0
enrichplot,38,28,20,56,0
enrichplot,38,28,20,57,0
enrichplot,3,29,21,1,0
enrichplot,3,29,21,2,0
enrichplot,3,29,21,3,0
enrichplot,3,29,21,4,0
enrichplot,3,29,21,5,0
enrichplot,3,29,21,6,0
enrichplot,3,29,21,7,0
enrichplot,3,29,21,8,0
enrichplot,3,29,21,9,0
enrichplot,3,29,21,10,0
enrichplot,3,29,21,11,0
enrichplot,3,29,21,12,0
enrichplot,3,29,21,13,0
enrichplot,3,29,21,14,0
enrichplot,3,29,21,15,0
enrichplot,3,29,21,16,0
enrichplot,3,29,21,17,0
enrichplot,3,29,21,18,0
enrichplot,3,29,21,19,0.125
enrichplot,3,29,21,20,0
enrichplot,3,29,21,21,0.5
enrichplot,3,29,21,22,0
enrichplot,3,29,21,23,0
enrichplot,3,29,21,24,0
enrichplot,3,29,21,25,0
enrichplot,3,29,21,26,0
enrichplot,3,29,21,27,0
enrichplot,3,29,21,28,0
enrichplot,3,29,21,29,0
enrichplot,3,29,21,30,0
enrichplot,3,29,21,31,0
enrichplot,3,29,21,32,0
enrichplot,3,29,21,33,0
enrichplot,3,29,21,34,0
enrichplot,3,29,21,35,0
enrichplot,3,29,21,36,0
enrichplot,3,29,21,37,0
enrichplot,3,29,21,38,0
enrichplot,3,29,21,39,0
enrichplot,3,29,21,40,0
enrichplot,3,29,21,41,0
enrichplot,3,29,21,42,0
enrichplot,3,29,21,43,0
enrichplot,3,29,21,44,0
enrichplot,3,29,21,45,0
enrichplot,3,29,21,46,0
enrichplot,3,29,21,47,0
enrichplot,3,29,21,48,0
enrichplot,3,29,21,49,0
enrichplot,3,29,21,50,0
enrichplot,3,29,21,51,0
enrichplot,3,29,21,52,0
enrichplot,3,29,21,53,0
enrichplot,3,29,21,54,0
enrichplot,3,29,21,55,0
enrichplot,3,29,21,56,0
enrichplot,3,29,21,57,0
enrichplot,58,30,21,1,0
enrichplot,58,30,21,2,0
enrichplot,58,30,21,3,0
enrichplot,58,30,21,4,0
enrichplot,58,30,21,5,0
enrichplot,58,30,21,6,0
enrichplot,58,30,21,7,0
enrichplot,58,30,21,8,0
enrichplot,58,30,21,9,0
enrichplot,58,30,21,10,0
enrichplot,58,30,21,11,0
enrichplot,58,30,21,12,0
enrichplot,58,30,21,13,0
enrichplot,58,30,21,14,0
enrichplot,58,30,21,15,0
enrichplot,58,30,21,16,0
enrichplot,58,30,21,17,0
enrichplot,58,30,21,18,0
enrichplot,58,30,21,19,0
enrichplot,58,30,21,20,0
enrichplot,58,30,21,21,0.16666666666666666
enrichplot,58,30,21,22,0
enrichplot,58,30,21,23,0
enrichplot,58,30,21,24,0
enrichplot,58,30,21,25,0
enrichplot,58,30,21,26,0
enrichplot,58,30,21,27,0
enrichplot,58,30,21,28,0
enrichplot,58,30,21,29,0
enrichplot,58,30,21,30,0
enrichplot,58,30,21,31,0
enrichplot,58,30,21,32,0
enrichplot,58,30,21,33,0
enrichplot,58,30,21,34,0
enrichplot,58,30,21,35,0
enrichplot,58,30,21,36,0
enrichplot,58,30,21,37,0
enrichplot,58,30,21,38,0
enrichplot,58,30,21,39,0
enrichplot,58,30,21,40,0
enrichplot,58,30,21,41,0
enrichplot,58,30,21,42,0
enrichplot,58,30,21,43,0
enrichplot,58,30,21,44,0
enrichplot,58,30,21,45,0
enrichplot,58,30,21,46,0
enrichplot,58,30,21,47,0
enrichplot,58,30,21,48,0
enrichplot,58,30,21,49,0
enrichplot,58,30,21,50,0
enrichplot,58,30,21,51,0
enrichplot,58,30,21,52,0
enrichplot,58,30,21,53,0
enrichplot,58,30,21,54,0.058823529411764705
enrichplot,58,30,21,55,0
enrichplot,58,30,21,56,0
enrichplot,58,30,21,57,0
enrichplot,1,31,22,1,0
enrichplot,1,31,22,2,0
enrichplot,1,31,22,3,0
enrichplot,1,31,22,4,0
enrichplot,1,31,22,5,0
enrichplot,1,31,22,6,0
enrichplot,1,31,22,7,0
enrichplot,1,31,22,8,0
enrichplot,1,31,22,9,0
enrichplot,1,31,22,10,0
enrichplot,1,31,22,11,0.09090909090909091
enrichplot,1,31,22,12,0
enrichplot,1,31,22,13,0
enrichplot,1,31,22,14,0
enrichplot,1,31,22,15,0
enrichplot,1,31,22,16,0
enrichplot,1,31,22,17,0
enrichplot,1,31,22,18,0
enrichplot,1,31,22,19,0.1111111111111111
enrichplot,1,31,22,20,0
enrichplot,1,31,22,21,0
enrichplot,1,31,22,22,0.125
enrichplot,1,31,22,23,0
enrichplot,1,31,22,24,0
enrichplot,1,31,22,25,0
enrichplot,1,31,22,26,0
enrichplot,1,31,22,27,0
enrichplot,1,31,22,28,0
enrichplot,1,31,22,29,0
enrichplot,1,31,22,30,0.125
enrichplot,1,31,22,31,0
enrichplot,1,31,22,32,0
enrichplot,1,31,22,33,0
enrichplot,1,31,22,34,0
enrichplot,1,31,22,35,0
enrichplot,1,31,22,36,0
enrichplot,1,31,22,37,0
enrichplot,1,31,22,38,0
enrichplot,1,31,22,39,0
enrichplot,1,31,22,40,0
enrichplot,1,31,22,41,0
enrichplot,1,31,22,42,0
enrichplot,1,31,22,43,0
enrichplot,1,31,22,44,0
enrichplot,1,31,22,45,0
enrichplot,1,31,22,46,0
enrichplot,1,31,22,47,0
enrichplot,1,31,22,48,0
enrichplot,1,31,22,49,0
enrichplot,1,31,22,50,0
enrichplot,1,31,22,51,0
enrichplot,1,31,22,52,0
enrichplot,1,31,22,53,0
enrichplot,1,31,22,54,0
enrichplot,1,31,22,55,0
enrichplot,1,31,22,56,0.08333333333333333
enrichplot,1,31,22,57,0
enrichplot,30,32,23,1,0
enrichplot,30,32,23,2,0
enrichplot,30,32,23,3,0
enrichplot,30,32,23,4,0
enrichplot,30,32,23,5,0
enrichplot,30,32,23,6,0
enrichplot,30,32,23,7,0
enrichplot,30,32,23,8,0
enrichplot,30,32,23,9,0
enrichplot,30,32,23,10,0
enrichplot,30,32,23,11,0
enrichplot,30,32,23,12,0
enrichplot,30,32,23,13,0
enrichplot,30,32,23,14,0
enrichplot,30,32,23,15,0
enrichplot,30,32,23,16,0
enrichplot,30,32,23,17,0
enrichplot,30,32,23,18,0
enrichplot,30,32,23,19,0
enrichplot,30,32,23,20,0
enrichplot,30,32,23,21,0
enrichplot,30,32,23,22,0
enrichplot,30,32,23,23,0.14285714285714285
enrichplot,30,32,23,24,0
enrichplot,30,32,23,25,0
enrichplot,30,32,23,26,0
enrichplot,30,32,23,27,0
enrichplot,30,32,23,28,0
enrichplot,30,32,23,29,0
enrichplot,30,32,23,30,0
enrichplot,30,32,23,31,0
enrichplot,30,32,23,32,0
enrichplot,30,32,23,33,0.125
enrichplot,30,32,23,34,0
enrichplot,30,32,23,35,0
enrichplot,30,32,23,36,0
enrichplot,30,32,23,37,0
enrichplot,30,32,23,38,0
enrichplot,30,32,23,39,0
enrichplot,30,32,23,40,0
enrichplot,30,32,23,41,0
enrichplot,30,32,23,42,0
enrichplot,30,32,23,43,0
enrichplot,30,32,23,44,0.1
enrichplot,30,32,23,45,0.14285714285714285
enrichplot,30,32,23,46,0
enrichplot,30,32,23,47,0
enrichplot,30,32,23,48,0
enrichplot,30,32,23,49,0
enrichplot,30,32,23,50,0
enrichplot,30,32,23,51,0
enrichplot,30,32,23,52,0
enrichplot,30,32,23,53,0
enrichplot,30,32,23,54,0
enrichplot,30,32,23,55,0
enrichplot,30,32,23,56,0
enrichplot,30,32,23,57,0
enrichplot,34,33,25,1,0
enrichplot,34,33,25,2,0
enrichplot,34,33,25,3,0
enrichplot,34,33,25,4,0
enrichplot,34,33,25,5,0
enrichplot,34,33,25,6,0
enrichplot,34,33,25,7,0
enrichplot,34,33,25,8,0
enrichplot,34,33,25,9,0
enrichplot,34,33,25,10,0
enrichplot,34,33,25,11,0
enrichplot,34,33,25,12,0
enrichplot,34,33,25,13,0.08333333333333333
enrichplot,34,33,25,14,0
enrichplot,34,33,25,15,0
enrichplot,34,33,25,16,0.09090909090909091
enrichplot,34,33,25,17,0
enrichplot,34,33,25,18,0
enrichplot,34,33,25,19,0
enrichplot,34,33,25,20,0
enrichplot,34,33,25,21,0
enrichplot,34,33,25,22,0
enrichplot,34,33,25,23,0
enrichplot,34,33,25,24,0
enrichplot,34,33,25,25,0.15384615384615385
enrichplot,34,33,25,26,0
enrichplot,34,33,25,27,0
enrichplot,34,33,25,28,0
enrichplot,34,33,25,29,0
enrichplot,34,33,25,30,0
enrichplot,34,33,25,31,0.07692307692307693
enrichplot,34,33,25,32,0
enrichplot,34,33,25,33,0
enrichplot,34,33,25,34,0
enrichplot,34,33,25,35,0
enrichplot,34,33,25,36,0
enrichplot,34,33,25,37,0
enrichplot,34,33,25,38,0
enrichplot,34,33,25,39,0
enrichplot,34,33,25,40,0
enrichplot,34,33,25,41,0
enrichplot,34,33,25,42,0
enrichplot,34,33,25,43,0
enrichplot,34,33,25,44,0
enrichplot,34,33,25,45,0
enrichplot,34,33,25,46,0
enrichplot,34,33,25,47,0
enrichplot,34,33,25,48,0
enrichplot,34,33,25,49,0
enrichplot,34,33,25,50,0
enrichplot,34,33,25,51,0
enrichplot,34,33,25,52,0.14285714285714285
enrichplot,34,33,25,53,0
enrichplot,34,33,25,54,0.043478260869565216
enrichplot,34,33,25,55,0
enrichplot,34,33,25,56,0
enrichplot,34,33,25,57,0
enrichplot,45,34,28,1,0
enrichplot,45,34,28,2,0
enrichplot,45,34,28,3,0
enrichplot,45,34,28,4,0
enrichplot,45,34,28,5,0
enrichplot,45,34,28,6,0.08333333333333333
enrichplot,45,34,28,7,0
enrichplot,45,34,28,8,0
enrichplot,45,34,28,9,0
enrichplot,45,34,28,10,0
enrichplot,45,34,28,11,0
enrichplot,45,34,28,12,0
enrichplot,45,34,28,13,0
enrichplot,45,34,28,14,0
enrichplot,45,34,28,15,0
enrichplot,45,34,28,16,0
enrichplot,45,34,28,17,0
enrichplot,45,34,28,18,0
enrichplot,45,34,28,19,0
enrichplot,45,34,28,20,0
enrichplot,45,34,28,21,0
enrichplot,45,34,28,22,0
enrichplot,45,34,28,23,0
enrichplot,45,34,28,24,0
enrichplot,45,34,28,25,0
enrichplot,45,34,28,26,0
enrichplot,45,34,28,27,0
enrichplot,45,34,28,28,0.25
enrichplot,45,34,28,29,0
enrichplot,45,34,28,30,0
enrichplot,45,34,28,31,0
enrichplot,45,34,28,32,0
enrichplot,45,34,28,33,0
enrichplot,45,34,28,34,0.1111111111111111
enrichplot,45,34,28,35,0
enrichplot,45,34,28,36,0
enrichplot,45,34,28,37,0
enrichplot,45,34,28,38,0
enrichplot,45,34,28,39,0
enrichplot,45,34,28,40,0
enrichplot,45,34,28,41,0
enrichplot,45,34,28,42,0
enrichplot,45,34,28,43,0
enrichplot,45,34,28,44,0.09090909090909091
enrichplot,45,34,28,45,0
enrichplot,45,34,28,46,0
enrichplot,45,34,28,47,0
enrichplot,45,34,28,48,0
enrichplot,45,34,28,49,0
enrichplot,45,34,28,50,0
enrichplot,45,34,28,51,0
enrichplot,45,34,28,52,0
enrichplot,45,34,28,53,0
enrichplot,45,34,28,54,0
enrichplot,45,34,28,55,0
enrichplot,45,34,28,56,0
enrichplot,45,34,28,57,0
enrichplot,12,35,29,1,0.1
enrichplot,12,35,29,2,0
enrichplot,12,35,29,3,0
enrichplot,12,35,29,4,0
enrichplot,12,35,29,5,0
enrichplot,12,35,29,6,0
enrichplot,12,35,29,7,0
enrichplot,12,35,29,8,0
enrichplot,12,35,29,9,0
enrichplot,12,35,29,10,0
enrichplot,12,35,29,11,0
enrichplot,12,35,29,12,0
enrichplot,12,35,29,13,0
enrichplot,12,35,29,14,0
enrichplot,12,35,29,15,0
enrichplot,12,35,29,16,0
enrichplot,12,35,29,17,0
enrichplot,12,35,29,18,0
enrichplot,12,35,29,19,0
enrichplot,12,35,29,20,0
enrichplot,12,35,29,21,0
enrichplot,12,35,29,22,0
enrichplot,12,35,29,23,0
enrichplot,12,35,29,24,0
enrichplot,12,35,29,25,0
enrichplot,12,35,29,26,0
enrichplot,12,35,29,27,0
enrichplot,12,35,29,28,0
enrichplot,12,35,29,29,0.14285714285714285
enrichplot,12,35,29,30,0
enrichplot,12,35,29,31,0
enrichplot,12,35,29,32,0
enrichplot,12,35,29,33,0
enrichplot,12,35,29,34,0
enrichplot,12,35,29,35,0
enrichplot,12,35,29,36,0
enrichplot,12,35,29,37,0
enrichplot,12,35,29,38,0
enrichplot,12,35,29,39,0
enrichplot,12,35,29,40,0
enrichplot,12,35,29,41,0
enrichplot,12,35,29,42,0
enrichplot,12,35,29,43,0
enrichplot,12,35,29,44,0
enrichplot,12,35,29,45,0
enrichplot,12,35,29,46,0
enrichplot,12,35,29,47,0
enrichplot,12,35,29,48,0
enrichplot,12,35,29,49,0
enrichplot,12,35,29,50,0
enrichplot,12,35,29,51,0
enrichplot,12,35,29,52,0
enrichplot,12,35,29,53,0
enrichplot,12,35,29,54,0.05263157894736842
enrichplot,12,35,29,55,0
enrichplot,12,35,29,56,0.09090909090909091
enrichplot,12,35,29,57,0
enrichplot,21,36,29,1,0.09090909090909091
enrichplot,21,36,29,2,0
enrichplot,21,36,29,3,0
enrichplot,21,36,29,4,0
enrichplot,21,36,29,5,0
enrichplot,21,36,29,6,0.08333333333333333
enrichplot,21,36,29,7,0
enrichplot,21,36,29,8,0
enrichplot,21,36,29,9,0
enrichplot,21,36,29,10,0
enrichplot,21,36,29,11,0
enrichplot,21,36,29,12,0
enrichplot,21,36,29,13,0.1111111111111111
enrichplot,21,36,29,14,0
enrichplot,21,36,29,15,0
enrichplot,21,36,29,16,0
enrichplot,21,36,29,17,0
enrichplot,21,36,29,18,0
enrichplot,21,36,29,19,0
enrichplot,21,36,29,20,0
enrichplot,21,36,29,21,0
enrichplot,21,36,29,22,0
enrichplot,21,36,29,23,0
enrichplot,21,36,29,24,0
enrichplot,21,36,29,25,0.09090909090909091
enrichplot,21,36,29,26,0
enrichplot,21,36,29,27,0
enrichplot,21,36,29,28,0
enrichplot,21,36,29,29,0.125
enrichplot,21,36,29,30,0
enrichplot,21,36,29,31,0
enrichplot,21,36,29,32,0
enrichplot,21,36,29,33,0
enrichplot,21,36,29,34,0
enrichplot,21,36,29,35,0
enrichplot,21,36,29,36,0
enrichplot,21,36,29,37,0
enrichplot,21,36,29,38,0
enrichplot,21,36,29,39,0
enrichplot,21,36,29,40,0
enrichplot,21,36,29,41,0
enrichplot,21,36,29,42,0
enrichplot,21,36,29,43,0
enrichplot,21,36,29,44,0
enrichplot,21,36,29,45,0
enrichplot,21,36,29,46,0
enrichplot,21,36,29,47,0
enrichplot,21,36,29,48,0
enrichplot,21,36,29,49,0
enrichplot,21,36,29,50,0
enrichplot,21,36,29,51,0
enrichplot,21,36,29,52,0
enrichplot,21,36,29,53,0
enrichplot,21,36,29,54,0
enrichplot,21,36,29,55,0
enrichplot,21,36,29,56,0
enrichplot,21,36,29,57,0
enrichplot,53,37,29,1,0
enrichplot,53,37,29,2,0
enrichplot,53,37,29,3,0
enrichplot,53,37,29,4,0
enrichplot,53,37,29,5,0
enrichplot,53,37,29,6,0
enrichplot,53,37,29,7,0
enrichplot,53,37,29,8,0
enrichplot,53,37,29,9,0.07692307692307693
enrichplot,53,37,29,10,0
enrichplot,53,37,29,11,0
enrichplot,53,37,29,12,0
enrichplot,53,37,29,13,0
enrichplot,53,37,29,14,0
enrichplot,53,37,29,15,0
enrichplot,53,37,29,16,0
enrichplot,53,37,29,17,0
enrichplot,53,37,29,18,0
enrichplot,53,37,29,19,0
enrichplot,53,37,29,20,0
enrichplot,53,37,29,21,0
enrichplot,53,37,29,22,0
enrichplot,53,37,29,23,0
enrichplot,53,37,29,24,0.07142857142857142
enrichplot,53,37,29,25,0
enrichplot,53,37,29,26,0
enrichplot,53,37,29,27,0
enrichplot,53,37,29,28,0.09090909090909091
enrichplot,53,37,29,29,0.1
enrichplot,53,37,29,30,0.1
enrichplot,53,37,29,31,0
enrichplot,53,37,29,32,0
enrichplot,53,37,29,33,0
enrichplot,53,37,29,34,0
enrichplot,53,37,29,35,0
enrichplot,53,37,29,36,0
enrichplot,53,37,29,37,0
enrichplot,53,37,29,38,0
enrichplot,53,37,29,39,0
enrichplot,53,37,29,40,0
enrichplot,53,37,29,41,0
enrichplot,53,37,29,42,0
enrichplot,53,37,29,43,0
enrichplot,53,37,29,44,0
enrichplot,53,37,29,45,0
enrichplot,53,37,29,46,0
enrichplot,53,37,29,47,0
enrichplot,53,37,29,48,0
enrichplot,53,37,29,49,0
enrichplot,53,37,29,50,0
enrichplot,53,37,29,51,0
enrichplot,53,37,29,52,0
enrichplot,53,37,29,53,0
enrichplot,53,37,29,54,0
enrichplot,53,37,29,55,0.09090909090909091
enrichplot,53,37,29,56,0
enrichplot,53,37,29,57,0.08333333333333333
enrichplot,42,38,30,1,0
enrichplot,42,38,30,2,0
enrichplot,42,38,30,3,0
enrichplot,42,38,30,4,0
enrichplot,42,38,30,5,0
enrichplot,42,38,30,6,0
enrichplot,42,38,30,7,0
enrichplot,42,38,30,8,0
enrichplot,42,38,30,9,0
enrichplot,42,38,30,10,0
enrichplot,42,38,30,11,0
enrichplot,42,38,30,12,0
enrichplot,42,38,30,13,0
enrichplot,42,38,30,14,0
enrichplot,42,38,30,15,0
enrichplot,42,38,30,16,0
enrichplot,42,38,30,17,0.09090909090909091
enrichplot,42,38,30,18,0
enrichplot,42,38,30,19,0
enrichplot,42,38,30,20,0
enrichplot,42,38,30,21,0
enrichplot,42,38,30,22,0
enrichplot,42,38,30,23,0
enrichplot,42,38,30,24,0.08333333333333333
enrichplot,42,38,30,25,0
enrichplot,42,38,30,26,0
enrichplot,42,38,30,27,0
enrichplot,42,38,30,28,0
enrichplot,42,38,30,29,0
enrichplot,42,38,30,30,0.125
enrichplot,42,38,30,31,0
enrichplot,42,38,30,32,0
enrichplot,42,38,30,33,0
enrichplot,42,38,30,34,0
enrichplot,42,38,30,35,0
enrichplot,42,38,30,36,0
enrichplot,42,38,30,37,0
enrichplot,42,38,30,38,0
enrichplot,42,38,30,39,0.125
enrichplot,42,38,30,40,0
enrichplot,42,38,30,41,0
enrichplot,42,38,30,42,0
enrichplot,42,38,30,43,0.09090909090909091
enrichplot,42,38,30,44,0
enrichplot,42,38,30,45,0
enrichplot,42,38,30,46,0
enrichplot,42,38,30,47,0
enrichplot,42,38,30,48,0
enrichplot,42,38,30,49,0
enrichplot,42,38,30,50,0
enrichplot,42,38,30,51,0
enrichplot,42,38,30,52,0
enrichplot,42,38,30,53,0
enrichplot,42,38,30,54,0
enrichplot,42,38,30,55,0
enrichplot,42,38,30,56,0
enrichplot,42,38,30,57,0
enrichplot,52,39,30,1,0
enrichplot,52,39,30,2,0.06666666666666667
enrichplot,52,39,30,3,0
enrichplot,52,39,30,4,0
enrichplot,52,39,30,5,0
enrichplot,52,39,30,6,0
enrichplot,52,39,30,7,0
enrichplot,52,39,30,8,0
enrichplot,52,39,30,9,0
enrichplot,52,39,30,10,0
enrichplot,52,39,30,11,0
enrichplot,52,39,30,12,0
enrichplot,52,39,30,13,0
enrichplot,52,39,30,14,0
enrichplot,52,39,30,15,0
enrichplot,52,39,30,16,0
enrichplot,52,39,30,17,0
enrichplot,52,39,30,18,0
enrichplot,52,39,30,19,0
enrichplot,52,39,30,20,0
enrichplot,52,39,30,21,0
enrichplot,52,39,30,22,0
enrichplot,52,39,30,23,0
enrichplot,52,39,30,24,0
enrichplot,52,39,30,25,0
enrichplot,52,39,30,26,0
enrichplot,52,39,30,27,0
enrichplot,52,39,30,28,0
enrichplot,52,39,30,29,0
enrichplot,52,39,30,30,0.14285714285714285
enrichplot,52,39,30,31,0
enrichplot,52,39,30,32,0
enrichplot,52,39,30,33,0
enrichplot,52,39,30,34,0
enrichplot,52,39,30,35,0
enrichplot,52,39,30,36,0
enrichplot,52,39,30,37,0
enrichplot,52,39,30,38,0
enrichplot,52,39,30,39,0
enrichplot,52,39,30,40,0
enrichplot,52,39,30,41,0
enrichplot,52,39,30,42,0
enrichplot,52,39,30,43,0
enrichplot,52,39,30,44,0
enrichplot,52,39,30,45,0
enrichplot,52,39,30,46,0
enrichplot,52,39,30,47,0
enrichplot,52,39,30,48,0
enrichplot,52,39,30,49,0.14285714285714285
enrichplot,52,39,30,50,0
enrichplot,52,39,30,51,0
enrichplot,52,39,30,52,0
enrichplot,52,39,30,53,0
enrichplot,52,39,30,54,0
enrichplot,52,39,30,55,0
enrichplot,52,39,30,56,0.09090909090909091
enrichplot,52,39,30,57,0
enrichplot,8,40,32,1,0
enrichplot,8,40,32,2,0
enrichplot,8,40,32,3,0
enrichplot,8,40,32,4,0
enrichplot,8,40,32,5,0
enrichplot,8,40,32,6,0
enrichplot,8,40,32,7,0
enrichplot,8,40,32,8,0
enrichplot,8,40,32,9,0
enrichplot,8,40,32,10,0
enrichplot,8,40,32,11,0
enrichplot,8,40,32,12,0
enrichplot,8,40,32,13,0
enrichplot,8,40,32,14,0
enrichplot,8,40,32,15,0
enrichplot,8,40,32,16,0
enrichplot,8,40,32,17,0
enrichplot,8,40,32,18,0
enrichplot,8,40,32,19,0
enrichplot,8,40,32,20,0
enrichplot,8,40,32,21,0
enrichplot,8,40,32,22,0
enrichplot,8,40,32,23,0
enrichplot,8,40,32,24,0
enrichplot,8,40,32,25,0
enrichplot,8,40,32,26,0
enrichplot,8,40,32,27,0
enrichplot,8,40,32,28,0
enrichplot,8,40,32,29,0
enrichplot,8,40,32,30,0
enrichplot,8,40,32,31,0
enrichplot,8,40,32,32,0.3333333333333333
enrichplot,8,40,32,33,0
enrichplot,8,40,32,34,0.125
enrichplot,8,40,32,35,0
enrichplot,8,40,32,36,0
enrichplot,8,40,32,37,0
enrichplot,8,40,32,38,0
enrichplot,8,40,32,39,0
enrichplot,8,40,32,40,0
enrichplot,8,40,32,41,0
enrichplot,8,40,32,42,0
enrichplot,8,40,32,43,0
enrichplot,8,40,32,44,0
enrichplot,8,40,32,45,0
enrichplot,8,40,32,46,0
enrichplot,8,40,32,47,0
enrichplot,8,40,32,48,0
enrichplot,8,40,32,49,0
enrichplot,8,40,32,50,0
enrichplot,8,40,32,51,0
enrichplot,8,40,32,52,0
enrichplot,8,40,32,53,0
enrichplot,8,40,32,54,0.05263157894736842
enrichplot,8,40,32,55,0
enrichplot,8,40,32,56,0
enrichplot,8,40,32,57,0
enrichplot,55,41,33,1,0
enrichplot,55,41,33,2,0
enrichplot,55,41,33,3,0
enrichplot,55,41,33,4,0
enrichplot,55,41,33,5,0
enrichplot,55,41,33,6,0
enrichplot,55,41,33,7,0
enrichplot,55,41,33,8,0
enrichplot,55,41,33,9,0
enrichplot,55,41,33,10,0
enrichplot,55,41,33,11,0
enrichplot,55,41,33,12,0
enrichplot,55,41,33,13,0
enrichplot,55,41,33,14,0
enrichplot,55,41,33,15,0
enrichplot,55,41,33,16,0
enrichplot,55,41,33,17,0.1
enrichplot,55,41,33,18,0
enrichplot,55,41,33,19,0
enrichplot,55,41,33,20,0
enrichplot,55,41,33,21,0
enrichplot,55,41,33,22,0
enrichplot,55,41,33,23,0
enrichplot,55,41,33,24,0
enrichplot,55,41,33,25,0
enrichplot,55,41,33,26,0
enrichplot,55,41,33,27,0
enrichplot,55,41,33,28,0
enrichplot,55,41,33,29,0
enrichplot,55,41,33,30,0
enrichplot,55,41,33,31,0
enrichplot,55,41,33,32,0
enrichplot,55,41,33,33,0.125
enrichplot,55,41,33,34,0
enrichplot,55,41,33,35,0
enrichplot,55,41,33,36,0
enrichplot,55,41,33,37,0
enrichplot,55,41,33,38,0
enrichplot,55,41,33,39,0
enrichplot,55,41,33,40,0
enrichplot,55,41,33,41,0
enrichplot,55,41,33,42,0
enrichplot,55,41,33,43,0
enrichplot,55,41,33,44,0.1
enrichplot,55,41,33,45,0
enrichplot,55,41,33,46,0
enrichplot,55,41,33,47,0
enrichplot,55,41,33,48,0.125
enrichplot,55,41,33,49,0
enrichplot,55,41,33,50,0
enrichplot,55,41,33,51,0
enrichplot,55,41,33,52,0
enrichplot,55,41,33,53,0
enrichplot,55,41,33,54,0
enrichplot,55,41,33,55,0
enrichplot,55,41,33,56,0
enrichplot,55,41,33,57,0
enrichplot,39,42,36,1,0
enrichplot,39,42,36,2,0
enrichplot,39,42,36,3,0
enrichplot,39,42,36,4,0
enrichplot,39,42,36,5,0
enrichplot,39,42,36,6,0
enrichplot,39,42,36,7,0
enrichplot,39,42,36,8,0
enrichplot,39,42,36,9,0
enrichplot,39,42,36,10,0
enrichplot,39,42,36,11,0
enrichplot,39,42,36,12,0
enrichplot,39,42,36,13,0.07692307692307693
enrichplot,39,42,36,14,0
enrichplot,39,42,36,15,0
enrichplot,39,42,36,16,0
enrichplot,39,42,36,17,0
enrichplot,39,42,36,18,0.14285714285714285
enrichplot,39,42,36,19,0
enrichplot,39,42,36,20,0
enrichplot,39,42,36,21,0
enrichplot,39,42,36,22,0
enrichplot,39,42,36,23,0
enrichplot,39,42,36,24,0
enrichplot,39,42,36,25,0.06666666666666667
enrichplot,39,42,36,26,0
enrichplot,39,42,36,27,0
enrichplot,39,42,36,28,0
enrichplot,39,42,36,29,0
enrichplot,39,42,36,30,0
enrichplot,39,42,36,31,0
enrichplot,39,42,36,32,0
enrichplot,39,42,36,33,0
enrichplot,39,42,36,34,0
enrichplot,39,42,36,35,0
enrichplot,39,42,36,36,0.4444444444444444
enrichplot,39,42,36,37,0
enrichplot,39,42,36,38,0
enrichplot,39,42,36,39,0
enrichplot,39,42,36,40,0
enrichplot,39,42,36,41,0
enrichplot,39,42,36,42,0
enrichplot,39,42,36,43,0
enrichplot,39,42,36,44,0
enrichplot,39,42,36,45,0
enrichplot,39,42,36,46,0
enrichplot,39,42,36,47,0
enrichplot,39,42,36,48,0.07692307692307693
enrichplot,39,42,36,49,0
enrichplot,39,42,36,50,0
enrichplot,39,42,36,51,0
enrichplot,39,42,36,52,0
enrichplot,39,42,36,53,0
enrichplot,39,42,36,54,0
enrichplot,39,42,36,55,0
enrichplot,39,42,36,56,0
enrichplot,39,42,36,57,0
enrichplot,15,43,37,1,0
enrichplot,15,43,37,2,0
enrichplot,15,43,37,3,0
enrichplot,15,43,37,4,0
enrichplot,15,43,37,5,0
enrichplot,15,43,37,6,0
enrichplot,15,43,37,7,0
enrichplot,15,43,37,8,0
enrichplot,15,43,37,9,0
enrichplot,15,43,37,10,0
enrichplot,15,43,37,11,0
enrichplot,15,43,37,12,0
enrichplot,15,43,37,13,0
enrichplot,15,43,37,14,0
enrichplot,15,43,37,15,0
enrichplot,15,43,37,16,0
enrichplot,15,43,37,17,0.07692307692307693
enrichplot,15,43,37,18,0
enrichplot,15,43,37,19,0
enrichplot,15,43,37,20,0
enrichplot,15,43,37,21,0
enrichplot,15,43,37,22,0
enrichplot,15,43,37,23,0
enrichplot,15,43,37,24,0.07142857142857142
enrichplot,15,43,37,25,0
enrichplot,15,43,37,26,0
enrichplot,15,43,37,27,0
enrichplot,15,43,37,28,0
enrichplot,15,43,37,29,0
enrichplot,15,43,37,30,0
enrichplot,15,43,37,31,0
enrichplot,15,43,37,32,0
enrichplot,15,43,37,33,0
enrichplot,15,43,37,34,0
enrichplot,15,43,37,35,0
enrichplot,15,43,37,36,0
enrichplot,15,43,37,37,0.1
enrichplot,15,43,37,38,0.1
enrichplot,15,43,37,39,0
enrichplot,15,43,37,40,0
enrichplot,15,43,37,41,0
enrichplot,15,43,37,42,0
enrichplot,15,43,37,43,0
enrichplot,15,43,37,44,0
enrichplot,15,43,37,45,0
enrichplot,15,43,37,46,0
enrichplot,15,43,37,47,0
enrichplot,15,43,37,48,0
enrichplot,15,43,37,49,0
enrichplot,15,43,37,50,0
enrichplot,15,43,37,51,0.1
enrichplot,15,43,37,52,0.07142857142857142
enrichplot,15,43,37,53,0
enrichplot,15,43,37,54,0.045454545454545456
enrichplot,15,43,37,55,0
enrichplot,15,43,37,56,0
enrichplot,15,43,37,57,0
enrichplot,27,44,37,1,0
enrichplot,27,44,37,2,0
enrichplot,27,44,37,3,0
enrichplot,27,44,37,4,0
enrichplot,27,44,37,5,0
enrichplot,27,44,37,6,0.09090909090909091
enrichplot,27,44,37,7,0
enrichplot,27,44,37,8,0
enrichplot,27,44,37,9,0
enrichplot,27,44,37,10,0
enrichplot,27,44,37,11,0
enrichplot,27,44,37,12,0
enrichplot,27,44,37,13,0
enrichplot,27,44,37,14,0
enrichplot,27,44,37,15,0
enrichplot,27,44,37,16,0
enrichplot,27,44,37,17,0
enrichplot,27,44,37,18,0
enrichplot,27,44,37,19,0
enrichplot,27,44,37,20,0.125
enrichplot,27,44,37,21,0
enrichplot,27,44,37,22,0
enrichplot,27,44,37,23,0
enrichplot,27,44,37,24,0
enrichplot,27,44,37,25,0
enrichplot,27,44,37,26,0
enrichplot,27,44,37,27,0
enrichplot,27,44,37,28,0
enrichplot,27,44,37,29,0
enrichplot,27,44,37,30,0
enrichplot,27,44,37,31,0.1111111111111111
enrichplot,27,44,37,32,0
enrichplot,27,44,37,33,0
enrichplot,27,44,37,34,0
enrichplot,27,44,37,35,0
enrichplot,27,44,37,36,0
enrichplot,27,44,37,37,0.14285714285714285
enrichplot,27,44,37,38,0
enrichplot,27,44,37,39,0
enrichplot,27,44,37,40,0
enrichplot,27,44,37,41,0
enrichplot,27,44,37,42,0
enrichplot,27,44,37,43,0
enrichplot,27,44,37,44,0
enrichplot,27,44,37,45,0
enrichplot,27,44,37,46,0
enrichplot,27,44,37,47,0
enrichplot,27,44,37,48,0
enrichplot,27,44,37,49,0
enrichplot,27,44,37,50,0
enrichplot,27,44,37,51,0
enrichplot,27,44,37,52,0
enrichplot,27,44,37,53,0
enrichplot,27,44,37,54,0
enrichplot,27,44,37,55,0
enrichplot,27,44,37,56,0
enrichplot,27,44,37,57,0
enrichplot,28,45,37,1,0
enrichplot,28,45,37,2,0
enrichplot,28,45,37,3,0
enrichplot,28,45,37,4,0
enrichplot,28,45,37,5,0
enrichplot,28,45,37,6,0
enrichplot,28,45,37,7,0
enrichplot,28,45,37,8,0
enrichplot,28,45,37,9,0
enrichplot,28,45,37,10,0
enrichplot,28,45,37,11,0
enrichplot,28,45,37,12,0
enrichplot,28,45,37,13,0
enrichplot,28,45,37,14,0
enrichplot,28,45,37,15,0
enrichplot,28,45,37,16,0
enrichplot,28,45,37,17,0
enrichplot,28,45,37,18,0
enrichplot,28,45,37,19,0
enrichplot,28,45,37,20,0
enrichplot,28,45,37,21,0
enrichplot,28,45,37,22,0
enrichplot,28,45,37,23,0
enrichplot,28,45,37,24,0
enrichplot,28,45,37,25,0.07692307692307693
enrichplot,28,45,37,26,0
enrichplot,28,45,37,27,0
enrichplot,28,45,37,28,0
enrichplot,28,45,37,29,0
enrichplot,28,45,37,30,0
enrichplot,28,45,37,31,0
enrichplot,28,45,37,32,0
enrichplot,28,45,37,33,0
enrichplot,28,45,37,34,0
enrichplot,28,45,37,35,0.09090909090909091
enrichplot,28,45,37,36,0
enrichplot,28,45,37,37,0.1
enrichplot,28,45,37,38,0
enrichplot,28,45,37,39,0.1
enrichplot,28,45,37,40,0.09090909090909091
enrichplot,28,45,37,41,0
enrichplot,28,45,37,42,0
enrichplot,28,45,37,43,0.07692307692307693
enrichplot,28,45,37,44,0.07692307692307693
enrichplot,28,45,37,45,0
enrichplot,28,45,37,46,0
enrichplot,28,45,37,47,0
enrichplot,28,45,37,48,0
enrichplot,28,45,37,49,0
enrichplot,28,45,37,50,0
enrichplot,28,45,37,51,0
enrichplot,28,45,37,52,0
enrichplot,28,45,37,53,0
enrichplot,28,45,37,54,0
enrichplot,28,45,37,55,0
enrichplot,28,45,37,56,0
enrichplot,28,45,37,57,0
enrichplot,14,46,38,1,0
enrichplot,14,46,38,2,0
enrichplot,14,46,38,3,0
enrichplot,14,46,38,4,0
enrichplot,14,46,38,5,0
enrichplot,14,46,38,6,0
enrichplot,14,46,38,7,0
enrichplot,14,46,38,8,0
enrichplot,14,46,38,9,0
enrichplot,14,46,38,10,0
enrichplot,14,46,38,11,0
enrichplot,14,46,38,12,0
enrichplot,14,46,38,13,0
enrichplot,14,46,38,14,0
enrichplot,14,46,38,15,0
enrichplot,14,46,38,16,0
enrichplot,14,46,38,17,0
enrichplot,14,46,38,18,0
enrichplot,14,46,38,19,0
enrichplot,14,46,38,20,0
enrichplot,14,46,38,21,0
enrichplot,14,46,38,22,0
enrichplot,14,46,38,23,0
enrichplot,14,46,38,24,0.08333333333333333
enrichplot,14,46,38,25,0
enrichplot,14,46,38,26,0
enrichplot,14,46,38,27,0
enrichplot,14,46,38,28,0
enrichplot,14,46,38,29,0
enrichplot,14,46,38,30,0
enrichplot,14,46,38,31,0.1
enrichplot,14,46,38,32,0
enrichplot,14,46,38,33,0
enrichplot,14,46,38,34,0
enrichplot,14,46,38,35,0
enrichplot,14,46,38,36,0
enrichplot,14,46,38,37,0
enrichplot,14,46,38,38,0.125
enrichplot,14,46,38,39,0
enrichplot,14,46,38,40,0
enrichplot,14,46,38,41,0
enrichplot,14,46,38,42,0
enrichplot,14,46,38,43,0.09090909090909091
enrichplot,14,46,38,44,0
enrichplot,14,46,38,45,0
enrichplot,14,46,38,46,0
enrichplot,14,46,38,47,0
enrichplot,14,46,38,48,0
enrichplot,14,46,38,49,0
enrichplot,14,46,38,50,0
enrichplot,14,46,38,51,0
enrichplot,14,46,38,52,0
enrichplot,14,46,38,53,0
enrichplot,14,46,38,54,0
enrichplot,14,46,38,55,0
enrichplot,14,46,38,56,0
enrichplot,14,46,38,57,0.1
enrichplot,47,47,39,1,0
enrichplot,47,47,39,2,0
enrichplot,47,47,39,3,0
enrichplot,47,47,39,4,0
enrichplot,47,47,39,5,0
enrichplot,47,47,39,6,0.09090909090909091
enrichplot,47,47,39,7,0
enrichplot,47,47,39,8,0
enrichplot,47,47,39,9,0
enrichplot,47,47,39,10,0
enrichplot,47,47,39,11,0
enrichplot,47,47,39,12,0
enrichplot,47,47,39,13,0
enrichplot,47,47,39,14,0
enrichplot,47,47,39,15,0
enrichplot,47,47,39,16,0
enrichplot,47,47,39,17,0
enrichplot,47,47,39,18,0
enrichplot,47,47,39,19,0
enrichplot,47,47,39,20,0
enrichplot,47,47,39,21,0
enrichplot,47,47,39,22,0
enrichplot,47,47,39,23,0
enrichplot,47,47,39,24,0
enrichplot,47,47,39,25,0
enrichplot,47,47,39,26,0
enrichplot,47,47,39,27,0
enrichplot,47,47,39,28,0
enrichplot,47,47,39,29,0
enrichplot,47,47,39,30,0
enrichplot,47,47,39,31,0
enrichplot,47,47,39,32,0
enrichplot,47,47,39,33,0
enrichplot,47,47,39,34,0
enrichplot,47,47,39,35,0
enrichplot,47,47,39,36,0
enrichplot,47,47,39,37,0
enrichplot,47,47,39,38,0
enrichplot,47,47,39,39,0.14285714285714285
enrichplot,47,47,39,40,0.125
enrichplot,47,47,39,41,0
enrichplot,47,47,39,42,0
enrichplot,47,47,39,43,0
enrichplot,47,47,39,44,0
enrichplot,47,47,39,45,0
enrichplot,47,47,39,46,0
enrichplot,47,47,39,47,0
enrichplot,47,47,39,48,0
enrichplot,47,47,39,49,0
enrichplot,47,47,39,50,0
enrichplot,47,47,39,51,0
enrichplot,47,47,39,52,0
enrichplot,47,47,39,53,0
enrichplot,47,47,39,54,0.05263157894736842
enrichplot,47,47,39,55,0
enrichplot,47,47,39,56,0
enrichplot,47,47,39,57,0
enrichplot,23,48,41,1,0
enrichplot,23,48,41,2,0
enrichplot,23,48,41,3,0
enrichplot,23,48,41,4,0
enrichplot,23,48,41,5,0.2857142857142857
enrichplot,23,48,41,6,0
enrichplot,23,48,41,7,0
enrichplot,23,48,41,8,0
enrichplot,23,48,41,9,0
enrichplot,23,48,41,10,0
enrichplot,23,48,41,11,0
enrichplot,23,48,41,12,0
enrichplot,23,48,41,13,0
enrichplot,23,48,41,14,0
enrichplot,23,48,41,15,0
enrichplot,23,48,41,16,0
enrichplot,23,48,41,17,0
enrichplot,23,48,41,18,0
enrichplot,23,48,41,19,0
enrichplot,23,48,41,20,0
enrichplot,23,48,41,21,0
enrichplot,23,48,41,22,0
enrichplot,23,48,41,23,0
enrichplot,23,48,41,24,0
enrichplot,23,48,41,25,0
enrichplot,23,48,41,26,0
enrichplot,23,48,41,27,0
enrichplot,23,48,41,28,0
enrichplot,23,48,41,29,0
enrichplot,23,48,41,30,0
enrichplot,23,48,41,31,0
enrichplot,23,48,41,32,0
enrichplot,23,48,41,33,0
enrichplot,23,48,41,34,0
enrichplot,23,48,41,35,0
enrichplot,23,48,41,36,0
enrichplot,23,48,41,37,0
enrichplot,23,48,41,38,0
enrichplot,23,48,41,39,0
enrichplot,23,48,41,40,0
enrichplot,23,48,41,41,0.5
enrichplot,23,48,41,42,0
enrichplot,23,48,41,43,0
enrichplot,23,48,41,44,0
enrichplot,23,48,41,45,0
enrichplot,23,48,41,46,0
enrichplot,23,48,41,47,0
enrichplot,23,48,41,48,0
enrichplot,23,48,41,49,0
enrichplot,23,48,41,50,0
enrichplot,23,48,41,51,0
enrichplot,23,48,41,52,0
enrichplot,23,48,41,53,0
enrichplot,23,48,41,54,0
enrichplot,23,48,41,55,0
enrichplot,23,48,41,56,0
enrichplot,23,48,41,57,0
enrichplot,5,49,42,1,0
enrichplot,5,49,42,2,0
enrichplot,5,49,42,3,0
enrichplot,5,49,42,4,0
enrichplot,5,49,42,5,0
enrichplot,5,49,42,6,0
enrichplot,5,49,42,7,0
enrichplot,5,49,42,8,0
enrichplot,5,49,42,9,0.07692307692307693
enrichplot,5,49,42,10,0
enrichplot,5,49,42,11,0
enrichplot,5,49,42,12,0
enrichplot,5,49,42,13,0
enrichplot,5,49,42,14,0
enrichplot,5,49,42,15,0
enrichplot,5,49,42,16,0
enrichplot,5,49,42,17,0
enrichplot,5,49,42,18,0.07692307692307693
enrichplot,5,49,42,19,0
enrichplot,5,49,42,20,0
enrichplot,5,49,42,21,0
enrichplot,5,49,42,22,0
enrichplot,5,49,42,23,0
enrichplot,5,49,42,24,0.07142857142857142
enrichplot,5,49,42,25,0
enrichplot,5,49,42,26,0
enrichplot,5,49,42,27,0
enrichplot,5,49,42,28,0
enrichplot,5,49,42,29,0
enrichplot,5,49,42,30,0
enrichplot,5,49,42,31,0
enrichplot,5,49,42,32,0
enrichplot,5,49,42,33,0
enrichplot,5,49,42,34,0
enrichplot,5,49,42,35,0.09090909090909091
enrichplot,5,49,42,36,0
enrichplot,5,49,42,37,0
enrichplot,5,49,42,38,0
enrichplot,5,49,42,39,0
enrichplot,5,49,42,40,0
enrichplot,5,49,42,41,0
enrichplot,5,49,42,42,0.1
enrichplot,5,49,42,43,0
enrichplot,5,49,42,44,0
enrichplot,5,49,42,45,0
enrichplot,5,49,42,46,0
enrichplot,5,49,42,47,0
enrichplot,5,49,42,48,0
enrichplot,5,49,42,49,0
enrichplot,5,49,42,50,0.09090909090909091
enrichplot,5,49,42,51,0
enrichplot,5,49,42,52,0.07142857142857142
enrichplot,5,49,42,53,0
enrichplot,5,49,42,54,0
enrichplot,5,49,42,55,0
enrichplot,5,49,42,56,0
enrichplot,5,49,42,57,0
enrichplot,9,50,43,1,0
enrichplot,9,50,43,2,0
enrichplot,9,50,43,3,0
enrichplot,9,50,43,4,0
enrichplot,9,50,43,5,0
enrichplot,9,50,43,6,0
enrichplot,9,50,43,7,0
enrichplot,9,50,43,8,0
enrichplot,9,50,43,9,0
enrichplot,9,50,43,10,0
enrichplot,9,50,43,11,0
enrichplot,9,50,43,12,0
enrichplot,9,50,43,13,0
enrichplot,9,50,43,14,0
enrichplot,9,50,43,15,0
enrichplot,9,50,43,16,0
enrichplot,9,50,43,17,0
enrichplot,9,50,43,18,0
enrichplot,9,50,43,19,0
enrichplot,9,50,43,20,0
enrichplot,9,50,43,21,0
enrichplot,9,50,43,22,0
enrichplot,9,50,43,23,0
enrichplot,9,50,43,24,0
enrichplot,9,50,43,25,0
enrichplot,9,50,43,26,0
enrichplot,9,50,43,27,0
enrichplot,9,50,43,28,0
enrichplot,9,50,43,29,0
enrichplot,9,50,43,30,0
enrichplot,9,50,43,31,0
enrichplot,9,50,43,32,0.16666666666666666
enrichplot,9,50,43,33,0
enrichplot,9,50,43,34,0
enrichplot,9,50,43,35,0
enrichplot,9,50,43,36,0
enrichplot,9,50,43,37,0
enrichplot,9,50,43,38,0
enrichplot,9,50,43,39,0
enrichplot,9,50,43,40,0
enrichplot,9,50,43,41,0
enrichplot,9,50,43,42,0
enrichplot,9,50,43,43,0.25
enrichplot,9,50,43,44,0
enrichplot,9,50,43,45,0
enrichplot,9,50,43,46,0
enrichplot,9,50,43,47,0
enrichplot,9,50,43,48,0
enrichplot,9,50,43,49,0
enrichplot,9,50,43,50,0
enrichplot,9,50,43,51,0
enrichplot,9,50,43,52,0
enrichplot,9,50,43,53,0
enrichplot,9,50,43,54,0
enrichplot,9,50,43,55,0
enrichplot,9,50,43,56,0
enrichplot,9,50,43,57,0
enrichplot,29,51,44,1,0
enrichplot,29,51,44,2,0
enrichplot,29,51,44,3,0
enrichplot,29,51,44,4,0
enrichplot,29,51,44,5,0
enrichplot,29,51,44,6,0
enrichplot,29,51,44,7,0
enrichplot,29,51,44,8,0
enrichplot,29,51,44,9,0
enrichplot,29,51,44,10,0
enrichplot,29,51,44,11,0
enrichplot,29,51,44,12,0
enrichplot,29,51,44,13,0
enrichplot,29,51,44,14,0
enrichplot,29,51,44,15,0
enrichplot,29,51,44,16,0
enrichplot,29,51,44,17,0
enrichplot,29,51,44,18,0
enrichplot,29,51,44,19,0
enrichplot,29,51,44,20,0
enrichplot,29,51,44,21,0
enrichplot,29,51,44,22,0
enrichplot,29,51,44,23,0
enrichplot,29,51,44,24,0
enrichplot,29,51,44,25,0
enrichplot,29,51,44,26,0
enrichplot,29,51,44,27,0
enrichplot,29,51,44,28,0
enrichplot,29,51,44,29,0
enrichplot,29,51,44,30,0
enrichplot,29,51,44,31,0
enrichplot,29,51,44,32,0
enrichplot,29,51,44,33,0.1111111111111111
enrichplot,29,51,44,34,0.1111111111111111
enrichplot,29,51,44,35,0
enrichplot,29,51,44,36,0
enrichplot,29,51,44,37,0.125
enrichplot,29,51,44,38,0
enrichplot,29,51,44,39,0
enrichplot,29,51,44,40,0
enrichplot,29,51,44,41,0
enrichplot,29,51,44,42,0
enrichplot,29,51,44,43,0
enrichplot,29,51,44,44,0.2
enrichplot,29,51,44,45,0
enrichplot,29,51,44,46,0
enrichplot,29,51,44,47,0
enrichplot,29,51,44,48,0
enrichplot,29,51,44,49,0
enrichplot,29,51,44,50,0
enrichplot,29,51,44,51,0
enrichplot,29,51,44,52,0
enrichplot,29,51,44,53,0
enrichplot,29,51,44,54,0
enrichplot,29,51,44,55,0
enrichplot,29,51,44,56,0
enrichplot,29,51,44,57,0
enrichplot,11,52,45,1,0
enrichplot,11,52,45,2,0
enrichplot,11,52,45,3,0
enrichplot,11,52,45,4,0
enrichplot,11,52,45,5,0
enrichplot,11,52,45,6,0
enrichplot,11,52,45,7,0
enrichplot,11,52,45,8,0
enrichplot,11,52,45,9,0
enrichplot,11,52,45,10,0
enrichplot,11,52,45,11,0
enrichplot,11,52,45,12,0
enrichplot,11,52,45,13,0
enrichplot,11,52,45,14,0
enrichplot,11,52,45,15,0
enrichplot,11,52,45,16,0
enrichplot,11,52,45,17,0
enrichplot,11,52,45,18,0.06666666666666667
enrichplot,11,52,45,19,0
enrichplot,11,52,45,20,0.07692307692307693
enrichplot,11,52,45,21,0
enrichplot,11,52,45,22,0
enrichplot,11,52,45,23,0
enrichplot,11,52,45,24,0
enrichplot,11,52,45,25,0
enrichplot,11,52,45,26,0
enrichplot,11,52,45,27,0
enrichplot,11,52,45,28,0
enrichplot,11,52,45,29,0
enrichplot,11,52,45,30,0
enrichplot,11,52,45,31,0
enrichplot,11,52,45,32,0
enrichplot,11,52,45,33,0
enrichplot,11,52,45,34,0
enrichplot,11,52,45,35,0
enrichplot,11,52,45,36,0
enrichplot,11,52,45,37,0
enrichplot,11,52,45,38,0
enrichplot,11,52,45,39,0
enrichplot,11,52,45,40,0
enrichplot,11,52,45,41,0
enrichplot,11,52,45,42,0
enrichplot,11,52,45,43,0
enrichplot,11,52,45,44,0
enrichplot,11,52,45,45,0.3
enrichplot,11,52,45,46,0.07692307692307693
enrichplot,11,52,45,47,0
enrichplot,11,52,45,48,0
enrichplot,11,52,45,49,0
enrichplot,11,52,45,50,0.07692307692307693
enrichplot,11,52,45,51,0
enrichplot,11,52,45,52,0.13333333333333333
enrichplot,11,52,45,53,0
enrichplot,11,52,45,54,0
enrichplot,11,52,45,55,0
enrichplot,11,52,45,56,0
enrichplot,11,52,45,57,0
enrichplot,18,53,47,1,0
enrichplot,18,53,47,2,0
enrichplot,18,53,47,3,0
enrichplot,18,53,47,4,0
enrichplot,18,53,47,5,0
enrichplot,18,53,47,6,0
enrichplot,18,53,47,7,0.08333333333333333
enrichplot,18,53,47,8,0
enrichplot,18,53,47,9,0
enrichplot,18,53,47,10,0.0625
enrichplot,18,53,47,11,0
enrichplot,18,53,47,12,0
enrichplot,18,53,47,13,0.07692307692307693
enrichplot,18,53,47,14,0
enrichplot,18,53,47,15,0
enrichplot,18,53,47,16,0
enrichplot,18,53,47,17,0.06666666666666667
enrichplot,18,53,47,18,0
enrichplot,18,53,47,19,0
enrichplot,18,53,47,20,0
enrichplot,18,53,47,21,0
enrichplot,18,53,47,22,0
enrichplot,18,53,47,23,0
enrichplot,18,53,47,24,0
enrichplot,18,53,47,25,0
enrichplot,18,53,47,26,0
enrichplot,18,53,47,27,0
enrichplot,18,53,47,28,0
enrichplot,18,53,47,29,0
enrichplot,18,53,47,30,0
enrichplot,18,53,47,31,0
enrichplot,18,53,47,32,0
enrichplot,18,53,47,33,0
enrichplot,18,53,47,34,0.07692307692307693
enrichplot,18,53,47,35,0
enrichplot,18,53,47,36,0
enrichplot,18,53,47,37,0
enrichplot,18,53,47,38,0
enrichplot,18,53,47,39,0
enrichplot,18,53,47,40,0.07692307692307693
enrichplot,18,53,47,41,0
enrichplot,18,53,47,42,0
enrichplot,18,53,47,43,0
enrichplot,18,53,47,44,0
enrichplot,18,53,47,45,0
enrichplot,18,53,47,46,0
enrichplot,18,53,47,47,0.16666666666666666
enrichplot,18,53,47,48,0
enrichplot,18,53,47,49,0
enrichplot,18,53,47,50,0
enrichplot,18,53,47,51,0
enrichplot,18,53,47,52,0
enrichplot,18,53,47,53,0
enrichplot,18,53,47,54,0.041666666666666664
enrichplot,18,53,47,55,0
enrichplot,18,53,47,56,0
enrichplot,18,53,47,57,0
enrichplot,31,54,49,1,0
enrichplot,31,54,49,2,0
enrichplot,31,54,49,3,0
enrichplot,31,54,49,4,0
enrichplot,31,54,49,5,0
enrichplot,31,54,49,6,0
enrichplot,31,54,49,7,0.125
enrichplot,31,54,49,8,0
enrichplot,31,54,49,9,0
enrichplot,31,54,49,10,0
enrichplot,31,54,49,11,0
enrichplot,31,54,49,12,0
enrichplot,31,54,49,13,0
enrichplot,31,54,49,14,0
enrichplot,31,54,49,15,0
enrichplot,31,54,49,16,0
enrichplot,31,54,49,17,0
enrichplot,31,54,49,18,0
enrichplot,31,54,49,19,0
enrichplot,31,54,49,20,0
enrichplot,31,54,49,21,0
enrichplot,31,54,49,22,0
enrichplot,31,54,49,23,0.125
enrichplot,31,54,49,24,0
enrichplot,31,54,49,25,0
enrichplot,31,54,49,26,0
enrichplot,31,54,49,27,0
enrichplot,31,54,49,28,0
enrichplot,31,54,49,29,0
enrichplot,31,54,49,30,0
enrichplot,31,54,49,31,0
enrichplot,31,54,49,32,0
enrichplot,31,54,49,33,0
enrichplot,31,54,49,34,0
enrichplot,31,54,49,35,0
enrichplot,31,54,49,36,0
enrichplot,31,54,49,37,0
enrichplot,31,54,49,38,0
enrichplot,31,54,49,39,0
enrichplot,31,54,49,40,0
enrichplot,31,54,49,41,0
enrichplot,31,54,49,42,0
enrichplot,31,54,49,43,0
enrichplot,31,54,49,44,0
enrichplot,31,54,49,45,0
enrichplot,31,54,49,46,0
enrichplot,31,54,49,47,0
enrichplot,31,54,49,48,0
enrichplot,31,54,49,49,0.5
enrichplot,31,54,49,50,0
enrichplot,31,54,49,51,0
enrichplot,31,54,49,52,0
enrichplot,31,54,49,53,0
enrichplot,31,54,49,54,0
enrichplot,31,54,49,55,0
enrichplot,31,54,49,56,0
enrichplot,31,54,49,57,0
enrichplot,16,55,50,1,0
enrichplot,16,55,50,2,0
enrichplot,16,55,50,3,0
enrichplot,16,55,50,4,0
enrichplot,16,55,50,5,0
enrichplot,16,55,50,6,0
enrichplot,16,55,50,7,0
enrichplot,16,55,50,8,0
enrichplot,16,55,50,9,0
enrichplot,16,55,50,10,0
enrichplot,16,55,50,11,0
enrichplot,16,55,50,12,0
enrichplot,16,55,50,13,0
enrichplot,16,55,50,14,0
enrichplot,16,55,50,15,0
enrichplot,16,55,50,16,0
enrichplot,16,55,50,17,0.09090909090909091
enrichplot,16,55,50,18,0
enrichplot,16,55,50,19,0
enrichplot,16,55,50,20,0
enrichplot,16,55,50,21,0
enrichplot,16,55,50,22,0
enrichplot,16,55,50,23,0
enrichplot,16,55,50,24,0.08333333333333333
enrichplot,16,55,50,25,0
enrichplot,16,55,50,26,0
enrichplot,16,55,50,27,0
enrichplot,16,55,50,28,0
enrichplot,16,55,50,29,0
enrichplot,16,55,50,30,0
enrichplot,16,55,50,31,0.1
enrichplot,16,55,50,32,0
enrichplot,16,55,50,33,0
enrichplot,16,55,50,34,0
enrichplot,16,55,50,35,0
enrichplot,16,55,50,36,0
enrichplot,16,55,50,37,0
enrichplot,16,55,50,38,0
enrichplot,16,55,50,39,0
enrichplot,16,55,50,40,0
enrichplot,16,55,50,41,0
enrichplot,16,55,50,42,0
enrichplot,16,55,50,43,0
enrichplot,16,55,50,44,0
enrichplot,16,55,50,45,0
enrichplot,16,55,50,46,0
enrichplot,16,55,50,47,0
enrichplot,16,55,50,48,0
enrichplot,16,55,50,49,0
enrichplot,16,55,50,50,0.1111111111111111
enrichplot,16,55,50,51,0
enrichplot,16,55,50,52,0
enrichplot,16,55,50,53,0
enrichplot,16,55,50,54,0
enrichplot,16,55,50,55,0.1111111111111111
enrichplot,16,55,50,56,0
enrichplot,16,55,50,57,0
enrichplot,10,56,51,1,0.1
enrichplot,10,56,51,2,0
enrichplot,10,56,51,3,0
enrichplot,10,56,51,4,0
enrichplot,10,56,51,5,0
enrichplot,10,56,51,6,0
enrichplot,10,56,51,7,0
enrichplot,10,56,51,8,0
enrichplot,10,56,51,9,0
enrichplot,10,56,51,10,0
enrichplot,10,56,51,11,0
enrichplot,10,56,51,12,0
enrichplot,10,56,51,13,0
enrichplot,10,56,51,14,0
enrichplot,10,56,51,15,0
enrichplot,10,56,51,16,0
enrichplot,10,56,51,17,0
enrichplot,10,56,51,18,0
enrichplot,10,56,51,19,0
enrichplot,10,56,51,20,0
enrichplot,10,56,51,21,0
enrichplot,10,56,51,22,0
enrichplot,10,56,51,23,0
enrichplot,10,56,51,24,0
enrichplot,10,56,51,25,0
enrichplot,10,56,51,26,0
enrichplot,10,56,51,27,0
enrichplot,10,56,51,28,0
enrichplot,10,56,51,29,0
enrichplot,10,56,51,30,0
enrichplot,10,56,51,31,0
enrichplot,10,56,51,32,0
enrichplot,10,56,51,33,0
enrichplot,10,56,51,34,0
enrichplot,10,56,51,35,0
enrichplot,10,56,51,36,0
enrichplot,10,56,51,37,0
enrichplot,10,56,51,38,0
enrichplot,10,56,51,39,0
enrichplot,10,56,51,40,0
enrichplot,10,56,51,41,0
enrichplot,10,56,51,42,0
enrichplot,10,56,51,43,0.1
enrichplot,10,56,51,44,0
enrichplot,10,56,51,45,0
enrichplot,10,56,51,46,0
enrichplot,10,56,51,47,0
enrichplot,10,56,51,48,0
enrichplot,10,56,51,49,0
enrichplot,10,56,51,50,0
enrichplot,10,56,51,51,0.14285714285714285
enrichplot,10,56,51,52,0
enrichplot,10,56,51,53,0
enrichplot,10,56,51,54,0.05263157894736842
enrichplot,10,56,51,55,0
enrichplot,10,56,51,56,0
enrichplot,10,56,51,57,0
enrichplot,36,57,51,1,0
enrichplot,36,57,51,2,0
enrichplot,36,57,51,3,0
enrichplot,36,57,51,4,0
enrichplot,36,57,51,5,0
enrichplot,36,57,51,6,0
enrichplot,36,57,51,7,0
enrichplot,36,57,51,8,0
enrichplot,36,57,51,9,0.09090909090909091
enrichplot,36,57,51,10,0
enrichplot,36,57,51,11,0
enrichplot,36,57,51,12,0
enrichplot,36,57,51,13,0
enrichplot,36,57,51,14,0
enrichplot,36,57,51,15,0
enrichplot,36,57,51,16,0
enrichplot,36,57,51,17,0
enrichplot,36,57,51,18,0
enrichplot,36,57,51,19,0
enrichplot,36,57,51,20,0
enrichplot,36,57,51,21,0
enrichplot,36,57,51,22,0
enrichplot,36,57,51,23,0
enrichplot,36,57,51,24,0
enrichplot,36,57,51,25,0
enrichplot,36,57,51,26,0
enrichplot,36,57,51,27,0
enrichplot,36,57,51,28,0
enrichplot,36,57,51,29,0
enrichplot,36,57,51,30,0
enrichplot,36,57,51,31,0
enrichplot,36,57,51,32,0
enrichplot,36,57,51,33,0
enrichplot,36,57,51,34,0
enrichplot,36,57,51,35,0
enrichplot,36,57,51,36,0
enrichplot,36,57,51,37,0
enrichplot,36,57,51,38,0
enrichplot,36,57,51,39,0
enrichplot,36,57,51,40,0
enrichplot,36,57,51,41,0
enrichplot,36,57,51,42,0
enrichplot,36,57,51,43,0
enrichplot,36,57,51,44,0
enrichplot,36,57,51,45,0
enrichplot,36,57,51,46,0
enrichplot,36,57,51,47,0
enrichplot,36,57,51,48,0.1111111111111111
enrichplot,36,57,51,49,0
enrichplot,36,57,51,50,0
enrichplot,36,57,51,51,0.2857142857142857
enrichplot,36,57,51,52,0.08333333333333333
enrichplot,36,57,51,53,0
enrichplot,36,57,51,54,0
enrichplot,36,57,51,55,0
enrichplot,36,57,51,56,0
enrichplot,36,57,51,57,0
enrichplot,32,58,54,1,0
enrichplot,32,58,54,2,0
enrichplot,32,58,54,3,0
enrichplot,32,58,54,4,0
enrichplot,32,58,54,5,0
enrichplot,32,58,54,6,0
enrichplot,32,58,54,7,0
enrichplot,32,58,54,8,0.125
enrichplot,32,58,54,9,0
enrichplot,32,58,54,10,0
enrichplot,32,58,54,11,0
enrichplot,32,58,54,12,0
enrichplot,32,58,54,13,0
enrichplot,32,58,54,14,0
enrichplot,32,58,54,15,0
enrichplot,32,58,54,16,0
enrichplot,32,58,54,17,0
enrichplot,32,58,54,18,0
enrichplot,32,58,54,19,0
enrichplot,32,58,54,20,0
enrichplot,32,58,54,21,0
enrichplot,32,58,54,22,0
enrichplot,32,58,54,23,0
enrichplot,32,58,54,24,0
enrichplot,32,58,54,25,0.09090909090909091
enrichplot,32,58,54,26,0
enrichplot,32,58,54,27,0
enrichplot,32,58,54,28,0
enrichplot,32,58,54,29,0
enrichplot,32,58,54,30,0
enrichplot,32,58,54,31,0
enrichplot,32,58,54,32,0
enrichplot,32,58,54,33,0
enrichplot,32,58,54,34,0
enrichplot,32,58,54,35,0
enrichplot,32,58,54,36,0
enrichplot,32,58,54,37,0
enrichplot,32,58,54,38,0
enrichplot,32,58,54,39,0
enrichplot,32,58,54,40,0
enrichplot,32,58,54,41,0
enrichplot,32,58,54,42,0
enrichplot,32,58,54,43,0
enrichplot,32,58,54,44,0
enrichplot,32,58,54,45,0
enrichplot,32,58,54,46,0
enrichplot,32,58,54,47,0
enrichplot,32,58,54,48,0
enrichplot,32,58,54,49,0
enrichplot,32,58,54,50,0
enrichplot,32,58,54,51,0
enrichplot,32,58,54,52,0
enrichplot,32,58,54,53,0
enrichplot,32,58,54,54,0.16666666666666666
enrichplot,32,58,54,55,0
enrichplot,32,58,54,56,0
enrichplot,32,58,54,57,0
