hclust_method,minClusterSize,maxCoreScatter,minGap,ARI,n_clusters,native_n_clusters,native_n_assigned,n_unassigned,status
ward.D2,1,0.01,0.7424999999999999,0,313,0,0,313,ok
ward.D2,1,0.02,0.735,0,313,0,0,313,ok
ward.D2,1,0.03,0.7275,0,313,0,0,313,ok
ward.D2,1,0.04,0.72,0,313,0,0,313,ok
ward.D2,1,0.05,0.7124999999999999,0,313,0,0,313,ok
ward.D2,1,0.060000000000000005,0.705,0.014452686135315869,114,1,200,113,ok
ward.D2,1,0.06999999999999999,0.6975,0.014452686135315869,114,1,200,113,ok
ward.D2,1,0.08,0.6900000000000001,0.014452686135315869,114,1,200,113,ok
ward.D2,1,0.09,0.6825,0.014452686135315869,114,1,200,113,ok
ward.D2,1,0.09999999999999999,0.675,0.014452686135315869,114,1,200,113,ok
ward.D2,1,0.11,0.6675,0.02614753152253207,2,2,313,0,ok
ward.D2,1,0.12,0.66,0.02614753152253207,2,2,313,0,ok
ward.D2,1,0.13,0.6525,0.02614753152253207,2,2,313,0,ok
ward.D2,1,0.14,0.645,0.02614753152253207,2,2,313,0,ok
ward.D2,1,0.15000000000000002,0.6375,0.02614753152253207,2,2,313,0,ok
ward.D2,1,0.16,0.63,0.02614753152253207,2,2,313,0,ok
ward.D2,1,0.17,0.6224999999999999,0.03292154793283789,3,3,313,0,ok
ward.D2,1,0.18000000000000002,0.615,0.03292154793283789,3,3,313,0,ok
ward.D2,1,0.19,0.6075,0.03292154793283789,3,3,313,0,ok
ward.D2,1,0.2,0.6000000000000001,0.07088587637581448,4,4,313,0,ok
ward.D2,1,0.21000000000000002,0.5925,0.07088587637581448,4,4,313,0,ok
ward.D2,1,0.22,0.585,0.07088587637581448,4,4,313,0,ok
ward.D2,1,0.23,0.5775,0.07088587637581448,4,4,313,0,ok
ward.D2,1,0.24000000000000002,0.5700000000000001,0.07088587637581448,4,4,313,0,ok
ward.D2,1,0.25,0.5625,0.07088587637581448,4,4,313,0,ok
ward.D2,1,0.26,0.5549999999999999,0.07088587637581448,4,4,313,0,ok
ward.D2,1,0.27,0.5475,0.07088587637581448,4,4,313,0,ok
ward.D2,1,0.28,0.54,0.07088587637581448,4,4,313,0,ok
ward.D2,1,0.29000000000000004,0.5325,0.07088587637581448,4,4,313,0,ok
ward.D2,1,0.3,0.5249999999999999,0.07088587637581448,4,4,313,0,ok
ward.D2,1,0.31,0.5175,0.08541086397509673,5,5,313,0,ok
ward.D2,1,0.32,0.51,0.08541086397509673,5,5,313,0,ok
ward.D2,1,0.33,0.5025,0.08541086397509673,5,5,313,0,ok
ward.D2,1,0.34,0.49499999999999994,0.08541086397509673,5,5,313,0,ok
ward.D2,1,0.35000000000000003,0.48749999999999993,0.08541086397509673,5,5,313,0,ok
ward.D2,1,0.36000000000000004,0.4799999999999999,0.08541086397509673,5,5,313,0,ok
ward.D2,1,0.37,0.47250000000000003,0.10021369980830125,6,6,313,0,ok
ward.D2,1,0.38,0.46499999999999997,0.12171153623688437,7,7,313,0,ok
ward.D2,1,0.39,0.4575,0.12171153623688437,7,7,313,0,ok
ward.D2,1,0.4,0.44999999999999996,0.12171153623688437,7,7,313,0,ok
ward.D2,1,0.41000000000000003,0.4425,0.12171153623688437,7,7,313,0,ok
ward.D2,1,0.42000000000000004,0.43499999999999994,0.12171153623688437,7,7,313,0,ok
ward.D2,1,0.43,0.42750000000000005,0.12171153623688437,7,7,313,0,ok
ward.D2,1,0.44,0.42000000000000004,0.13128694536525864,8,8,313,0,ok
ward.D2,1,0.45,0.41250000000000003,0.13128694536525864,8,8,313,0,ok
ward.D2,1,0.46,0.405,0.13128694536525864,8,8,313,0,ok
ward.D2,1,0.47000000000000003,0.3975,0.13128694536525864,8,8,313,0,ok
ward.D2,1,0.48000000000000004,0.39,0.1413526417556571,10,10,313,0,ok
ward.D2,1,0.49,0.3825,0.1413526417556571,10,10,313,0,ok
ward.D2,1,0.5,0.375,0.1413526417556571,10,10,313,0,ok
ward.D2,1,0.51,0.3675,0.1413526417556571,10,10,313,0,ok
ward.D2,1,0.52,0.36,0.1413526417556571,10,10,313,0,ok
ward.D2,1,0.53,0.3525,0.18499176904570072,11,11,313,0,ok
ward.D2,1,0.54,0.345,0.18499176904570072,11,11,313,0,ok
ward.D2,1,0.55,0.33749999999999997,0.18499176904570072,11,11,313,0,ok
ward.D2,1,0.56,0.32999999999999996,0.18499176904570072,11,11,313,0,ok
ward.D2,1,0.5700000000000001,0.32249999999999995,0.21094270066063786,12,12,313,0,ok
ward.D2,1,0.5800000000000001,0.31499999999999995,0.21984009003961644,13,13,313,0,ok
ward.D2,1,0.59,0.3075,0.21984009003961644,13,13,313,0,ok
ward.D2,1,0.6,0.30000000000000004,0.21984009003961644,13,13,313,0,ok
ward.D2,1,0.61,0.2925,0.23156399690531873,14,14,313,0,ok
ward.D2,1,0.62,0.28500000000000003,0.23156399690531873,14,14,313,0,ok
ward.D2,1,0.63,0.27749999999999997,0.23156399690531873,14,14,313,0,ok
ward.D2,1,0.64,0.27,0.23633644610408772,15,15,313,0,ok
ward.D2,1,0.65,0.26249999999999996,0.23633644610408772,15,15,313,0,ok
ward.D2,1,0.66,0.255,0.24493391600731312,16,16,313,0,ok
ward.D2,1,0.67,0.24749999999999997,0.28417068976844606,18,18,313,0,ok
ward.D2,1,0.68,0.23999999999999996,0.2911808937518886,19,19,313,0,ok
ward.D2,1,0.6900000000000001,0.23249999999999996,0.2911808937518886,19,19,313,0,ok
ward.D2,1,0.7000000000000001,0.22499999999999995,0.2911808937518886,19,19,313,0,ok
ward.D2,1,0.7100000000000001,0.21749999999999994,0.2911808937518886,19,19,313,0,ok
ward.D2,1,0.72,0.21000000000000002,0.2911808937518886,19,19,313,0,ok
ward.D2,1,0.73,0.2025,0.2986117485704412,20,20,313,0,ok
ward.D2,1,0.74,0.195,0.31371614166439743,22,22,313,0,ok
ward.D2,1,0.75,0.1875,0.31517803937890243,23,23,313,0,ok
ward.D2,1,0.76,0.18,0.35394335951348593,26,26,313,0,ok
ward.D2,1,0.77,0.1725,0.35711360736577125,27,27,313,0,ok
ward.D2,1,0.78,0.16499999999999998,0.35711360736577125,27,27,313,0,ok
ward.D2,1,0.79,0.15749999999999997,0.4168113149356028,34,34,313,0,ok
ward.D2,1,0.8,0.14999999999999997,0.41943939896965493,36,36,313,0,ok
ward.D2,1,0.81,0.14249999999999996,0.4280063542213963,38,38,313,0,ok
ward.D2,1,0.8200000000000001,0.13499999999999995,0.46370510251568214,43,43,313,0,ok
ward.D2,1,0.8300000000000001,0.12749999999999995,0.46898223003016076,46,46,313,0,ok
ward.D2,1,0.8400000000000001,0.11999999999999994,0.46898223003016076,46,46,313,0,ok
ward.D2,1,0.85,0.11250000000000002,0.4722394070623627,49,49,313,0,ok
ward.D2,1,0.86,0.10500000000000001,0.46954926380272705,52,52,313,0,ok
ward.D2,1,0.87,0.0975,0.4701239513895123,53,53,313,0,ok
ward.D2,1,0.88,0.09,0.4759931693040211,58,58,313,0,ok
ward.D2,1,0.89,0.08249999999999999,0.4720990100588129,60,60,313,0,ok
ward.D2,1,0.9,0.07499999999999998,0.46595068942940066,66,66,313,0,ok
ward.D2,1,0.91,0.06749999999999998,0.4644291718410588,70,70,313,0,ok
ward.D2,1,0.92,0.05999999999999997,0.44645667374217834,77,77,313,0,ok
ward.D2,1,0.93,0.05249999999999996,0.4387469966276955,83,83,313,0,ok
ward.D2,1,0.9400000000000001,0.04499999999999996,0.4427415432023329,84,84,313,0,ok
ward.D2,1,0.9500000000000001,0.03749999999999995,0.43229050564242355,89,89,313,0,ok
ward.D2,1,0.9600000000000001,0.029999999999999943,0.38664035389011797,99,99,313,0,ok
ward.D2,1,0.97,0.02250000000000002,0.3827811420499839,101,101,313,0,ok
ward.D2,1,0.98,0.015000000000000013,0.3586140414337094,106,106,313,0,ok
ward.D2,1,0.99,0.007500000000000007,0.316116444323214,112,112,313,0,ok
ward.D2,1,1,0,0.3088524944517014,113,113,313,0,ok
ward.D2,2,0.01,0.7424999999999999,0,313,0,0,313,ok
ward.D2,2,0.02,0.735,0,313,0,0,313,ok
ward.D2,2,0.03,0.7275,0,313,0,0,313,ok
ward.D2,2,0.04,0.72,0,313,0,0,313,ok
ward.D2,2,0.05,0.7124999999999999,0,313,0,0,313,ok
ward.D2,2,0.060000000000000005,0.705,0.014452686135315869,114,1,200,113,ok
ward.D2,2,0.06999999999999999,0.6975,0.014452686135315869,114,1,200,113,ok
ward.D2,2,0.08,0.6900000000000001,0.014452686135315869,114,1,200,113,ok
ward.D2,2,0.09,0.6825,0.014452686135315869,114,1,200,113,ok
ward.D2,2,0.09999999999999999,0.675,0.014452686135315869,114,1,200,113,ok
ward.D2,2,0.11,0.6675,0.02614753152253207,2,2,313,0,ok
ward.D2,2,0.12,0.66,0.02614753152253207,2,2,313,0,ok
ward.D2,2,0.13,0.6525,0.02614753152253207,2,2,313,0,ok
ward.D2,2,0.14,0.645,0.02614753152253207,2,2,313,0,ok
ward.D2,2,0.15000000000000002,0.6375,0.02614753152253207,2,2,313,0,ok
ward.D2,2,0.16,0.63,0.02614753152253207,2,2,313,0,ok
ward.D2,2,0.17,0.6224999999999999,0.03292154793283789,3,3,313,0,ok
ward.D2,2,0.18000000000000002,0.615,0.03292154793283789,3,3,313,0,ok
ward.D2,2,0.19,0.6075,0.03292154793283789,3,3,313,0,ok
ward.D2,2,0.2,0.6000000000000001,0.07088587637581448,4,4,313,0,ok
ward.D2,2,0.21000000000000002,0.5925,0.07088587637581448,4,4,313,0,ok
ward.D2,2,0.22,0.585,0.07088587637581448,4,4,313,0,ok
ward.D2,2,0.23,0.5775,0.07088587637581448,4,4,313,0,ok
ward.D2,2,0.24000000000000002,0.5700000000000001,0.07088587637581448,4,4,313,0,ok
ward.D2,2,0.25,0.5625,0.07088587637581448,4,4,313,0,ok
ward.D2,2,0.26,0.5549999999999999,0.07088587637581448,4,4,313,0,ok
ward.D2,2,0.27,0.5475,0.07088587637581448,4,4,313,0,ok
ward.D2,2,0.28,0.54,0.07088587637581448,4,4,313,0,ok
ward.D2,2,0.29000000000000004,0.5325,0.07088587637581448,4,4,313,0,ok
ward.D2,2,0.3,0.5249999999999999,0.07088587637581448,4,4,313,0,ok
ward.D2,2,0.31,0.5175,0.08541086397509673,5,5,313,0,ok
ward.D2,2,0.32,0.51,0.08541086397509673,5,5,313,0,ok
ward.D2,2,0.33,0.5025,0.08541086397509673,5,5,313,0,ok
ward.D2,2,0.34,0.49499999999999994,0.08541086397509673,5,5,313,0,ok
ward.D2,2,0.35000000000000003,0.48749999999999993,0.08541086397509673,5,5,313,0,ok
ward.D2,2,0.36000000000000004,0.4799999999999999,0.08541086397509673,5,5,313,0,ok
ward.D2,2,0.37,0.47250000000000003,0.10021369980830125,6,6,313,0,ok
ward.D2,2,0.38,0.46499999999999997,0.12171153623688437,7,7,313,0,ok
ward.D2,2,0.39,0.4575,0.12171153623688437,7,7,313,0,ok
ward.D2,2,0.4,0.44999999999999996,0.12171153623688437,7,7,313,0,ok
ward.D2,2,0.41000000000000003,0.4425,0.12171153623688437,7,7,313,0,ok
ward.D2,2,0.42000000000000004,0.43499999999999994,0.12171153623688437,7,7,313,0,ok
ward.D2,2,0.43,0.42750000000000005,0.12171153623688437,7,7,313,0,ok
ward.D2,2,0.44,0.42000000000000004,0.13128694536525864,8,8,313,0,ok
ward.D2,2,0.45,0.41250000000000003,0.13128694536525864,8,8,313,0,ok
ward.D2,2,0.46,0.405,0.13128694536525864,8,8,313,0,ok
ward.D2,2,0.47000000000000003,0.3975,0.13128694536525864,8,8,313,0,ok
ward.D2,2,0.48000000000000004,0.39,0.1413526417556571,10,10,313,0,ok
ward.D2,2,0.49,0.3825,0.1413526417556571,10,10,313,0,ok
ward.D2,2,0.5,0.375,0.1413526417556571,10,10,313,0,ok
ward.D2,2,0.51,0.3675,0.1413526417556571,10,10,313,0,ok
ward.D2,2,0.52,0.36,0.1413526417556571,10,10,313,0,ok
ward.D2,2,0.53,0.3525,0.1413526417556571,10,10,313,0,ok
ward.D2,2,0.54,0.345,0.18499176904570072,11,11,313,0,ok
ward.D2,2,0.55,0.33749999999999997,0.18499176904570072,11,11,313,0,ok
ward.D2,2,0.56,0.32999999999999996,0.18499176904570072,11,11,313,0,ok
ward.D2,2,0.5700000000000001,0.32249999999999995,0.21094270066063786,12,12,313,0,ok
ward.D2,2,0.5800000000000001,0.31499999999999995,0.21984009003961644,13,13,313,0,ok
ward.D2,2,0.59,0.3075,0.21984009003961644,13,13,313,0,ok
ward.D2,2,0.6,0.30000000000000004,0.21984009003961644,13,13,313,0,ok
ward.D2,2,0.61,0.2925,0.23156399690531873,14,14,313,0,ok
ward.D2,2,0.62,0.28500000000000003,0.23156399690531873,14,14,313,0,ok
ward.D2,2,0.63,0.27749999999999997,0.23156399690531873,14,14,313,0,ok
ward.D2,2,0.64,0.27,0.23633644610408772,15,15,313,0,ok
ward.D2,2,0.65,0.26249999999999996,0.23633644610408772,15,15,313,0,ok
ward.D2,2,0.66,0.255,0.24493391600731312,16,16,313,0,ok
ward.D2,2,0.67,0.24749999999999997,0.25187719142261233,17,17,313,0,ok
ward.D2,2,0.68,0.23999999999999996,0.2911808937518886,19,19,313,0,ok
ward.D2,2,0.6900000000000001,0.23249999999999996,0.2911808937518886,19,19,313,0,ok
ward.D2,2,0.7000000000000001,0.22499999999999995,0.2911808937518886,19,19,313,0,ok
ward.D2,2,0.7100000000000001,0.21749999999999994,0.2911808937518886,19,19,313,0,ok
ward.D2,2,0.72,0.21000000000000002,0.2911808937518886,19,19,313,0,ok
ward.D2,2,0.73,0.2025,0.2911808937518886,19,19,313,0,ok
ward.D2,2,0.74,0.195,0.29943137376957785,20,20,313,0,ok
ward.D2,2,0.75,0.1875,0.3016368432762292,21,21,313,0,ok
ward.D2,2,0.76,0.18,0.33471319577547226,24,24,313,0,ok
ward.D2,2,0.77,0.1725,0.35472022396757885,26,26,313,0,ok
ward.D2,2,0.78,0.16499999999999998,0.35472022396757885,26,26,313,0,ok
ward.D2,2,0.79,0.15749999999999997,0.4050269129040866,31,31,313,0,ok
ward.D2,2,0.8,0.14999999999999997,0.4088201091773676,32,32,313,0,ok
ward.D2,2,0.81,0.14249999999999996,0.4197744253786038,34,34,313,0,ok
ward.D2,2,0.8200000000000001,0.13499999999999995,0.4439779909613578,39,39,313,0,ok
ward.D2,2,0.8300000000000001,0.12749999999999995,0.46501400249683067,44,44,313,0,ok
ward.D2,2,0.8400000000000001,0.11999999999999994,0.4716628732746579,46,46,313,0,ok
ward.D2,2,0.85,0.11250000000000002,0.47422729890574006,48,48,313,0,ok
ward.D2,2,0.86,0.10500000000000001,0.47204466209716756,49,49,313,0,ok
ward.D2,2,0.87,0.0975,0.44804112929692963,51,51,313,0,ok
ward.D2,2,0.88,0.09,0.48218184968756617,56,56,313,0,ok
ward.D2,2,0.89,0.08249999999999999,0.4785211607230046,58,58,313,0,ok
ward.D2,2,0.9,0.07499999999999998,0.48660923458007754,62,62,313,0,ok
ward.D2,2,0.91,0.06749999999999998,0.46926108322822735,65,65,313,0,ok
ward.D2,2,0.92,0.05999999999999997,0.4589216099554416,71,71,313,0,ok
ward.D2,2,0.93,0.05249999999999996,0.4720486956057949,77,77,313,0,ok
ward.D2,2,0.9400000000000001,0.04499999999999996,0.4479901010282984,82,82,313,0,ok
ward.D2,2,0.9500000000000001,0.03749999999999995,0.4378096259190145,87,87,313,0,ok
ward.D2,2,0.9600000000000001,0.029999999999999943,0.3943662214399443,98,98,313,0,ok
ward.D2,2,0.97,0.02250000000000002,0.3906045289650193,100,100,313,0,ok
ward.D2,2,0.98,0.015000000000000013,0.36340916378681254,105,105,313,0,ok
ward.D2,2,0.99,0.007500000000000007,0.316116444323214,112,112,313,0,ok
ward.D2,2,1,0,0.3088524944517014,113,113,313,0,ok
ward.D2,5,0.01,0.7424999999999999,0,313,0,0,313,ok
ward.D2,5,0.02,0.735,0,313,0,0,313,ok
ward.D2,5,0.03,0.7275,0,313,0,0,313,ok
ward.D2,5,0.04,0.72,0,313,0,0,313,ok
ward.D2,5,0.05,0.7124999999999999,0,313,0,0,313,ok
ward.D2,5,0.060000000000000005,0.705,0.014452686135315869,114,1,200,113,ok
ward.D2,5,0.06999999999999999,0.6975,0.014452686135315869,114,1,200,113,ok
ward.D2,5,0.08,0.6900000000000001,0.014452686135315869,114,1,200,113,ok
ward.D2,5,0.09,0.6825,0.014452686135315869,114,1,200,113,ok
ward.D2,5,0.09999999999999999,0.675,0.014452686135315869,114,1,200,113,ok
ward.D2,5,0.11,0.6675,0.014452686135315869,114,1,200,113,ok
ward.D2,5,0.12,0.66,0.02614753152253207,2,2,313,0,ok
ward.D2,5,0.13,0.6525,0.02614753152253207,2,2,313,0,ok
ward.D2,5,0.14,0.645,0.02614753152253207,2,2,313,0,ok
ward.D2,5,0.15000000000000002,0.6375,0.02614753152253207,2,2,313,0,ok
ward.D2,5,0.16,0.63,0.02614753152253207,2,2,313,0,ok
ward.D2,5,0.17,0.6224999999999999,0.02614753152253207,2,2,313,0,ok
ward.D2,5,0.18000000000000002,0.615,0.03292154793283789,3,3,313,0,ok
ward.D2,5,0.19,0.6075,0.03292154793283789,3,3,313,0,ok
ward.D2,5,0.2,0.6000000000000001,0.07088587637581448,4,4,313,0,ok
ward.D2,5,0.21000000000000002,0.5925,0.07088587637581448,4,4,313,0,ok
ward.D2,5,0.22,0.585,0.07088587637581448,4,4,313,0,ok
ward.D2,5,0.23,0.5775,0.07088587637581448,4,4,313,0,ok
ward.D2,5,0.24000000000000002,0.5700000000000001,0.07088587637581448,4,4,313,0,ok
ward.D2,5,0.25,0.5625,0.07088587637581448,4,4,313,0,ok
ward.D2,5,0.26,0.5549999999999999,0.07088587637581448,4,4,313,0,ok
ward.D2,5,0.27,0.5475,0.07088587637581448,4,4,313,0,ok
ward.D2,5,0.28,0.54,0.07088587637581448,4,4,313,0,ok
ward.D2,5,0.29000000000000004,0.5325,0.07088587637581448,4,4,313,0,ok
ward.D2,5,0.3,0.5249999999999999,0.07088587637581448,4,4,313,0,ok
ward.D2,5,0.31,0.5175,0.07088587637581448,4,4,313,0,ok
ward.D2,5,0.32,0.51,0.08541086397509673,5,5,313,0,ok
ward.D2,5,0.33,0.5025,0.08541086397509673,5,5,313,0,ok
ward.D2,5,0.34,0.49499999999999994,0.08541086397509673,5,5,313,0,ok
ward.D2,5,0.35000000000000003,0.48749999999999993,0.08541086397509673,5,5,313,0,ok
ward.D2,5,0.36000000000000004,0.4799999999999999,0.08541086397509673,5,5,313,0,ok
ward.D2,5,0.37,0.47250000000000003,0.08541086397509673,5,5,313,0,ok
ward.D2,5,0.38,0.46499999999999997,0.12171153623688437,7,7,313,0,ok
ward.D2,5,0.39,0.4575,0.12171153623688437,7,7,313,0,ok
ward.D2,5,0.4,0.44999999999999996,0.12171153623688437,7,7,313,0,ok
ward.D2,5,0.41000000000000003,0.4425,0.12171153623688437,7,7,313,0,ok
ward.D2,5,0.42000000000000004,0.43499999999999994,0.12171153623688437,7,7,313,0,ok
ward.D2,5,0.43,0.42750000000000005,0.12171153623688437,7,7,313,0,ok
ward.D2,5,0.44,0.42000000000000004,0.13128694536525864,8,8,313,0,ok
ward.D2,5,0.45,0.41250000000000003,0.13128694536525864,8,8,313,0,ok
ward.D2,5,0.46,0.405,0.13128694536525864,8,8,313,0,ok
ward.D2,5,0.47000000000000003,0.3975,0.13128694536525864,8,8,313,0,ok
ward.D2,5,0.48000000000000004,0.39,0.13128694536525864,8,8,313,0,ok
ward.D2,5,0.49,0.3825,0.1353961846748451,9,9,313,0,ok
ward.D2,5,0.5,0.375,0.1413526417556571,10,10,313,0,ok
ward.D2,5,0.51,0.3675,0.1413526417556571,10,10,313,0,ok
ward.D2,5,0.52,0.36,0.1413526417556571,10,10,313,0,ok
ward.D2,5,0.53,0.3525,0.1413526417556571,10,10,313,0,ok
ward.D2,5,0.54,0.345,0.18499176904570072,11,11,313,0,ok
ward.D2,5,0.55,0.33749999999999997,0.18499176904570072,11,11,313,0,ok
ward.D2,5,0.56,0.32999999999999996,0.18499176904570072,11,11,313,0,ok
ward.D2,5,0.5700000000000001,0.32249999999999995,0.21094270066063786,12,12,313,0,ok
ward.D2,5,0.5800000000000001,0.31499999999999995,0.21984009003961644,13,13,313,0,ok
ward.D2,5,0.59,0.3075,0.21984009003961644,13,13,313,0,ok
ward.D2,5,0.6,0.30000000000000004,0.21984009003961644,13,13,313,0,ok
ward.D2,5,0.61,0.2925,0.21984009003961644,13,13,313,0,ok
ward.D2,5,0.62,0.28500000000000003,0.21984009003961644,13,13,313,0,ok
ward.D2,5,0.63,0.27749999999999997,0.21984009003961644,13,13,313,0,ok
ward.D2,5,0.64,0.27,0.21984009003961644,13,13,313,0,ok
ward.D2,5,0.65,0.26249999999999996,0.23633644610408772,15,15,313,0,ok
ward.D2,5,0.66,0.255,0.24493391600731312,16,16,313,0,ok
ward.D2,5,0.67,0.24749999999999997,0.24493391600731312,16,16,313,0,ok
ward.D2,5,0.68,0.23999999999999996,0.2497680895164492,17,17,313,0,ok
ward.D2,5,0.6900000000000001,0.23249999999999996,0.2911808937518886,19,19,313,0,ok
ward.D2,5,0.7000000000000001,0.22499999999999995,0.2911808937518886,19,19,313,0,ok
ward.D2,5,0.7100000000000001,0.21749999999999994,0.2911808937518886,19,19,313,0,ok
ward.D2,5,0.72,0.21000000000000002,0.2911808937518886,19,19,313,0,ok
ward.D2,5,0.73,0.2025,0.2911808937518886,19,19,313,0,ok
ward.D2,5,0.74,0.195,0.2911808937518886,19,19,313,0,ok
ward.D2,5,0.75,0.1875,0.2911808937518886,19,19,313,0,ok
ward.D2,5,0.76,0.18,0.2911808937518886,19,19,313,0,ok
ward.D2,5,0.77,0.1725,0.2992661371363655,21,21,313,0,ok
ward.D2,5,0.78,0.16499999999999998,0.34756537729202536,24,24,313,0,ok
ward.D2,5,0.79,0.15749999999999997,0.3703853144418414,26,26,313,0,ok
ward.D2,5,0.8,0.14999999999999997,0.3703853144418414,26,26,313,0,ok
ward.D2,5,0.81,0.14249999999999996,0.3861695372741608,29,29,313,0,ok
ward.D2,5,0.8200000000000001,0.13499999999999995,0.404676012264707,30,30,313,0,ok
ward.D2,5,0.8300000000000001,0.12749999999999995,0.4260588456138993,32,32,313,0,ok
ward.D2,5,0.8400000000000001,0.11999999999999994,0.43055129155139005,33,33,313,0,ok
ward.D2,5,0.85,0.11250000000000002,0.4297000080164532,34,34,313,0,ok
ward.D2,5,0.86,0.10500000000000001,0.4297000080164532,34,34,313,0,ok
ward.D2,5,0.87,0.0975,0.4297000080164532,34,34,313,0,ok
ward.D2,5,0.88,0.09,0.4091841382951505,35,35,313,0,ok
ward.D2,5,0.89,0.08249999999999999,0.42765721330475104,36,36,313,0,ok
ward.D2,5,0.9,0.07499999999999998,0.4280581100919142,36,36,313,0,ok
ward.D2,5,0.91,0.06749999999999998,0.4280581100919142,36,36,313,0,ok
ward.D2,5,0.92,0.05999999999999997,0.4367349360263146,37,37,313,0,ok
ward.D2,5,0.93,0.05249999999999996,0.4367349360263146,37,37,313,0,ok
ward.D2,5,0.9400000000000001,0.04499999999999996,0.4367349360263146,37,37,313,0,ok
ward.D2,5,0.9500000000000001,0.03749999999999995,0.4367349360263146,37,37,313,0,ok
ward.D2,5,0.9600000000000001,0.029999999999999943,0.4367349360263146,37,37,313,0,ok
ward.D2,5,0.97,0.02250000000000002,0.4367349360263146,37,37,313,0,ok
ward.D2,5,0.98,0.015000000000000013,0.4367349360263146,37,37,313,0,ok
ward.D2,5,0.99,0.007500000000000007,0.4367349360263146,37,37,313,0,ok
ward.D2,5,1,0,0.4367349360263146,37,37,313,0,ok
ward.D2,10,0.01,0.7424999999999999,0,313,0,0,313,ok
ward.D2,10,0.02,0.735,0,313,0,0,313,ok
ward.D2,10,0.03,0.7275,0,313,0,0,313,ok
ward.D2,10,0.04,0.72,0,313,0,0,313,ok
ward.D2,10,0.05,0.7124999999999999,0,313,0,0,313,ok
ward.D2,10,0.060000000000000005,0.705,0,313,0,0,313,ok
ward.D2,10,0.06999999999999999,0.6975,0.014452686135315869,114,1,200,113,ok
ward.D2,10,0.08,0.6900000000000001,0.014452686135315869,114,1,200,113,ok
ward.D2,10,0.09,0.6825,0.014452686135315869,114,1,200,113,ok
ward.D2,10,0.09999999999999999,0.675,0.014452686135315869,114,1,200,113,ok
ward.D2,10,0.11,0.6675,0.014452686135315869,114,1,200,113,ok
ward.D2,10,0.12,0.66,0.02614753152253207,2,2,313,0,ok
ward.D2,10,0.13,0.6525,0.02614753152253207,2,2,313,0,ok
ward.D2,10,0.14,0.645,0.02614753152253207,2,2,313,0,ok
ward.D2,10,0.15000000000000002,0.6375,0.02614753152253207,2,2,313,0,ok
ward.D2,10,0.16,0.63,0.02614753152253207,2,2,313,0,ok
ward.D2,10,0.17,0.6224999999999999,0.02614753152253207,2,2,313,0,ok
ward.D2,10,0.18000000000000002,0.615,0.03292154793283789,3,3,313,0,ok
ward.D2,10,0.19,0.6075,0.03292154793283789,3,3,313,0,ok
ward.D2,10,0.2,0.6000000000000001,0.07088587637581448,4,4,313,0,ok
ward.D2,10,0.21000000000000002,0.5925,0.07088587637581448,4,4,313,0,ok
ward.D2,10,0.22,0.585,0.07088587637581448,4,4,313,0,ok
ward.D2,10,0.23,0.5775,0.07088587637581448,4,4,313,0,ok
ward.D2,10,0.24000000000000002,0.5700000000000001,0.07088587637581448,4,4,313,0,ok
ward.D2,10,0.25,0.5625,0.07088587637581448,4,4,313,0,ok
ward.D2,10,0.26,0.5549999999999999,0.07088587637581448,4,4,313,0,ok
ward.D2,10,0.27,0.5475,0.07088587637581448,4,4,313,0,ok
ward.D2,10,0.28,0.54,0.07088587637581448,4,4,313,0,ok
ward.D2,10,0.29000000000000004,0.5325,0.07088587637581448,4,4,313,0,ok
ward.D2,10,0.3,0.5249999999999999,0.07088587637581448,4,4,313,0,ok
ward.D2,10,0.31,0.5175,0.07088587637581448,4,4,313,0,ok
ward.D2,10,0.32,0.51,0.07088587637581448,4,4,313,0,ok
ward.D2,10,0.33,0.5025,0.08541086397509673,5,5,313,0,ok
ward.D2,10,0.34,0.49499999999999994,0.08541086397509673,5,5,313,0,ok
ward.D2,10,0.35000000000000003,0.48749999999999993,0.08541086397509673,5,5,313,0,ok
ward.D2,10,0.36000000000000004,0.4799999999999999,0.08541086397509673,5,5,313,0,ok
ward.D2,10,0.37,0.47250000000000003,0.08541086397509673,5,5,313,0,ok
ward.D2,10,0.38,0.46499999999999997,0.08541086397509673,5,5,313,0,ok
ward.D2,10,0.39,0.4575,0.1019241815167755,6,6,313,0,ok
ward.D2,10,0.4,0.44999999999999996,0.12171153623688437,7,7,313,0,ok
ward.D2,10,0.41000000000000003,0.4425,0.12171153623688437,7,7,313,0,ok
ward.D2,10,0.42000000000000004,0.43499999999999994,0.12171153623688437,7,7,313,0,ok
ward.D2,10,0.43,0.42750000000000005,0.12171153623688437,7,7,313,0,ok
ward.D2,10,0.44,0.42000000000000004,0.13128694536525864,8,8,313,0,ok
ward.D2,10,0.45,0.41250000000000003,0.13128694536525864,8,8,313,0,ok
ward.D2,10,0.46,0.405,0.13128694536525864,8,8,313,0,ok
ward.D2,10,0.47000000000000003,0.3975,0.13128694536525864,8,8,313,0,ok
ward.D2,10,0.48000000000000004,0.39,0.1353961846748451,9,9,313,0,ok
ward.D2,10,0.49,0.3825,0.1353961846748451,9,9,313,0,ok
ward.D2,10,0.5,0.375,0.1353961846748451,9,9,313,0,ok
ward.D2,10,0.51,0.3675,0.1353961846748451,9,9,313,0,ok
ward.D2,10,0.52,0.36,0.1353961846748451,9,9,313,0,ok
ward.D2,10,0.53,0.3525,0.1353961846748451,9,9,313,0,ok
ward.D2,10,0.54,0.345,0.1413526417556571,10,10,313,0,ok
ward.D2,10,0.55,0.33749999999999997,0.18499176904570072,11,11,313,0,ok
ward.D2,10,0.56,0.32999999999999996,0.18499176904570072,11,11,313,0,ok
ward.D2,10,0.5700000000000001,0.32249999999999995,0.18499176904570072,11,11,313,0,ok
ward.D2,10,0.5800000000000001,0.31499999999999995,0.21094270066063786,12,12,313,0,ok
ward.D2,10,0.59,0.3075,0.21094270066063786,12,12,313,0,ok
ward.D2,10,0.6,0.30000000000000004,0.21094270066063786,12,12,313,0,ok
ward.D2,10,0.61,0.2925,0.21094270066063786,12,12,313,0,ok
ward.D2,10,0.62,0.28500000000000003,0.21094270066063786,12,12,313,0,ok
ward.D2,10,0.63,0.27749999999999997,0.21094270066063786,12,12,313,0,ok
ward.D2,10,0.64,0.27,0.21094270066063786,12,12,313,0,ok
ward.D2,10,0.65,0.26249999999999996,0.21392169351561244,13,13,313,0,ok
ward.D2,10,0.66,0.255,0.21392169351561244,13,13,313,0,ok
ward.D2,10,0.67,0.24749999999999997,0.2256615638490134,14,14,313,0,ok
ward.D2,10,0.68,0.23999999999999996,0.2256615638490134,14,14,313,0,ok
ward.D2,10,0.6900000000000001,0.23249999999999996,0.23167236402642563,15,15,313,0,ok
ward.D2,10,0.7000000000000001,0.22499999999999995,0.25879191579614724,16,16,313,0,ok
ward.D2,10,0.7100000000000001,0.21749999999999994,0.25879191579614724,16,16,313,0,ok
ward.D2,10,0.72,0.21000000000000002,0.25879191579614724,16,16,313,0,ok
ward.D2,10,0.73,0.2025,0.25879191579614724,16,16,313,0,ok
ward.D2,10,0.74,0.195,0.25879191579614724,16,16,313,0,ok
ward.D2,10,0.75,0.1875,0.25879191579614724,16,16,313,0,ok
ward.D2,10,0.76,0.18,0.25879191579614724,16,16,313,0,ok
ward.D2,10,0.77,0.1725,0.25879191579614724,16,16,313,0,ok
ward.D2,10,0.78,0.16499999999999998,0.2712382710520279,17,17,313,0,ok
ward.D2,10,0.79,0.15749999999999997,0.2712382710520279,17,17,313,0,ok
ward.D2,10,0.8,0.14999999999999997,0.2822848303552133,18,18,313,0,ok
ward.D2,10,0.81,0.14249999999999996,0.2822848303552133,18,18,313,0,ok
ward.D2,10,0.8200000000000001,0.13499999999999995,0.2822848303552133,18,18,313,0,ok
ward.D2,10,0.8300000000000001,0.12749999999999995,0.2822848303552133,18,18,313,0,ok
ward.D2,10,0.8400000000000001,0.11999999999999994,0.2822848303552133,18,18,313,0,ok
ward.D2,10,0.85,0.11250000000000002,0.2822848303552133,18,18,313,0,ok
ward.D2,10,0.86,0.10500000000000001,0.2822848303552133,18,18,313,0,ok
ward.D2,10,0.87,0.0975,0.2822848303552133,18,18,313,0,ok
ward.D2,10,0.88,0.09,0.2822848303552133,18,18,313,0,ok
ward.D2,10,0.89,0.08249999999999999,0.2822848303552133,18,18,313,0,ok
ward.D2,10,0.9,0.07499999999999998,0.2822848303552133,18,18,313,0,ok
ward.D2,10,0.91,0.06749999999999998,0.2822848303552133,18,18,313,0,ok
ward.D2,10,0.92,0.05999999999999997,0.2822848303552133,18,18,313,0,ok
ward.D2,10,0.93,0.05249999999999996,0.2822848303552133,18,18,313,0,ok
ward.D2,10,0.9400000000000001,0.04499999999999996,0.2822848303552133,18,18,313,0,ok
ward.D2,10,0.9500000000000001,0.03749999999999995,0.2822848303552133,18,18,313,0,ok
ward.D2,10,0.9600000000000001,0.029999999999999943,0.2822848303552133,18,18,313,0,ok
ward.D2,10,0.97,0.02250000000000002,0.2822848303552133,18,18,313,0,ok
ward.D2,10,0.98,0.015000000000000013,0.2822848303552133,18,18,313,0,ok
ward.D2,10,0.99,0.007500000000000007,0.2822848303552133,18,18,313,0,ok
ward.D2,10,1,0,0.2822848303552133,18,18,313,0,ok
ward.D2,15,0.01,0.7424999999999999,0,313,0,0,313,ok
ward.D2,15,0.02,0.735,0,313,0,0,313,ok
ward.D2,15,0.03,0.7275,0,313,0,0,313,ok
ward.D2,15,0.04,0.72,0,313,0,0,313,ok
ward.D2,15,0.05,0.7124999999999999,0,313,0,0,313,ok
ward.D2,15,0.060000000000000005,0.705,0,313,0,0,313,ok
ward.D2,15,0.06999999999999999,0.6975,0.014452686135315869,114,1,200,113,ok
ward.D2,15,0.08,0.6900000000000001,0.014452686135315869,114,1,200,113,ok
ward.D2,15,0.09,0.6825,0.014452686135315869,114,1,200,113,ok
ward.D2,15,0.09999999999999999,0.675,0.014452686135315869,114,1,200,113,ok
ward.D2,15,0.11,0.6675,0.014452686135315869,114,1,200,113,ok
ward.D2,15,0.12,0.66,0.014452686135315869,114,1,200,113,ok
ward.D2,15,0.13,0.6525,0.02614753152253207,2,2,313,0,ok
ward.D2,15,0.14,0.645,0.02614753152253207,2,2,313,0,ok
ward.D2,15,0.15000000000000002,0.6375,0.02614753152253207,2,2,313,0,ok
ward.D2,15,0.16,0.63,0.02614753152253207,2,2,313,0,ok
ward.D2,15,0.17,0.6224999999999999,0.02614753152253207,2,2,313,0,ok
ward.D2,15,0.18000000000000002,0.615,0.02614753152253207,2,2,313,0,ok
ward.D2,15,0.19,0.6075,0.03292154793283789,3,3,313,0,ok
ward.D2,15,0.2,0.6000000000000001,0.03292154793283789,3,3,313,0,ok
ward.D2,15,0.21000000000000002,0.5925,0.07088587637581448,4,4,313,0,ok
ward.D2,15,0.22,0.585,0.07088587637581448,4,4,313,0,ok
ward.D2,15,0.23,0.5775,0.07088587637581448,4,4,313,0,ok
ward.D2,15,0.24000000000000002,0.5700000000000001,0.07088587637581448,4,4,313,0,ok
ward.D2,15,0.25,0.5625,0.07088587637581448,4,4,313,0,ok
ward.D2,15,0.26,0.5549999999999999,0.07088587637581448,4,4,313,0,ok
ward.D2,15,0.27,0.5475,0.07088587637581448,4,4,313,0,ok
ward.D2,15,0.28,0.54,0.07088587637581448,4,4,313,0,ok
ward.D2,15,0.29000000000000004,0.5325,0.07088587637581448,4,4,313,0,ok
ward.D2,15,0.3,0.5249999999999999,0.07088587637581448,4,4,313,0,ok
ward.D2,15,0.31,0.5175,0.07088587637581448,4,4,313,0,ok
ward.D2,15,0.32,0.51,0.07088587637581448,4,4,313,0,ok
ward.D2,15,0.33,0.5025,0.08541086397509673,5,5,313,0,ok
ward.D2,15,0.34,0.49499999999999994,0.08541086397509673,5,5,313,0,ok
ward.D2,15,0.35000000000000003,0.48749999999999993,0.08541086397509673,5,5,313,0,ok
ward.D2,15,0.36000000000000004,0.4799999999999999,0.08541086397509673,5,5,313,0,ok
ward.D2,15,0.37,0.47250000000000003,0.08541086397509673,5,5,313,0,ok
ward.D2,15,0.38,0.46499999999999997,0.08541086397509673,5,5,313,0,ok
ward.D2,15,0.39,0.4575,0.1019241815167755,6,6,313,0,ok
ward.D2,15,0.4,0.44999999999999996,0.12171153623688437,7,7,313,0,ok
ward.D2,15,0.41000000000000003,0.4425,0.12171153623688437,7,7,313,0,ok
ward.D2,15,0.42000000000000004,0.43499999999999994,0.12171153623688437,7,7,313,0,ok
ward.D2,15,0.43,0.42750000000000005,0.12171153623688437,7,7,313,0,ok
ward.D2,15,0.44,0.42000000000000004,0.12171153623688437,7,7,313,0,ok
ward.D2,15,0.45,0.41250000000000003,0.12171153623688437,7,7,313,0,ok
ward.D2,15,0.46,0.405,0.12171153623688437,7,7,313,0,ok
ward.D2,15,0.47000000000000003,0.3975,0.12171153623688437,7,7,313,0,ok
ward.D2,15,0.48000000000000004,0.39,0.12171153623688437,7,7,313,0,ok
ward.D2,15,0.49,0.3825,0.12171153623688437,7,7,313,0,ok
ward.D2,15,0.5,0.375,0.12171153623688437,7,7,313,0,ok
ward.D2,15,0.51,0.3675,0.12171153623688437,7,7,313,0,ok
ward.D2,15,0.52,0.36,0.12171153623688437,7,7,313,0,ok
ward.D2,15,0.53,0.3525,0.12171153623688437,7,7,313,0,ok
ward.D2,15,0.54,0.345,0.12171153623688437,7,7,313,0,ok
ward.D2,15,0.55,0.33749999999999997,0.15386220137684858,8,8,313,0,ok
ward.D2,15,0.56,0.32999999999999996,0.15386220137684858,8,8,313,0,ok
ward.D2,15,0.5700000000000001,0.32249999999999995,0.15386220137684858,8,8,313,0,ok
ward.D2,15,0.5800000000000001,0.31499999999999995,0.17157048160535782,9,9,313,0,ok
ward.D2,15,0.59,0.3075,0.17157048160535782,9,9,313,0,ok
ward.D2,15,0.6,0.30000000000000004,0.17157048160535782,9,9,313,0,ok
ward.D2,15,0.61,0.2925,0.17157048160535782,9,9,313,0,ok
ward.D2,15,0.62,0.28500000000000003,0.17157048160535782,9,9,313,0,ok
ward.D2,15,0.63,0.27749999999999997,0.17157048160535782,9,9,313,0,ok
ward.D2,15,0.64,0.27,0.17157048160535782,9,9,313,0,ok
ward.D2,15,0.65,0.26249999999999996,0.17188692726878996,10,10,313,0,ok
ward.D2,15,0.66,0.255,0.17188692726878996,10,10,313,0,ok
ward.D2,15,0.67,0.24749999999999997,0.17188692726878996,10,10,313,0,ok
ward.D2,15,0.68,0.23999999999999996,0.17188692726878996,10,10,313,0,ok
ward.D2,15,0.6900000000000001,0.23249999999999996,0.17188692726878996,10,10,313,0,ok
ward.D2,15,0.7000000000000001,0.22499999999999995,0.17188692726878996,10,10,313,0,ok
ward.D2,15,0.7100000000000001,0.21749999999999994,0.17188692726878996,10,10,313,0,ok
ward.D2,15,0.72,0.21000000000000002,0.18608985393297023,11,11,313,0,ok
ward.D2,15,0.73,0.2025,0.18608985393297023,11,11,313,0,ok
ward.D2,15,0.74,0.195,0.18608985393297023,11,11,313,0,ok
ward.D2,15,0.75,0.1875,0.18608985393297023,11,11,313,0,ok
ward.D2,15,0.76,0.18,0.18608985393297023,11,11,313,0,ok
ward.D2,15,0.77,0.1725,0.18608985393297023,11,11,313,0,ok
ward.D2,15,0.78,0.16499999999999998,0.18608985393297023,11,11,313,0,ok
ward.D2,15,0.79,0.15749999999999997,0.18608985393297023,11,11,313,0,ok
ward.D2,15,0.8,0.14999999999999997,0.18608985393297023,11,11,313,0,ok
ward.D2,15,0.81,0.14249999999999996,0.18608985393297023,11,11,313,0,ok
ward.D2,15,0.8200000000000001,0.13499999999999995,0.18608985393297023,11,11,313,0,ok
ward.D2,15,0.8300000000000001,0.12749999999999995,0.18608985393297023,11,11,313,0,ok
ward.D2,15,0.8400000000000001,0.11999999999999994,0.18608985393297023,11,11,313,0,ok
ward.D2,15,0.85,0.11250000000000002,0.18608985393297023,11,11,313,0,ok
ward.D2,15,0.86,0.10500000000000001,0.18608985393297023,11,11,313,0,ok
ward.D2,15,0.87,0.0975,0.18608985393297023,11,11,313,0,ok
ward.D2,15,0.88,0.09,0.18608985393297023,11,11,313,0,ok
ward.D2,15,0.89,0.08249999999999999,0.18608985393297023,11,11,313,0,ok
ward.D2,15,0.9,0.07499999999999998,0.18608985393297023,11,11,313,0,ok
ward.D2,15,0.91,0.06749999999999998,0.18608985393297023,11,11,313,0,ok
ward.D2,15,0.92,0.05999999999999997,0.18608985393297023,11,11,313,0,ok
ward.D2,15,0.93,0.05249999999999996,0.18608985393297023,11,11,313,0,ok
ward.D2,15,0.9400000000000001,0.04499999999999996,0.18608985393297023,11,11,313,0,ok
ward.D2,15,0.9500000000000001,0.03749999999999995,0.18608985393297023,11,11,313,0,ok
ward.D2,15,0.9600000000000001,0.029999999999999943,0.18608985393297023,11,11,313,0,ok
ward.D2,15,0.97,0.02250000000000002,0.18608985393297023,11,11,313,0,ok
ward.D2,15,0.98,0.015000000000000013,0.18608985393297023,11,11,313,0,ok
ward.D2,15,0.99,0.007500000000000007,0.18608985393297023,11,11,313,0,ok
ward.D2,15,1,0,0.18608985393297023,11,11,313,0,ok
ward.D2,20,0.01,0.7424999999999999,0,313,0,0,313,ok
ward.D2,20,0.02,0.735,0,313,0,0,313,ok
ward.D2,20,0.03,0.7275,0,313,0,0,313,ok
ward.D2,20,0.04,0.72,0,313,0,0,313,ok
ward.D2,20,0.05,0.7124999999999999,0,313,0,0,313,ok
ward.D2,20,0.060000000000000005,0.705,0,313,0,0,313,ok
ward.D2,20,0.06999999999999999,0.6975,0,313,0,0,313,ok
ward.D2,20,0.08,0.6900000000000001,0.014452686135315869,114,1,200,113,ok
ward.D2,20,0.09,0.6825,0.014452686135315869,114,1,200,113,ok
ward.D2,20,0.09999999999999999,0.675,0.014452686135315869,114,1,200,113,ok
ward.D2,20,0.11,0.6675,0.014452686135315869,114,1,200,113,ok
ward.D2,20,0.12,0.66,0.014452686135315869,114,1,200,113,ok
ward.D2,20,0.13,0.6525,0.02614753152253207,2,2,313,0,ok
ward.D2,20,0.14,0.645,0.02614753152253207,2,2,313,0,ok
ward.D2,20,0.15000000000000002,0.6375,0.02614753152253207,2,2,313,0,ok
ward.D2,20,0.16,0.63,0.02614753152253207,2,2,313,0,ok
ward.D2,20,0.17,0.6224999999999999,0.02614753152253207,2,2,313,0,ok
ward.D2,20,0.18000000000000002,0.615,0.02614753152253207,2,2,313,0,ok
ward.D2,20,0.19,0.6075,0.02614753152253207,2,2,313,0,ok
ward.D2,20,0.2,0.6000000000000001,0.03292154793283789,3,3,313,0,ok
ward.D2,20,0.21000000000000002,0.5925,0.07088587637581448,4,4,313,0,ok
ward.D2,20,0.22,0.585,0.07088587637581448,4,4,313,0,ok
ward.D2,20,0.23,0.5775,0.07088587637581448,4,4,313,0,ok
ward.D2,20,0.24000000000000002,0.5700000000000001,0.07088587637581448,4,4,313,0,ok
ward.D2,20,0.25,0.5625,0.07088587637581448,4,4,313,0,ok
ward.D2,20,0.26,0.5549999999999999,0.07088587637581448,4,4,313,0,ok
ward.D2,20,0.27,0.5475,0.07088587637581448,4,4,313,0,ok
ward.D2,20,0.28,0.54,0.07088587637581448,4,4,313,0,ok
ward.D2,20,0.29000000000000004,0.5325,0.07088587637581448,4,4,313,0,ok
ward.D2,20,0.3,0.5249999999999999,0.07088587637581448,4,4,313,0,ok
ward.D2,20,0.31,0.5175,0.07088587637581448,4,4,313,0,ok
ward.D2,20,0.32,0.51,0.07088587637581448,4,4,313,0,ok
ward.D2,20,0.33,0.5025,0.07088587637581448,4,4,313,0,ok
ward.D2,20,0.34,0.49499999999999994,0.08541086397509673,5,5,313,0,ok
ward.D2,20,0.35000000000000003,0.48749999999999993,0.08541086397509673,5,5,313,0,ok
ward.D2,20,0.36000000000000004,0.4799999999999999,0.08541086397509673,5,5,313,0,ok
ward.D2,20,0.37,0.47250000000000003,0.08541086397509673,5,5,313,0,ok
ward.D2,20,0.38,0.46499999999999997,0.08541086397509673,5,5,313,0,ok
ward.D2,20,0.39,0.4575,0.1019241815167755,6,6,313,0,ok
ward.D2,20,0.4,0.44999999999999996,0.12171153623688437,7,7,313,0,ok
ward.D2,20,0.41000000000000003,0.4425,0.12171153623688437,7,7,313,0,ok
ward.D2,20,0.42000000000000004,0.43499999999999994,0.12171153623688437,7,7,313,0,ok
ward.D2,20,0.43,0.42750000000000005,0.12171153623688437,7,7,313,0,ok
ward.D2,20,0.44,0.42000000000000004,0.12171153623688437,7,7,313,0,ok
ward.D2,20,0.45,0.41250000000000003,0.12171153623688437,7,7,313,0,ok
ward.D2,20,0.46,0.405,0.12171153623688437,7,7,313,0,ok
ward.D2,20,0.47000000000000003,0.3975,0.12171153623688437,7,7,313,0,ok
ward.D2,20,0.48000000000000004,0.39,0.12171153623688437,7,7,313,0,ok
ward.D2,20,0.49,0.3825,0.12171153623688437,7,7,313,0,ok
ward.D2,20,0.5,0.375,0.12171153623688437,7,7,313,0,ok
ward.D2,20,0.51,0.3675,0.12171153623688437,7,7,313,0,ok
ward.D2,20,0.52,0.36,0.12171153623688437,7,7,313,0,ok
ward.D2,20,0.53,0.3525,0.12171153623688437,7,7,313,0,ok
ward.D2,20,0.54,0.345,0.12171153623688437,7,7,313,0,ok
ward.D2,20,0.55,0.33749999999999997,0.12171153623688437,7,7,313,0,ok
ward.D2,20,0.56,0.32999999999999996,0.12171153623688437,7,7,313,0,ok
ward.D2,20,0.5700000000000001,0.32249999999999995,0.15386220137684858,8,8,313,0,ok
ward.D2,20,0.5800000000000001,0.31499999999999995,0.15386220137684858,8,8,313,0,ok
ward.D2,20,0.59,0.3075,0.15386220137684858,8,8,313,0,ok
ward.D2,20,0.6,0.30000000000000004,0.15386220137684858,8,8,313,0,ok
ward.D2,20,0.61,0.2925,0.15386220137684858,8,8,313,0,ok
ward.D2,20,0.62,0.28500000000000003,0.15386220137684858,8,8,313,0,ok
ward.D2,20,0.63,0.27749999999999997,0.15386220137684858,8,8,313,0,ok
ward.D2,20,0.64,0.27,0.15386220137684858,8,8,313,0,ok
ward.D2,20,0.65,0.26249999999999996,0.15386220137684858,8,8,313,0,ok
ward.D2,20,0.66,0.255,0.15386220137684858,8,8,313,0,ok
ward.D2,20,0.67,0.24749999999999997,0.15386220137684858,8,8,313,0,ok
ward.D2,20,0.68,0.23999999999999996,0.15386220137684858,8,8,313,0,ok
ward.D2,20,0.6900000000000001,0.23249999999999996,0.15386220137684858,8,8,313,0,ok
ward.D2,20,0.7000000000000001,0.22499999999999995,0.15386220137684858,8,8,313,0,ok
ward.D2,20,0.7100000000000001,0.21749999999999994,0.15386220137684858,8,8,313,0,ok
ward.D2,20,0.72,0.21000000000000002,0.15386220137684858,8,8,313,0,ok
ward.D2,20,0.73,0.2025,0.15386220137684858,8,8,313,0,ok
ward.D2,20,0.74,0.195,0.17137783825887062,9,9,313,0,ok
ward.D2,20,0.75,0.1875,0.17137783825887062,9,9,313,0,ok
ward.D2,20,0.76,0.18,0.17137783825887062,9,9,313,0,ok
ward.D2,20,0.77,0.1725,0.17137783825887062,9,9,313,0,ok
ward.D2,20,0.78,0.16499999999999998,0.17137783825887062,9,9,313,0,ok
ward.D2,20,0.79,0.15749999999999997,0.17137783825887062,9,9,313,0,ok
ward.D2,20,0.8,0.14999999999999997,0.17137783825887062,9,9,313,0,ok
ward.D2,20,0.81,0.14249999999999996,0.17137783825887062,9,9,313,0,ok
ward.D2,20,0.8200000000000001,0.13499999999999995,0.17137783825887062,9,9,313,0,ok
ward.D2,20,0.8300000000000001,0.12749999999999995,0.17137783825887062,9,9,313,0,ok
ward.D2,20,0.8400000000000001,0.11999999999999994,0.17137783825887062,9,9,313,0,ok
ward.D2,20,0.85,0.11250000000000002,0.17137783825887062,9,9,313,0,ok
ward.D2,20,0.86,0.10500000000000001,0.17137783825887062,9,9,313,0,ok
ward.D2,20,0.87,0.0975,0.17137783825887062,9,9,313,0,ok
ward.D2,20,0.88,0.09,0.17137783825887062,9,9,313,0,ok
ward.D2,20,0.89,0.08249999999999999,0.17137783825887062,9,9,313,0,ok
ward.D2,20,0.9,0.07499999999999998,0.17137783825887062,9,9,313,0,ok
ward.D2,20,0.91,0.06749999999999998,0.17137783825887062,9,9,313,0,ok
ward.D2,20,0.92,0.05999999999999997,0.17137783825887062,9,9,313,0,ok
ward.D2,20,0.93,0.05249999999999996,0.17137783825887062,9,9,313,0,ok
ward.D2,20,0.9400000000000001,0.04499999999999996,0.17137783825887062,9,9,313,0,ok
ward.D2,20,0.9500000000000001,0.03749999999999995,0.17137783825887062,9,9,313,0,ok
ward.D2,20,0.9600000000000001,0.029999999999999943,0.17137783825887062,9,9,313,0,ok
ward.D2,20,0.97,0.02250000000000002,0.17137783825887062,9,9,313,0,ok
ward.D2,20,0.98,0.015000000000000013,0.17137783825887062,9,9,313,0,ok
ward.D2,20,0.99,0.007500000000000007,0.17137783825887062,9,9,313,0,ok
ward.D2,20,1,0,0.17137783825887062,9,9,313,0,ok
average,1,0.01,0.7424999999999999,0,313,0,0,313,ok
average,1,0.02,0.735,0,313,0,0,313,ok
average,1,0.03,0.7275,0,313,0,0,313,ok
average,1,0.04,0.72,0,313,0,0,313,ok
average,1,0.05,0.7124999999999999,0,313,0,0,313,ok
average,1,0.060000000000000005,0.705,0,313,0,0,313,ok
average,1,0.06999999999999999,0.6975,0,313,0,0,313,ok
average,1,0.08,0.6900000000000001,0,313,0,0,313,ok
average,1,0.09,0.6825,0,313,0,0,313,ok
average,1,0.09999999999999999,0.675,0,313,0,0,313,ok
average,1,0.11,0.6675,0,313,0,0,313,ok
average,1,0.12,0.66,0,313,0,0,313,ok
average,1,0.13,0.6525,0,313,0,0,313,ok
average,1,0.14,0.645,0,313,0,0,313,ok
average,1,0.15000000000000002,0.6375,0,313,0,0,313,ok
average,1,0.16,0.63,0,313,0,0,313,ok
average,1,0.17,0.6224999999999999,0,313,0,0,313,ok
average,1,0.18000000000000002,0.615,0,313,0,0,313,ok
average,1,0.19,0.6075,0,313,0,0,313,ok
average,1,0.2,0.6000000000000001,0,313,0,0,313,ok
average,1,0.21000000000000002,0.5925,0,313,0,0,313,ok
average,1,0.22,0.585,0,313,0,0,313,ok
average,1,0.23,0.5775,0,313,0,0,313,ok
average,1,0.24000000000000002,0.5700000000000001,0,313,0,0,313,ok
average,1,0.25,0.5625,0,313,0,0,313,ok
average,1,0.26,0.5549999999999999,0,313,0,0,313,ok
average,1,0.27,0.5475,0.026900266557708875,17,4,300,13,ok
average,1,0.28,0.54,0.026900266557708875,17,4,300,13,ok
average,1,0.29000000000000004,0.5325,0.026900266557708875,17,4,300,13,ok
average,1,0.3,0.5249999999999999,0.026900266557708875,17,4,300,13,ok
average,1,0.31,0.5175,0.026900266557708875,17,4,300,13,ok
average,1,0.32,0.51,0.026900266557708875,17,4,300,13,ok
average,1,0.33,0.5025,0.026900266557708875,17,4,300,13,ok
average,1,0.34,0.49499999999999994,0.026900266557708875,17,4,300,13,ok
average,1,0.35000000000000003,0.48749999999999993,0.026900266557708875,17,4,300,13,ok
average,1,0.36000000000000004,0.4799999999999999,0.028060993032584608,8,5,310,3,ok
average,1,0.37,0.47250000000000003,0.028060993032584608,8,5,310,3,ok
average,1,0.38,0.46499999999999997,0.028060993032584608,8,5,310,3,ok
average,1,0.39,0.4575,0.043841183206885966,7,7,313,0,ok
average,1,0.4,0.44999999999999996,0.04337086607877297,10,10,313,0,ok
average,1,0.41000000000000003,0.4425,0.11987534958974601,14,14,313,0,ok
average,1,0.42000000000000004,0.43499999999999994,0.21604874132958907,17,17,313,0,ok
average,1,0.43,0.42750000000000005,0.21604874132958907,17,17,313,0,ok
average,1,0.44,0.42000000000000004,0.16725961863130465,14,14,313,0,ok
average,1,0.45,0.41250000000000003,0.16778609562833408,15,15,313,0,ok
average,1,0.46,0.405,0.16778609562833408,15,15,313,0,ok
average,1,0.47000000000000003,0.3975,0.20689145680858276,19,19,313,0,ok
average,1,0.48000000000000004,0.39,0.21853026474983986,20,20,313,0,ok
average,1,0.49,0.3825,0.21853026474983986,20,20,313,0,ok
average,1,0.5,0.375,0.21853026474983986,20,20,313,0,ok
average,1,0.51,0.3675,0.21853026474983986,20,20,313,0,ok
average,1,0.52,0.36,0.21853026474983986,20,20,313,0,ok
average,1,0.53,0.3525,0.2707282728616798,23,23,313,0,ok
average,1,0.54,0.345,0.28112941685277915,24,24,313,0,ok
average,1,0.55,0.33749999999999997,0.2980375380799875,26,26,313,0,ok
average,1,0.56,0.32999999999999996,0.2980375380799875,26,26,313,0,ok
average,1,0.5700000000000001,0.32249999999999995,0.3118723591415017,29,29,313,0,ok
average,1,0.5800000000000001,0.31499999999999995,0.3118723591415017,29,29,313,0,ok
average,1,0.59,0.3075,0.3366850306206446,32,32,313,0,ok
average,1,0.6,0.30000000000000004,0.3366850306206446,32,32,313,0,ok
average,1,0.61,0.2925,0.34188146507218353,35,35,313,0,ok
average,1,0.62,0.28500000000000003,0.34098855521779753,36,36,313,0,ok
average,1,0.63,0.27749999999999997,0.3825011823525437,39,39,313,0,ok
average,1,0.64,0.27,0.3825011823525437,39,39,313,0,ok
average,1,0.65,0.26249999999999996,0.3831459610491318,43,43,313,0,ok
average,1,0.66,0.255,0.3831459610491318,43,43,313,0,ok
average,1,0.67,0.24749999999999997,0.40908092325170436,45,45,313,0,ok
average,1,0.68,0.23999999999999996,0.3993406851749698,46,46,313,0,ok
average,1,0.6900000000000001,0.23249999999999996,0.3993406851749698,46,46,313,0,ok
average,1,0.7000000000000001,0.22499999999999995,0.39799317188096295,47,47,313,0,ok
average,1,0.7100000000000001,0.21749999999999994,0.4032946479289531,50,50,313,0,ok
average,1,0.72,0.21000000000000002,0.4087659109329949,54,54,313,0,ok
average,1,0.73,0.2025,0.4290603338950367,56,56,313,0,ok
average,1,0.74,0.195,0.4103466038707778,55,55,313,0,ok
average,1,0.75,0.1875,0.4154482863960278,57,57,313,0,ok
average,1,0.76,0.18,0.4145778746553201,60,60,313,0,ok
average,1,0.77,0.1725,0.4553843097540843,62,62,313,0,ok
average,1,0.78,0.16499999999999998,0.45172393419148693,65,65,313,0,ok
average,1,0.79,0.15749999999999997,0.45262431374012074,66,66,313,0,ok
average,1,0.8,0.14999999999999997,0.4442119846131126,67,67,313,0,ok
average,1,0.81,0.14249999999999996,0.4566489917767964,70,70,313,0,ok
average,1,0.8200000000000001,0.13499999999999995,0.4669187032855074,72,72,313,0,ok
average,1,0.8300000000000001,0.12749999999999995,0.4853982778520481,74,74,313,0,ok
average,1,0.8400000000000001,0.11999999999999994,0.4638278222640248,77,77,313,0,ok
average,1,0.85,0.11250000000000002,0.44584709224553587,75,75,313,0,ok
average,1,0.86,0.10500000000000001,0.43683426083786364,79,79,313,0,ok
average,1,0.87,0.0975,0.4633202848784275,82,82,313,0,ok
average,1,0.88,0.09,0.4570386583723667,86,86,313,0,ok
average,1,0.89,0.08249999999999999,0.44539336317372347,89,89,313,0,ok
average,1,0.9,0.07499999999999998,0.4405332027916175,91,91,313,0,ok
average,1,0.91,0.06749999999999998,0.43767775875882575,92,92,313,0,ok
average,1,0.92,0.05999999999999997,0.43474521892716095,93,93,313,0,ok
average,1,0.93,0.05249999999999996,0.43324905572728356,94,94,313,0,ok
average,1,0.9400000000000001,0.04499999999999996,0.4229843218503507,96,96,313,0,ok
average,1,0.9500000000000001,0.03749999999999995,0.42138406777741244,97,97,313,0,ok
average,1,0.9600000000000001,0.029999999999999943,0.4160113977127793,99,99,313,0,ok
average,1,0.97,0.02250000000000002,0.3827655467650139,101,101,313,0,ok
average,1,0.98,0.015000000000000013,0.36455442689281986,105,105,313,0,ok
average,1,0.99,0.007500000000000007,0.36455442689281986,105,105,313,0,ok
average,1,1,0,0.36455442689281986,105,105,313,0,ok
average,2,0.01,0.7424999999999999,0,313,0,0,313,ok
average,2,0.02,0.735,0,313,0,0,313,ok
average,2,0.03,0.7275,0,313,0,0,313,ok
average,2,0.04,0.72,0,313,0,0,313,ok
average,2,0.05,0.7124999999999999,0,313,0,0,313,ok
average,2,0.060000000000000005,0.705,0,313,0,0,313,ok
average,2,0.06999999999999999,0.6975,0,313,0,0,313,ok
average,2,0.08,0.6900000000000001,0,313,0,0,313,ok
average,2,0.09,0.6825,0,313,0,0,313,ok
average,2,0.09999999999999999,0.675,0,313,0,0,313,ok
average,2,0.11,0.6675,0,313,0,0,313,ok
average,2,0.12,0.66,0,313,0,0,313,ok
average,2,0.13,0.6525,0,313,0,0,313,ok
average,2,0.14,0.645,0,313,0,0,313,ok
average,2,0.15000000000000002,0.6375,0,313,0,0,313,ok
average,2,0.16,0.63,0,313,0,0,313,ok
average,2,0.17,0.6224999999999999,0,313,0,0,313,ok
average,2,0.18000000000000002,0.615,0,313,0,0,313,ok
average,2,0.19,0.6075,0,313,0,0,313,ok
average,2,0.2,0.6000000000000001,0,313,0,0,313,ok
average,2,0.21000000000000002,0.5925,0,313,0,0,313,ok
average,2,0.22,0.585,0,313,0,0,313,ok
average,2,0.23,0.5775,0,313,0,0,313,ok
average,2,0.24000000000000002,0.5700000000000001,0,313,0,0,313,ok
average,2,0.25,0.5625,0,313,0,0,313,ok
average,2,0.26,0.5549999999999999,0,313,0,0,313,ok
average,2,0.27,0.5475,0,313,0,0,313,ok
average,2,0.28,0.54,0,313,0,0,313,ok
average,2,0.29000000000000004,0.5325,0,313,0,0,313,ok
average,2,0.3,0.5249999999999999,0.026900266557708875,17,4,300,13,ok
average,2,0.31,0.5175,0.026900266557708875,17,4,300,13,ok
average,2,0.32,0.51,0.04910052388115966,18,6,301,12,ok
average,2,0.33,0.5025,0.04910052388115966,18,6,301,12,ok
average,2,0.34,0.49499999999999994,0.05394549570703306,19,7,301,12,ok
average,2,0.35000000000000003,0.48749999999999993,0.026900266557708875,17,4,300,13,ok
average,2,0.36000000000000004,0.4799999999999999,0.028060993032584608,8,5,310,3,ok
average,2,0.37,0.47250000000000003,0.028060993032584608,8,5,310,3,ok
average,2,0.38,0.46499999999999997,0.028060993032584608,8,5,310,3,ok
average,2,0.39,0.4575,0.034978358693612197,11,9,311,2,ok
average,2,0.4,0.44999999999999996,0.034978358693612197,11,9,311,2,ok
average,2,0.41000000000000003,0.4425,0.06065738174079719,11,10,312,1,ok
average,2,0.42000000000000004,0.43499999999999994,0.15028305991709048,14,13,312,1,ok
average,2,0.43,0.42750000000000005,0.15028305991709048,14,13,312,1,ok
average,2,0.44,0.42000000000000004,0.10580476899438719,12,11,312,1,ok
average,2,0.45,0.41250000000000003,0.10608413480857445,13,12,312,1,ok
average,2,0.46,0.405,0.10608413480857445,13,12,312,1,ok
average,2,0.47000000000000003,0.3975,0.10608413480857445,13,12,312,1,ok
average,2,0.48000000000000004,0.39,0.10608413480857445,13,12,312,1,ok
average,2,0.49,0.3825,0.1333015201270854,16,15,312,1,ok
average,2,0.5,0.375,0.1369500793226916,17,16,312,1,ok
average,2,0.51,0.3675,0.1369500793226916,17,16,312,1,ok
average,2,0.52,0.36,0.18890958516183867,19,18,312,1,ok
average,2,0.53,0.3525,0.2415285402821193,22,21,312,1,ok
average,2,0.54,0.345,0.2415285402821193,22,21,312,1,ok
average,2,0.55,0.33749999999999997,0.2762403181677785,23,23,313,0,ok
average,2,0.56,0.32999999999999996,0.3049048943024847,26,26,313,0,ok
average,2,0.5700000000000001,0.32249999999999995,0.2989104308826308,26,26,313,0,ok
average,2,0.5800000000000001,0.31499999999999995,0.2989104308826308,26,26,313,0,ok
average,2,0.59,0.3075,0.3011407760215198,27,27,313,0,ok
average,2,0.6,0.30000000000000004,0.3381632175802785,30,30,313,0,ok
average,2,0.61,0.2925,0.3637954385509841,34,34,313,0,ok
average,2,0.62,0.28500000000000003,0.3637954385509841,34,34,313,0,ok
average,2,0.63,0.27749999999999997,0.3637954385509841,34,34,313,0,ok
average,2,0.64,0.27,0.37435692869360865,37,37,313,0,ok
average,2,0.65,0.26249999999999996,0.37869839338570643,38,38,313,0,ok
average,2,0.66,0.255,0.37869839338570643,38,38,313,0,ok
average,2,0.67,0.24749999999999997,0.40345961673240727,40,40,313,0,ok
average,2,0.68,0.23999999999999996,0.40345961673240727,40,40,313,0,ok
average,2,0.6900000000000001,0.23249999999999996,0.40345961673240727,40,40,313,0,ok
average,2,0.7000000000000001,0.22499999999999995,0.4002115643223593,42,42,313,0,ok
average,2,0.7100000000000001,0.21749999999999994,0.41429577938019635,44,44,313,0,ok
average,2,0.72,0.21000000000000002,0.3942012928628347,46,46,313,0,ok
average,2,0.73,0.2025,0.39987339320960374,47,47,313,0,ok
average,2,0.74,0.195,0.40124863998940735,48,48,313,0,ok
average,2,0.75,0.1875,0.4325098807192451,51,51,313,0,ok
average,2,0.76,0.18,0.4235693952245396,53,53,313,0,ok
average,2,0.77,0.1725,0.4398724650025037,57,57,313,0,ok
average,2,0.78,0.16499999999999998,0.4251024392069303,61,61,313,0,ok
average,2,0.79,0.15749999999999997,0.44260051297257724,64,64,313,0,ok
average,2,0.8,0.14999999999999997,0.4344926021612319,65,65,313,0,ok
average,2,0.81,0.14249999999999996,0.470438251481395,66,66,313,0,ok
average,2,0.8200000000000001,0.13499999999999995,0.46901113008791745,68,68,313,0,ok
average,2,0.8300000000000001,0.12749999999999995,0.4843792846855984,71,71,313,0,ok
average,2,0.8400000000000001,0.11999999999999994,0.4837765719598101,75,75,313,0,ok
average,2,0.85,0.11250000000000002,0.45031636880127535,72,72,313,0,ok
average,2,0.86,0.10500000000000001,0.4653329333814691,73,73,313,0,ok
average,2,0.87,0.0975,0.4858570560026478,77,77,313,0,ok
average,2,0.88,0.09,0.47493439265136417,84,84,313,0,ok
average,2,0.89,0.08249999999999999,0.4638626569379405,87,87,313,0,ok
average,2,0.9,0.07499999999999998,0.45802385011208113,90,90,313,0,ok
average,2,0.91,0.06749999999999998,0.45545275151239795,91,91,313,0,ok
average,2,0.92,0.05999999999999997,0.45281361212668403,92,92,313,0,ok
average,2,0.93,0.05249999999999996,0.43474521892716095,93,93,313,0,ok
average,2,0.9400000000000001,0.04499999999999996,0.4229843218503507,96,96,313,0,ok
average,2,0.9500000000000001,0.03749999999999995,0.42138406777741244,97,97,313,0,ok
average,2,0.9600000000000001,0.029999999999999943,0.4160113977127793,99,99,313,0,ok
average,2,0.97,0.02250000000000002,0.4084585630008151,100,100,313,0,ok
average,2,0.98,0.015000000000000013,0.3909408375363382,104,104,313,0,ok
average,2,0.99,0.007500000000000007,0.36455442689281986,105,105,313,0,ok
average,2,1,0,0.36455442689281986,105,105,313,0,ok
average,5,0.01,0.7424999999999999,0,313,0,0,313,ok
average,5,0.02,0.735,0,313,0,0,313,ok
average,5,0.03,0.7275,0,313,0,0,313,ok
average,5,0.04,0.72,0,313,0,0,313,ok
average,5,0.05,0.7124999999999999,0,313,0,0,313,ok
average,5,0.060000000000000005,0.705,0,313,0,0,313,ok
average,5,0.06999999999999999,0.6975,0,313,0,0,313,ok
average,5,0.08,0.6900000000000001,0,313,0,0,313,ok
average,5,0.09,0.6825,0,313,0,0,313,ok
average,5,0.09999999999999999,0.675,0,313,0,0,313,ok
average,5,0.11,0.6675,0,313,0,0,313,ok
average,5,0.12,0.66,0,313,0,0,313,ok
average,5,0.13,0.6525,0,313,0,0,313,ok
average,5,0.14,0.645,0,313,0,0,313,ok
average,5,0.15000000000000002,0.6375,0,313,0,0,313,ok
average,5,0.16,0.63,0,313,0,0,313,ok
average,5,0.17,0.6224999999999999,0,313,0,0,313,ok
average,5,0.18000000000000002,0.615,0,313,0,0,313,ok
average,5,0.19,0.6075,0,313,0,0,313,ok
average,5,0.2,0.6000000000000001,0,313,0,0,313,ok
average,5,0.21000000000000002,0.5925,0,313,0,0,313,ok
average,5,0.22,0.585,0,313,0,0,313,ok
average,5,0.23,0.5775,0,313,0,0,313,ok
average,5,0.24000000000000002,0.5700000000000001,0,313,0,0,313,ok
average,5,0.25,0.5625,0,313,0,0,313,ok
average,5,0.26,0.5549999999999999,0,313,0,0,313,ok
average,5,0.27,0.5475,0,313,0,0,313,ok
average,5,0.28,0.54,0,313,0,0,313,ok
average,5,0.29000000000000004,0.5325,0,313,0,0,313,ok
average,5,0.3,0.5249999999999999,0,313,0,0,313,ok
average,5,0.31,0.5175,0.0015722617771156062,11,1,303,10,ok
average,5,0.32,0.51,0.00462179079583701,12,2,303,10,ok
average,5,0.33,0.5025,0.00462179079583701,12,2,303,10,ok
average,5,0.34,0.49499999999999994,0,313,0,0,313,ok
average,5,0.35000000000000003,0.48749999999999993,0.03033135851406138,17,3,299,14,ok
average,5,0.36000000000000004,0.4799999999999999,0,313,0,0,313,ok
average,5,0.37,0.47250000000000003,0.024028308409361786,31,3,285,28,ok
average,5,0.38,0.46499999999999997,0.024028308409361786,31,3,285,28,ok
average,5,0.39,0.4575,0.0710588453660671,17,6,302,11,ok
average,5,0.4,0.44999999999999996,0.0710588453660671,17,6,302,11,ok
average,5,0.41000000000000003,0.4425,0.0710588453660671,17,6,302,11,ok
average,5,0.42000000000000004,0.43499999999999994,0.07238290110831365,18,7,302,11,ok
average,5,0.43,0.42750000000000005,0.07238290110831365,18,7,302,11,ok
average,5,0.44,0.42000000000000004,0.07238290110831365,18,7,302,11,ok
average,5,0.45,0.41250000000000003,0.07238290110831365,18,7,302,11,ok
average,5,0.46,0.405,0.07238290110831365,18,7,302,11,ok
average,5,0.47000000000000003,0.3975,0.07238290110831365,18,7,302,11,ok
average,5,0.48000000000000004,0.39,0.07238290110831365,18,7,302,11,ok
average,5,0.49,0.3825,0.07913191932363396,19,8,302,11,ok
average,5,0.5,0.375,0.10352873000004549,20,9,302,11,ok
average,5,0.51,0.3675,0.10588670750890163,11,10,312,1,ok
average,5,0.52,0.36,0.10588670750890163,11,10,312,1,ok
average,5,0.53,0.3525,0.1857957372953957,13,13,313,0,ok
average,5,0.54,0.345,0.1857957372953957,13,13,313,0,ok
average,5,0.55,0.33749999999999997,0.19745032278132998,15,15,313,0,ok
average,5,0.56,0.32999999999999996,0.2733976185046757,18,18,313,0,ok
average,5,0.5700000000000001,0.32249999999999995,0.2733976185046757,18,18,313,0,ok
average,5,0.5800000000000001,0.31499999999999995,0.2821421486344926,19,19,313,0,ok
average,5,0.59,0.3075,0.2821421486344926,19,19,313,0,ok
average,5,0.6,0.30000000000000004,0.2821421486344926,19,19,313,0,ok
average,5,0.61,0.2925,0.28385158694104956,20,20,313,0,ok
average,5,0.62,0.28500000000000003,0.28385158694104956,20,20,313,0,ok
average,5,0.63,0.27749999999999997,0.311834662609326,21,21,313,0,ok
average,5,0.64,0.27,0.311834662609326,21,21,313,0,ok
average,5,0.65,0.26249999999999996,0.311834662609326,21,21,313,0,ok
average,5,0.66,0.255,0.30073626248333124,20,20,313,0,ok
average,5,0.67,0.24749999999999997,0.3079378224815984,21,21,313,0,ok
average,5,0.68,0.23999999999999996,0.3079378224815984,21,21,313,0,ok
average,5,0.6900000000000001,0.23249999999999996,0.32061785837886125,22,22,313,0,ok
average,5,0.7000000000000001,0.22499999999999995,0.3318215016387738,24,24,313,0,ok
average,5,0.7100000000000001,0.21749999999999994,0.35003037849823776,26,26,313,0,ok
average,5,0.72,0.21000000000000002,0.35003037849823776,26,26,313,0,ok
average,5,0.73,0.2025,0.35003037849823776,26,26,313,0,ok
average,5,0.74,0.195,0.35003037849823776,26,26,313,0,ok
average,5,0.75,0.1875,0.3673262673715414,27,27,313,0,ok
average,5,0.76,0.18,0.38296518661558754,29,29,313,0,ok
average,5,0.77,0.1725,0.38296518661558754,29,29,313,0,ok
average,5,0.78,0.16499999999999998,0.38296518661558754,29,29,313,0,ok
average,5,0.79,0.15749999999999997,0.38296518661558754,29,29,313,0,ok
average,5,0.8,0.14999999999999997,0.38296518661558754,29,29,313,0,ok
average,5,0.81,0.14249999999999996,0.41043675588714823,30,30,313,0,ok
average,5,0.8200000000000001,0.13499999999999995,0.41043675588714823,30,30,313,0,ok
average,5,0.8300000000000001,0.12749999999999995,0.41043675588714823,30,30,313,0,ok
average,5,0.8400000000000001,0.11999999999999994,0.4093764769487514,30,30,313,0,ok
average,5,0.85,0.11250000000000002,0.4093764769487514,30,30,313,0,ok
average,5,0.86,0.10500000000000001,0.4093764769487514,30,30,313,0,ok
average,5,0.87,0.0975,0.4093764769487514,30,30,313,0,ok
average,5,0.88,0.09,0.40022832437248773,32,32,313,0,ok
average,5,0.89,0.08249999999999999,0.40263616182894746,32,32,313,0,ok
average,5,0.9,0.07499999999999998,0.40263616182894746,32,32,313,0,ok
average,5,0.91,0.06749999999999998,0.40263616182894746,32,32,313,0,ok
average,5,0.92,0.05999999999999997,0.40263616182894746,32,32,313,0,ok
average,5,0.93,0.05249999999999996,0.40906993441657613,33,33,313,0,ok
average,5,0.9400000000000001,0.04499999999999996,0.40906993441657613,33,33,313,0,ok
average,5,0.9500000000000001,0.03749999999999995,0.40906993441657613,33,33,313,0,ok
average,5,0.9600000000000001,0.029999999999999943,0.40906993441657613,33,33,313,0,ok
average,5,0.97,0.02250000000000002,0.40906993441657613,33,33,313,0,ok
average,5,0.98,0.015000000000000013,0.40906993441657613,33,33,313,0,ok
average,5,0.99,0.007500000000000007,0.40906993441657613,33,33,313,0,ok
average,5,1,0,0.40906993441657613,33,33,313,0,ok
average,10,0.01,0.7424999999999999,0,313,0,0,313,ok
average,10,0.02,0.735,0,313,0,0,313,ok
average,10,0.03,0.7275,0,313,0,0,313,ok
average,10,0.04,0.72,0,313,0,0,313,ok
average,10,0.05,0.7124999999999999,0,313,0,0,313,ok
average,10,0.060000000000000005,0.705,0,313,0,0,313,ok
average,10,0.06999999999999999,0.6975,0,313,0,0,313,ok
average,10,0.08,0.6900000000000001,0,313,0,0,313,ok
average,10,0.09,0.6825,0,313,0,0,313,ok
average,10,0.09999999999999999,0.675,0,313,0,0,313,ok
average,10,0.11,0.6675,0,313,0,0,313,ok
average,10,0.12,0.66,0,313,0,0,313,ok
average,10,0.13,0.6525,0,313,0,0,313,ok
average,10,0.14,0.645,0,313,0,0,313,ok
average,10,0.15000000000000002,0.6375,0,313,0,0,313,ok
average,10,0.16,0.63,0,313,0,0,313,ok
average,10,0.17,0.6224999999999999,0,313,0,0,313,ok
average,10,0.18000000000000002,0.615,0,313,0,0,313,ok
average,10,0.19,0.6075,0,313,0,0,313,ok
average,10,0.2,0.6000000000000001,0,313,0,0,313,ok
average,10,0.21000000000000002,0.5925,0,313,0,0,313,ok
average,10,0.22,0.585,0,313,0,0,313,ok
average,10,0.23,0.5775,0,313,0,0,313,ok
average,10,0.24000000000000002,0.5700000000000001,0,313,0,0,313,ok
average,10,0.25,0.5625,0,313,0,0,313,ok
average,10,0.26,0.5549999999999999,0,313,0,0,313,ok
average,10,0.27,0.5475,0,313,0,0,313,ok
average,10,0.28,0.54,0,313,0,0,313,ok
average,10,0.29000000000000004,0.5325,0,313,0,0,313,ok
average,10,0.3,0.5249999999999999,0.0015722617771156062,11,1,303,10,ok
average,10,0.31,0.5175,0.0015722617771156062,11,1,303,10,ok
average,10,0.32,0.51,0.0015722617771156062,11,1,303,10,ok
average,10,0.33,0.5025,0.0015722617771156062,11,1,303,10,ok
average,10,0.34,0.49499999999999994,0.0015722617771156062,11,1,303,10,ok
average,10,0.35000000000000003,0.48749999999999993,0.0015722617771156062,11,1,303,10,ok
average,10,0.36000000000000004,0.4799999999999999,0,313,0,0,313,ok
average,10,0.37,0.47250000000000003,0,313,0,0,313,ok
average,10,0.38,0.46499999999999997,0,313,0,0,313,ok
average,10,0.39,0.4575,0,313,0,0,313,ok
average,10,0.4,0.44999999999999996,0,313,0,0,313,ok
average,10,0.41000000000000003,0.4425,0,313,0,0,313,ok
average,10,0.42000000000000004,0.43499999999999994,0.04581168613864604,16,3,300,13,ok
average,10,0.43,0.42750000000000005,0.051915560085476924,17,4,300,13,ok
average,10,0.44,0.42000000000000004,0.06667242997058606,16,5,302,11,ok
average,10,0.45,0.41250000000000003,0.06667242997058606,16,5,302,11,ok
average,10,0.46,0.405,0.06667242997058606,16,5,302,11,ok
average,10,0.47000000000000003,0.3975,0.06667242997058606,16,5,302,11,ok
average,10,0.48000000000000004,0.39,0.06667242997058606,16,5,302,11,ok
average,10,0.49,0.3825,0.06667242997058606,16,5,302,11,ok
average,10,0.5,0.375,0.06721817565857915,16,5,302,11,ok
average,10,0.51,0.3675,0.08303661843007872,17,6,302,11,ok
average,10,0.52,0.36,0.08303661843007872,17,6,302,11,ok
average,10,0.53,0.3525,0.08267671643013944,17,6,302,11,ok
average,10,0.54,0.345,0.08267671643013944,17,6,302,11,ok
average,10,0.55,0.33749999999999997,0.08267671643013944,17,6,302,11,ok
average,10,0.56,0.32999999999999996,0.08469074319705733,8,7,312,1,ok
average,10,0.5700000000000001,0.32249999999999995,0.1333589942330636,8,8,313,0,ok
average,10,0.5800000000000001,0.31499999999999995,0.1333589942330636,8,8,313,0,ok
average,10,0.59,0.3075,0.1565844350629283,9,9,313,0,ok
average,10,0.6,0.30000000000000004,0.1565844350629283,9,9,313,0,ok
average,10,0.61,0.2925,0.1936266950146481,10,10,313,0,ok
average,10,0.62,0.28500000000000003,0.1936266950146481,10,10,313,0,ok
average,10,0.63,0.27749999999999997,0.21694306175066086,11,11,313,0,ok
average,10,0.64,0.27,0.21694306175066086,11,11,313,0,ok
average,10,0.65,0.26249999999999996,0.21702280808352337,11,11,313,0,ok
average,10,0.66,0.255,0.21702280808352337,11,11,313,0,ok
average,10,0.67,0.24749999999999997,0.21702280808352337,11,11,313,0,ok
average,10,0.68,0.23999999999999996,0.21702280808352337,11,11,313,0,ok
average,10,0.6900000000000001,0.23249999999999996,0.2256206794989518,12,12,313,0,ok
average,10,0.7000000000000001,0.22499999999999995,0.23742168112964993,13,13,313,0,ok
average,10,0.7100000000000001,0.21749999999999994,0.23742168112964993,13,13,313,0,ok
average,10,0.72,0.21000000000000002,0.2539585848970021,14,14,313,0,ok
average,10,0.73,0.2025,0.2539585848970021,14,14,313,0,ok
average,10,0.74,0.195,0.2539585848970021,14,14,313,0,ok
average,10,0.75,0.1875,0.2539585848970021,14,14,313,0,ok
average,10,0.76,0.18,0.2539585848970021,14,14,313,0,ok
average,10,0.77,0.1725,0.2539585848970021,14,14,313,0,ok
average,10,0.78,0.16499999999999998,0.2539585848970021,14,14,313,0,ok
average,10,0.79,0.15749999999999997,0.2539585848970021,14,14,313,0,ok
average,10,0.8,0.14999999999999997,0.2539585848970021,14,14,313,0,ok
average,10,0.81,0.14249999999999996,0.2539585848970021,14,14,313,0,ok
average,10,0.8200000000000001,0.13499999999999995,0.2539585848970021,14,14,313,0,ok
average,10,0.8300000000000001,0.12749999999999995,0.2821746986916254,15,15,313,0,ok
average,10,0.8400000000000001,0.11999999999999994,0.2821746986916254,15,15,313,0,ok
average,10,0.85,0.11250000000000002,0.2821746986916254,15,15,313,0,ok
average,10,0.86,0.10500000000000001,0.2821746986916254,15,15,313,0,ok
average,10,0.87,0.0975,0.2821746986916254,15,15,313,0,ok
average,10,0.88,0.09,0.2821746986916254,15,15,313,0,ok
average,10,0.89,0.08249999999999999,0.2821746986916254,15,15,313,0,ok
average,10,0.9,0.07499999999999998,0.2821746986916254,15,15,313,0,ok
average,10,0.91,0.06749999999999998,0.2821746986916254,15,15,313,0,ok
average,10,0.92,0.05999999999999997,0.2821746986916254,15,15,313,0,ok
average,10,0.93,0.05249999999999996,0.2821746986916254,15,15,313,0,ok
average,10,0.9400000000000001,0.04499999999999996,0.2821746986916254,15,15,313,0,ok
average,10,0.9500000000000001,0.03749999999999995,0.2821746986916254,15,15,313,0,ok
average,10,0.9600000000000001,0.029999999999999943,0.2821746986916254,15,15,313,0,ok
average,10,0.97,0.02250000000000002,0.2821746986916254,15,15,313,0,ok
average,10,0.98,0.015000000000000013,0.2821746986916254,15,15,313,0,ok
average,10,0.99,0.007500000000000007,0.2821746986916254,15,15,313,0,ok
average,10,1,0,0.2821746986916254,15,15,313,0,ok
average,15,0.01,0.7424999999999999,0,313,0,0,313,ok
average,15,0.02,0.735,0,313,0,0,313,ok
average,15,0.03,0.7275,0,313,0,0,313,ok
average,15,0.04,0.72,0,313,0,0,313,ok
average,15,0.05,0.7124999999999999,0,313,0,0,313,ok
average,15,0.060000000000000005,0.705,0,313,0,0,313,ok
average,15,0.06999999999999999,0.6975,0,313,0,0,313,ok
average,15,0.08,0.6900000000000001,0,313,0,0,313,ok
average,15,0.09,0.6825,0,313,0,0,313,ok
average,15,0.09999999999999999,0.675,0,313,0,0,313,ok
average,15,0.11,0.6675,0,313,0,0,313,ok
average,15,0.12,0.66,0,313,0,0,313,ok
average,15,0.13,0.6525,0,313,0,0,313,ok
average,15,0.14,0.645,0,313,0,0,313,ok
average,15,0.15000000000000002,0.6375,0,313,0,0,313,ok
average,15,0.16,0.63,0,313,0,0,313,ok
average,15,0.17,0.6224999999999999,0,313,0,0,313,ok
average,15,0.18000000000000002,0.615,0,313,0,0,313,ok
average,15,0.19,0.6075,0,313,0,0,313,ok
average,15,0.2,0.6000000000000001,0,313,0,0,313,ok
average,15,0.21000000000000002,0.5925,0,313,0,0,313,ok
average,15,0.22,0.585,0,313,0,0,313,ok
average,15,0.23,0.5775,0,313,0,0,313,ok
average,15,0.24000000000000002,0.5700000000000001,0,313,0,0,313,ok
average,15,0.25,0.5625,0,313,0,0,313,ok
average,15,0.26,0.5549999999999999,0,313,0,0,313,ok
average,15,0.27,0.5475,0,313,0,0,313,ok
average,15,0.28,0.54,0,313,0,0,313,ok
average,15,0.29000000000000004,0.5325,0,313,0,0,313,ok
average,15,0.3,0.5249999999999999,0.0015722617771156062,11,1,303,10,ok
average,15,0.31,0.5175,0.0015722617771156062,11,1,303,10,ok
average,15,0.32,0.51,0.0015722617771156062,11,1,303,10,ok
average,15,0.33,0.5025,0.0015722617771156062,11,1,303,10,ok
average,15,0.34,0.49499999999999994,0.0015722617771156062,11,1,303,10,ok
average,15,0.35000000000000003,0.48749999999999993,0.0015722617771156062,11,1,303,10,ok
average,15,0.36000000000000004,0.4799999999999999,0.0015722617771156062,11,1,303,10,ok
average,15,0.37,0.47250000000000003,0.0015722617771156062,11,1,303,10,ok
average,15,0.38,0.46499999999999997,0.0015722617771156062,11,1,303,10,ok
average,15,0.39,0.4575,0.0015722617771156062,11,1,303,10,ok
average,15,0.4,0.44999999999999996,0.0015722617771156062,11,1,303,10,ok
average,15,0.41000000000000003,0.4425,0.0015722617771156062,11,1,303,10,ok
average,15,0.42000000000000004,0.43499999999999994,0.02571659713930966,16,2,299,14,ok
average,15,0.43,0.42750000000000005,0.02571659713930966,16,2,299,14,ok
average,15,0.44,0.42000000000000004,0.02571659713930966,16,2,299,14,ok
average,15,0.45,0.41250000000000003,0.04581168613864604,16,3,300,13,ok
average,15,0.46,0.405,0.04581168613864604,16,3,300,13,ok
average,15,0.47000000000000003,0.3975,0.04581168613864604,16,3,300,13,ok
average,15,0.48000000000000004,0.39,0.047785612939641606,16,3,300,13,ok
average,15,0.49,0.3825,0.047785612939641606,16,3,300,13,ok
average,15,0.5,0.375,0.048026219136510055,16,3,300,13,ok
average,15,0.51,0.3675,0.048026219136510055,16,3,300,13,ok
average,15,0.52,0.36,0.06180757514055352,15,4,302,11,ok
average,15,0.53,0.3525,0.06210263273670909,15,4,302,11,ok
average,15,0.54,0.345,0.07591209521083078,16,5,302,11,ok
average,15,0.55,0.33749999999999997,0.07591209521083078,16,5,302,11,ok
average,15,0.56,0.32999999999999996,0.07591209521083078,16,5,302,11,ok
average,15,0.5700000000000001,0.32249999999999995,0.07591209521083078,16,5,302,11,ok
average,15,0.5800000000000001,0.31499999999999995,0.07591209521083078,16,5,302,11,ok
average,15,0.59,0.3075,0.07591209521083078,16,5,302,11,ok
average,15,0.6,0.30000000000000004,0.104559167039767,17,6,302,11,ok
average,15,0.61,0.2925,0.15125740517790714,17,7,303,10,ok
average,15,0.62,0.28500000000000003,0.15125740517790714,17,7,303,10,ok
average,15,0.63,0.27749999999999997,0.1658419612490676,18,8,303,10,ok
average,15,0.64,0.27,0.1658419612490676,18,8,303,10,ok
average,15,0.65,0.26249999999999996,0.1691480143643386,18,8,303,10,ok
average,15,0.66,0.255,0.1691480143643386,18,8,303,10,ok
average,15,0.67,0.24749999999999997,0.1691480143643386,18,8,303,10,ok
average,15,0.68,0.23999999999999996,0.19327541239086032,19,9,303,10,ok
average,15,0.6900000000000001,0.23249999999999996,0.19327541239086032,19,9,303,10,ok
average,15,0.7000000000000001,0.22499999999999995,0.2008800862557905,20,10,303,10,ok
average,15,0.7100000000000001,0.21749999999999994,0.2008800862557905,20,10,303,10,ok
average,15,0.72,0.21000000000000002,0.2008800862557905,20,10,303,10,ok
average,15,0.73,0.2025,0.2008800862557905,20,10,303,10,ok
average,15,0.74,0.195,0.2008800862557905,20,10,303,10,ok
average,15,0.75,0.1875,0.2008800862557905,20,10,303,10,ok
average,15,0.76,0.18,0.2008800862557905,20,10,303,10,ok
average,15,0.77,0.1725,0.2008800862557905,20,10,303,10,ok
average,15,0.78,0.16499999999999998,0.2008800862557905,20,10,303,10,ok
average,15,0.79,0.15749999999999997,0.2008800862557905,20,10,303,10,ok
average,15,0.8,0.14999999999999997,0.2008800862557905,20,10,303,10,ok
average,15,0.81,0.14249999999999996,0.2008800862557905,20,10,303,10,ok
average,15,0.8200000000000001,0.13499999999999995,0.2008800862557905,20,10,303,10,ok
average,15,0.8300000000000001,0.12749999999999995,0.2008800862557905,20,10,303,10,ok
average,15,0.8400000000000001,0.11999999999999994,0.2008800862557905,20,10,303,10,ok
average,15,0.85,0.11250000000000002,0.2008800862557905,20,10,303,10,ok
average,15,0.86,0.10500000000000001,0.2008800862557905,20,10,303,10,ok
average,15,0.87,0.0975,0.20034501212772732,20,10,303,10,ok
average,15,0.88,0.09,0.20034501212772732,20,10,303,10,ok
average,15,0.89,0.08249999999999999,0.2019527360026179,20,10,303,10,ok
average,15,0.9,0.07499999999999998,0.2019527360026179,20,10,303,10,ok
average,15,0.91,0.06749999999999998,0.2019527360026179,20,10,303,10,ok
average,15,0.92,0.05999999999999997,0.2019527360026179,20,10,303,10,ok
average,15,0.93,0.05249999999999996,0.2019527360026179,20,10,303,10,ok
average,15,0.9400000000000001,0.04499999999999996,0.2019527360026179,20,10,303,10,ok
average,15,0.9500000000000001,0.03749999999999995,0.2019527360026179,20,10,303,10,ok
average,15,0.9600000000000001,0.029999999999999943,0.2019527360026179,20,10,303,10,ok
average,15,0.97,0.02250000000000002,0.2019527360026179,20,10,303,10,ok
average,15,0.98,0.015000000000000013,0.2019527360026179,20,10,303,10,ok
average,15,0.99,0.007500000000000007,0.2019527360026179,20,10,303,10,ok
average,15,1,0,0.2019527360026179,20,10,303,10,ok
average,20,0.01,0.7424999999999999,0,313,0,0,313,ok
average,20,0.02,0.735,0,313,0,0,313,ok
average,20,0.03,0.7275,0,313,0,0,313,ok
average,20,0.04,0.72,0,313,0,0,313,ok
average,20,0.05,0.7124999999999999,0,313,0,0,313,ok
average,20,0.060000000000000005,0.705,0,313,0,0,313,ok
average,20,0.06999999999999999,0.6975,0,313,0,0,313,ok
average,20,0.08,0.6900000000000001,0,313,0,0,313,ok
average,20,0.09,0.6825,0,313,0,0,313,ok
average,20,0.09999999999999999,0.675,0,313,0,0,313,ok
average,20,0.11,0.6675,0,313,0,0,313,ok
average,20,0.12,0.66,0,313,0,0,313,ok
average,20,0.13,0.6525,0,313,0,0,313,ok
average,20,0.14,0.645,0,313,0,0,313,ok
average,20,0.15000000000000002,0.6375,0,313,0,0,313,ok
average,20,0.16,0.63,0,313,0,0,313,ok
average,20,0.17,0.6224999999999999,0,313,0,0,313,ok
average,20,0.18000000000000002,0.615,0,313,0,0,313,ok
average,20,0.19,0.6075,0,313,0,0,313,ok
average,20,0.2,0.6000000000000001,0,313,0,0,313,ok
average,20,0.21000000000000002,0.5925,0,313,0,0,313,ok
average,20,0.22,0.585,0,313,0,0,313,ok
average,20,0.23,0.5775,0,313,0,0,313,ok
average,20,0.24000000000000002,0.5700000000000001,0,313,0,0,313,ok
average,20,0.25,0.5625,0,313,0,0,313,ok
average,20,0.26,0.5549999999999999,0,313,0,0,313,ok
average,20,0.27,0.5475,0,313,0,0,313,ok
average,20,0.28,0.54,0,313,0,0,313,ok
average,20,0.29000000000000004,0.5325,0,313,0,0,313,ok
average,20,0.3,0.5249999999999999,0,313,0,0,313,ok
average,20,0.31,0.5175,0,313,0,0,313,ok
average,20,0.32,0.51,0,313,0,0,313,ok
average,20,0.33,0.5025,0,313,0,0,313,ok
average,20,0.34,0.49499999999999994,0.0015722617771156062,11,1,303,10,ok
average,20,0.35000000000000003,0.48749999999999993,0.0015722617771156062,11,1,303,10,ok
average,20,0.36000000000000004,0.4799999999999999,0.0015722617771156062,11,1,303,10,ok
average,20,0.37,0.47250000000000003,0.0015722617771156062,11,1,303,10,ok
average,20,0.38,0.46499999999999997,0.0015722617771156062,11,1,303,10,ok
average,20,0.39,0.4575,0.0015722617771156062,11,1,303,10,ok
average,20,0.4,0.44999999999999996,0.0015722617771156062,11,1,303,10,ok
average,20,0.41000000000000003,0.4425,0.0015722617771156062,11,1,303,10,ok
average,20,0.42000000000000004,0.43499999999999994,0.0015722617771156062,11,1,303,10,ok
average,20,0.43,0.42750000000000005,0.0015722617771156062,11,1,303,10,ok
average,20,0.44,0.42000000000000004,0.0015722617771156062,11,1,303,10,ok
average,20,0.45,0.41250000000000003,0.02571659713930966,16,2,299,14,ok
average,20,0.46,0.405,0.02571659713930966,16,2,299,14,ok
average,20,0.47000000000000003,0.3975,0.02571659713930966,16,2,299,14,ok
average,20,0.48000000000000004,0.39,0.02571659713930966,16,2,299,14,ok
average,20,0.49,0.3825,0.02571659713930966,16,2,299,14,ok
average,20,0.5,0.375,0.02585520297626424,16,2,299,14,ok
average,20,0.51,0.3675,0.02585520297626424,16,2,299,14,ok
average,20,0.52,0.36,0.04601461977948161,16,3,300,13,ok
average,20,0.53,0.3525,0.046560607570154726,16,3,300,13,ok
average,20,0.54,0.345,0.048539991539016024,16,3,300,13,ok
average,20,0.55,0.33749999999999997,0.06116669271752313,16,4,301,12,ok
average,20,0.56,0.32999999999999996,0.07591209521083078,16,5,302,11,ok
average,20,0.5700000000000001,0.32249999999999995,0.07591209521083078,16,5,302,11,ok
average,20,0.5800000000000001,0.31499999999999995,0.07591209521083078,16,5,302,11,ok
average,20,0.59,0.3075,0.07591209521083078,16,5,302,11,ok
average,20,0.6,0.30000000000000004,0.07591209521083078,16,5,302,11,ok
average,20,0.61,0.2925,0.11957161620978052,16,6,303,10,ok
average,20,0.62,0.28500000000000003,0.15125740517790714,17,7,303,10,ok
average,20,0.63,0.27749999999999997,0.15125740517790714,17,7,303,10,ok
average,20,0.64,0.27,0.15125740517790714,17,7,303,10,ok
average,20,0.65,0.26249999999999996,0.15420691775174106,17,7,303,10,ok
average,20,0.66,0.255,0.1691480143643386,18,8,303,10,ok
average,20,0.67,0.24749999999999997,0.1691480143643386,18,8,303,10,ok
average,20,0.68,0.23999999999999996,0.1691480143643386,18,8,303,10,ok
average,20,0.6900000000000001,0.23249999999999996,0.1691480143643386,18,8,303,10,ok
average,20,0.7000000000000001,0.22499999999999995,0.1691480143643386,18,8,303,10,ok
average,20,0.7100000000000001,0.21749999999999994,0.1691480143643386,18,8,303,10,ok
average,20,0.72,0.21000000000000002,0.17407058518208868,19,9,303,10,ok
average,20,0.73,0.2025,0.17407058518208868,19,9,303,10,ok
average,20,0.74,0.195,0.17407058518208868,19,9,303,10,ok
average,20,0.75,0.1875,0.17407058518208868,19,9,303,10,ok
average,20,0.76,0.18,0.17407058518208868,19,9,303,10,ok
average,20,0.77,0.1725,0.17407058518208868,19,9,303,10,ok
average,20,0.78,0.16499999999999998,0.17407058518208868,19,9,303,10,ok
average,20,0.79,0.15749999999999997,0.17407058518208868,19,9,303,10,ok
average,20,0.8,0.14999999999999997,0.17407058518208868,19,9,303,10,ok
average,20,0.81,0.14249999999999996,0.17407058518208868,19,9,303,10,ok
average,20,0.8200000000000001,0.13499999999999995,0.17407058518208868,19,9,303,10,ok
average,20,0.8300000000000001,0.12749999999999995,0.17407058518208868,19,9,303,10,ok
average,20,0.8400000000000001,0.11999999999999994,0.17407058518208868,19,9,303,10,ok
average,20,0.85,0.11250000000000002,0.17407058518208868,19,9,303,10,ok
average,20,0.86,0.10500000000000001,0.17407058518208868,19,9,303,10,ok
average,20,0.87,0.0975,0.17302850835437086,19,9,303,10,ok
average,20,0.88,0.09,0.17302850835437086,19,9,303,10,ok
average,20,0.89,0.08249999999999999,0.17390581880071782,19,9,303,10,ok
average,20,0.9,0.07499999999999998,0.17390581880071782,19,9,303,10,ok
average,20,0.91,0.06749999999999998,0.17390581880071782,19,9,303,10,ok
average,20,0.92,0.05999999999999997,0.17390581880071782,19,9,303,10,ok
average,20,0.93,0.05249999999999996,0.17390581880071782,19,9,303,10,ok
average,20,0.9400000000000001,0.04499999999999996,0.17390581880071782,19,9,303,10,ok
average,20,0.9500000000000001,0.03749999999999995,0.17390581880071782,19,9,303,10,ok
average,20,0.9600000000000001,0.029999999999999943,0.17390581880071782,19,9,303,10,ok
average,20,0.97,0.02250000000000002,0.17390581880071782,19,9,303,10,ok
average,20,0.98,0.015000000000000013,0.17390581880071782,19,9,303,10,ok
average,20,0.99,0.007500000000000007,0.17390581880071782,19,9,303,10,ok
average,20,1,0,0.17390581880071782,19,9,303,10,ok
complete,1,0.01,0.7424999999999999,0,313,0,0,313,ok
complete,1,0.02,0.735,0,313,0,0,313,ok
complete,1,0.03,0.7275,0,313,0,0,313,ok
complete,1,0.04,0.72,0,313,0,0,313,ok
complete,1,0.05,0.7124999999999999,0,313,0,0,313,ok
complete,1,0.060000000000000005,0.705,0,313,0,0,313,ok
complete,1,0.06999999999999999,0.6975,0,313,0,0,313,ok
complete,1,0.08,0.6900000000000001,0,313,0,0,313,ok
complete,1,0.09,0.6825,0,313,0,0,313,ok
complete,1,0.09999999999999999,0.675,0,313,0,0,313,ok
complete,1,0.11,0.6675,0,313,0,0,313,ok
complete,1,0.12,0.66,0,313,0,0,313,ok
complete,1,0.13,0.6525,0,313,0,0,313,ok
complete,1,0.14,0.645,0,313,0,0,313,ok
complete,1,0.15000000000000002,0.6375,0,313,0,0,313,ok
complete,1,0.16,0.63,0,313,0,0,313,ok
complete,1,0.17,0.6224999999999999,0,313,0,0,313,ok
complete,1,0.18000000000000002,0.615,0,313,0,0,313,ok
complete,1,0.19,0.6075,0,313,0,0,313,ok
complete,1,0.2,0.6000000000000001,0,313,0,0,313,ok
complete,1,0.21000000000000002,0.5925,0.012666697331356386,20,2,295,18,ok
complete,1,0.22,0.585,0.012666697331356386,20,2,295,18,ok
complete,1,0.23,0.5775,0.05132529105891943,22,4,295,18,ok
complete,1,0.24000000000000002,0.5700000000000001,0.05132529105891943,22,4,295,18,ok
complete,1,0.25,0.5625,0.05837296656654217,24,6,295,18,ok
complete,1,0.26,0.5549999999999999,0.07684945036142822,25,7,295,18,ok
complete,1,0.27,0.5475,0.11940133265689754,29,11,295,18,ok
complete,1,0.28,0.54,0.11940133265689754,29,11,295,18,ok
complete,1,0.29000000000000004,0.5325,0.14514669698676308,30,12,295,18,ok
complete,1,0.3,0.5249999999999999,0.13577727395893,30,12,295,18,ok
complete,1,0.31,0.5175,0.14970365626948237,31,13,295,18,ok
complete,1,0.32,0.51,0.14970365626948237,31,13,295,18,ok
complete,1,0.33,0.5025,0.14970365626948237,31,13,295,18,ok
complete,1,0.34,0.49499999999999994,0.14970365626948237,31,13,295,18,ok
complete,1,0.35000000000000003,0.48749999999999993,0.19007436739596495,33,15,295,18,ok
complete,1,0.36000000000000004,0.4799999999999999,0.19007436739596495,33,15,295,18,ok
complete,1,0.37,0.47250000000000003,0.19007436739596495,33,15,295,18,ok
complete,1,0.38,0.46499999999999997,0.23345652547812115,37,19,295,18,ok
complete,1,0.39,0.4575,0.26993075219559315,20,20,313,0,ok
complete,1,0.4,0.44999999999999996,0.2647154313728231,21,21,313,0,ok
complete,1,0.41000000000000003,0.4425,0.27101371883038905,22,22,313,0,ok
complete,1,0.42000000000000004,0.43499999999999994,0.27101371883038905,22,22,313,0,ok
complete,1,0.43,0.42750000000000005,0.27750264587821116,23,23,313,0,ok
complete,1,0.44,0.42000000000000004,0.27750264587821116,23,23,313,0,ok
complete,1,0.45,0.41250000000000003,0.280465113223762,26,26,313,0,ok
complete,1,0.46,0.405,0.29205849020758284,28,28,313,0,ok
complete,1,0.47000000000000003,0.3975,0.31617769720406075,31,31,313,0,ok
complete,1,0.48000000000000004,0.39,0.32115814667718773,32,32,313,0,ok
complete,1,0.49,0.3825,0.32607408153820644,33,33,313,0,ok
complete,1,0.5,0.375,0.3334919904667356,35,35,313,0,ok
complete,1,0.51,0.3675,0.3334919904667356,35,35,313,0,ok
complete,1,0.52,0.36,0.32824556067341093,34,34,313,0,ok
complete,1,0.53,0.3525,0.3260797102616025,35,35,313,0,ok
complete,1,0.54,0.345,0.3569909725273509,37,37,313,0,ok
complete,1,0.55,0.33749999999999997,0.3569909725273509,37,37,313,0,ok
complete,1,0.56,0.32999999999999996,0.3569909725273509,37,37,313,0,ok
complete,1,0.5700000000000001,0.32249999999999995,0.378375306111851,42,42,313,0,ok
complete,1,0.5800000000000001,0.31499999999999995,0.3599360641388321,44,44,313,0,ok
complete,1,0.59,0.3075,0.3599360641388321,44,44,313,0,ok
complete,1,0.6,0.30000000000000004,0.3599360641388321,44,44,313,0,ok
complete,1,0.61,0.2925,0.3720432270478721,47,47,313,0,ok
complete,1,0.62,0.28500000000000003,0.3761640787380146,47,47,313,0,ok
complete,1,0.63,0.27749999999999997,0.3738168042712335,50,50,313,0,ok
complete,1,0.64,0.27,0.3831035194374655,53,53,313,0,ok
complete,1,0.65,0.26249999999999996,0.38241702935642347,55,55,313,0,ok
complete,1,0.66,0.255,0.3799137028913832,56,56,313,0,ok
complete,1,0.67,0.24749999999999997,0.3799137028913832,56,56,313,0,ok
complete,1,0.68,0.23999999999999996,0.3799137028913832,56,56,313,0,ok
complete,1,0.6900000000000001,0.23249999999999996,0.4385671024515249,62,62,313,0,ok
complete,1,0.7000000000000001,0.22499999999999995,0.47425757591835127,64,64,313,0,ok
complete,1,0.7100000000000001,0.21749999999999994,0.45870920303240703,66,66,313,0,ok
complete,1,0.72,0.21000000000000002,0.4596972560088344,70,70,313,0,ok
complete,1,0.73,0.2025,0.4582977559639501,72,72,313,0,ok
complete,1,0.74,0.195,0.4457175558662508,73,73,313,0,ok
complete,1,0.75,0.1875,0.44596964342200607,79,79,313,0,ok
complete,1,0.76,0.18,0.44596964342200607,79,79,313,0,ok
complete,1,0.77,0.1725,0.4512495775772325,80,80,313,0,ok
complete,1,0.78,0.16499999999999998,0.4487044942555922,82,82,313,0,ok
complete,1,0.79,0.15749999999999997,0.45635822132282294,83,83,313,0,ok
complete,1,0.8,0.14999999999999997,0.44499940111650677,85,85,313,0,ok
complete,1,0.81,0.14249999999999996,0.42954772578725275,90,90,313,0,ok
complete,1,0.8200000000000001,0.13499999999999995,0.42954772578725275,90,90,313,0,ok
complete,1,0.8300000000000001,0.12749999999999995,0.43203847095932457,92,92,313,0,ok
complete,1,0.8400000000000001,0.11999999999999994,0.43203847095932457,92,92,313,0,ok
complete,1,0.85,0.11250000000000002,0.4247363663754143,93,93,313,0,ok
complete,1,0.86,0.10500000000000001,0.41241724786425693,95,95,313,0,ok
complete,1,0.87,0.0975,0.40970814892131685,96,96,313,0,ok
complete,1,0.88,0.09,0.4117693120864493,97,97,313,0,ok
complete,1,0.89,0.08249999999999999,0.40485846785784785,100,100,313,0,ok
complete,1,0.9,0.07499999999999998,0.3921106250612714,103,103,313,0,ok
complete,1,0.91,0.06749999999999998,0.39015655277332056,104,104,313,0,ok
complete,1,0.92,0.05999999999999997,0.3821856912517684,105,105,313,0,ok
complete,1,0.93,0.05249999999999996,0.37413721376521475,106,106,313,0,ok
complete,1,0.9400000000000001,0.04499999999999996,0.35420767705328243,108,108,313,0,ok
complete,1,0.9500000000000001,0.03749999999999995,0.344919744206257,110,110,313,0,ok
complete,1,0.9600000000000001,0.029999999999999943,0.33765263381916555,112,112,313,0,ok
complete,1,0.97,0.02250000000000002,0.3319094177052299,113,113,313,0,ok
complete,1,0.98,0.015000000000000013,0.3319094177052299,113,113,313,0,ok
complete,1,0.99,0.007500000000000007,0.3319094177052299,113,113,313,0,ok
complete,1,1,0,0.3319094177052299,113,113,313,0,ok
complete,2,0.01,0.7424999999999999,0,313,0,0,313,ok
complete,2,0.02,0.735,0,313,0,0,313,ok
complete,2,0.03,0.7275,0,313,0,0,313,ok
complete,2,0.04,0.72,0,313,0,0,313,ok
complete,2,0.05,0.7124999999999999,0,313,0,0,313,ok
complete,2,0.060000000000000005,0.705,0,313,0,0,313,ok
complete,2,0.06999999999999999,0.6975,0,313,0,0,313,ok
complete,2,0.08,0.6900000000000001,0,313,0,0,313,ok
complete,2,0.09,0.6825,0,313,0,0,313,ok
complete,2,0.09999999999999999,0.675,0,313,0,0,313,ok
complete,2,0.11,0.6675,0,313,0,0,313,ok
complete,2,0.12,0.66,0,313,0,0,313,ok
complete,2,0.13,0.6525,0,313,0,0,313,ok
complete,2,0.14,0.645,0,313,0,0,313,ok
complete,2,0.15000000000000002,0.6375,0,313,0,0,313,ok
complete,2,0.16,0.63,0,313,0,0,313,ok
complete,2,0.17,0.6224999999999999,0,313,0,0,313,ok
complete,2,0.18000000000000002,0.615,0.023186440258935855,20,2,295,18,ok
complete,2,0.19,0.6075,0.023186440258935855,20,2,295,18,ok
complete,2,0.2,0.6000000000000001,0.023186440258935855,20,2,295,18,ok
complete,2,0.21000000000000002,0.5925,0.05132529105891943,22,4,295,18,ok
complete,2,0.22,0.585,0.05132529105891943,22,4,295,18,ok
complete,2,0.23,0.5775,0.05132529105891943,22,4,295,18,ok
complete,2,0.24000000000000002,0.5700000000000001,0.05132529105891943,22,4,295,18,ok
complete,2,0.25,0.5625,0.07669358181446816,23,5,295,18,ok
complete,2,0.26,0.5549999999999999,0.09901284152065738,24,6,295,18,ok
complete,2,0.27,0.5475,0.09788351375611537,25,7,295,18,ok
complete,2,0.28,0.54,0.10463632315619012,26,8,295,18,ok
complete,2,0.29000000000000004,0.5325,0.12361934148889858,27,9,295,18,ok
complete,2,0.3,0.5249999999999999,0.11907470489962518,27,9,295,18,ok
complete,2,0.31,0.5175,0.16674641162711593,29,11,295,18,ok
complete,2,0.32,0.51,0.1738172854238661,30,12,295,18,ok
complete,2,0.33,0.5025,0.1738172854238661,30,12,295,18,ok
complete,2,0.34,0.49499999999999994,0.17717542687699295,31,13,295,18,ok
complete,2,0.35000000000000003,0.48749999999999993,0.17717542687699295,31,13,295,18,ok
complete,2,0.36000000000000004,0.4799999999999999,0.18151934342241285,32,14,295,18,ok
complete,2,0.37,0.47250000000000003,0.18151934342241285,32,14,295,18,ok
complete,2,0.38,0.46499999999999997,0.19833727184878383,34,16,295,18,ok
complete,2,0.39,0.4575,0.23061442863125248,17,17,313,0,ok
complete,2,0.4,0.44999999999999996,0.23061442863125248,17,17,313,0,ok
complete,2,0.41000000000000003,0.4425,0.23677448355274217,18,18,313,0,ok
complete,2,0.42000000000000004,0.43499999999999994,0.23677448355274217,18,18,313,0,ok
complete,2,0.43,0.42750000000000005,0.23677448355274217,18,18,313,0,ok
complete,2,0.44,0.42000000000000004,0.23677448355274217,18,18,313,0,ok
complete,2,0.45,0.41250000000000003,0.2706441308545919,22,22,313,0,ok
complete,2,0.46,0.405,0.2706441308545919,22,22,313,0,ok
complete,2,0.47000000000000003,0.3975,0.29855227487181535,26,26,313,0,ok
complete,2,0.48000000000000004,0.39,0.29835537990193123,27,27,313,0,ok
complete,2,0.49,0.3825,0.3024796012591622,28,28,313,0,ok
complete,2,0.5,0.375,0.3024796012591622,28,28,313,0,ok
complete,2,0.51,0.3675,0.31157242988799544,30,30,313,0,ok
complete,2,0.52,0.36,0.3070375636095736,29,29,313,0,ok
complete,2,0.53,0.3525,0.3070375636095736,29,29,313,0,ok
complete,2,0.54,0.345,0.3334387630069179,31,31,313,0,ok
complete,2,0.55,0.33749999999999997,0.3472519391045112,32,32,313,0,ok
complete,2,0.56,0.32999999999999996,0.3472519391045112,32,32,313,0,ok
complete,2,0.5700000000000001,0.32249999999999995,0.3666404466803371,37,37,313,0,ok
complete,2,0.5800000000000001,0.31499999999999995,0.3666404466803371,37,37,313,0,ok
complete,2,0.59,0.3075,0.3690898032630785,40,40,313,0,ok
complete,2,0.6,0.30000000000000004,0.3647923134844093,44,44,313,0,ok
complete,2,0.61,0.2925,0.3647923134844093,44,44,313,0,ok
complete,2,0.62,0.28500000000000003,0.37099935534996503,46,46,313,0,ok
complete,2,0.63,0.27749999999999997,0.36921499183152673,47,47,313,0,ok
complete,2,0.64,0.27,0.3756281231946446,49,49,313,0,ok
complete,2,0.65,0.26249999999999996,0.3756281231946446,49,49,313,0,ok
complete,2,0.66,0.255,0.3892586706948925,52,52,313,0,ok
complete,2,0.67,0.24749999999999997,0.3892586706948925,52,52,313,0,ok
complete,2,0.68,0.23999999999999996,0.4130744435117608,53,53,313,0,ok
complete,2,0.6900000000000001,0.23249999999999996,0.40878692544596357,57,57,313,0,ok
complete,2,0.7000000000000001,0.22499999999999995,0.4383781875580399,59,59,313,0,ok
complete,2,0.7100000000000001,0.21749999999999994,0.42022003043608996,61,61,313,0,ok
complete,2,0.72,0.21000000000000002,0.48403972288103186,66,66,313,0,ok
complete,2,0.73,0.2025,0.48403972288103186,66,66,313,0,ok
complete,2,0.74,0.195,0.4706563019226204,65,65,313,0,ok
complete,2,0.75,0.1875,0.4688335596243196,68,68,313,0,ok
complete,2,0.76,0.18,0.4685356246361374,69,69,313,0,ok
complete,2,0.77,0.1725,0.48685580688191166,73,73,313,0,ok
complete,2,0.78,0.16499999999999998,0.4869513885023393,76,76,313,0,ok
complete,2,0.79,0.15749999999999997,0.49463057180750786,77,77,313,0,ok
complete,2,0.8,0.14999999999999997,0.4671282645804997,81,81,313,0,ok
complete,2,0.81,0.14249999999999996,0.4693866635660718,85,85,313,0,ok
complete,2,0.8200000000000001,0.13499999999999995,0.465676967663138,86,86,313,0,ok
complete,2,0.8300000000000001,0.12749999999999995,0.45557568945134597,90,90,313,0,ok
complete,2,0.8400000000000001,0.11999999999999994,0.45557568945134597,90,90,313,0,ok
complete,2,0.85,0.11250000000000002,0.4486030882431663,91,91,313,0,ok
complete,2,0.86,0.10500000000000001,0.43684428988841895,93,93,313,0,ok
complete,2,0.87,0.0975,0.42664645752086355,95,95,313,0,ok
complete,2,0.88,0.09,0.4117693120864493,97,97,313,0,ok
complete,2,0.89,0.08249999999999999,0.40485846785784785,100,100,313,0,ok
complete,2,0.9,0.07499999999999998,0.3926852962625262,102,102,313,0,ok
complete,2,0.91,0.06749999999999998,0.3907455420222998,103,103,313,0,ok
complete,2,0.92,0.05999999999999997,0.38282867866845116,104,104,313,0,ok
complete,2,0.93,0.05249999999999996,0.37413721376521475,106,106,313,0,ok
complete,2,0.9400000000000001,0.04499999999999996,0.37614031428486655,107,107,313,0,ok
complete,2,0.9500000000000001,0.03749999999999995,0.36722823195602056,109,109,313,0,ok
complete,2,0.9600000000000001,0.029999999999999943,0.33765263381916555,112,112,313,0,ok
complete,2,0.97,0.02250000000000002,0.3319094177052299,113,113,313,0,ok
complete,2,0.98,0.015000000000000013,0.3319094177052299,113,113,313,0,ok
complete,2,0.99,0.007500000000000007,0.3319094177052299,113,113,313,0,ok
complete,2,1,0,0.3319094177052299,113,113,313,0,ok
complete,5,0.01,0.7424999999999999,0,313,0,0,313,ok
complete,5,0.02,0.735,0,313,0,0,313,ok
complete,5,0.03,0.7275,0,313,0,0,313,ok
complete,5,0.04,0.72,0,313,0,0,313,ok
complete,5,0.05,0.7124999999999999,0,313,0,0,313,ok
complete,5,0.060000000000000005,0.705,0,313,0,0,313,ok
complete,5,0.06999999999999999,0.6975,0,313,0,0,313,ok
complete,5,0.08,0.6900000000000001,0,313,0,0,313,ok
complete,5,0.09,0.6825,0,313,0,0,313,ok
complete,5,0.09999999999999999,0.675,0,313,0,0,313,ok
complete,5,0.11,0.6675,0,313,0,0,313,ok
complete,5,0.12,0.66,0,313,0,0,313,ok
complete,5,0.13,0.6525,0,313,0,0,313,ok
complete,5,0.14,0.645,0,313,0,0,313,ok
complete,5,0.15000000000000002,0.6375,0,313,0,0,313,ok
complete,5,0.16,0.63,0,313,0,0,313,ok
complete,5,0.17,0.6224999999999999,0,313,0,0,313,ok
complete,5,0.18000000000000002,0.615,0.023186440258935855,20,2,295,18,ok
complete,5,0.19,0.6075,0.023186440258935855,20,2,295,18,ok
complete,5,0.2,0.6000000000000001,0.0306897452871336,21,3,295,18,ok
complete,5,0.21000000000000002,0.5925,0.0306897452871336,21,3,295,18,ok
complete,5,0.22,0.585,0.0306897452871336,21,3,295,18,ok
complete,5,0.23,0.5775,0.0306897452871336,21,3,295,18,ok
complete,5,0.24000000000000002,0.5700000000000001,0.0306897452871336,21,3,295,18,ok
complete,5,0.25,0.5625,0.023186440258935855,20,2,295,18,ok
complete,5,0.26,0.5549999999999999,0.023186440258935855,20,2,295,18,ok
complete,5,0.27,0.5475,0.0306897452871336,21,3,295,18,ok
complete,5,0.28,0.54,0.09901284152065738,24,6,295,18,ok
complete,5,0.29000000000000004,0.5325,0.10575696303055726,25,7,295,18,ok
complete,5,0.3,0.5249999999999999,0.10575696303055726,25,7,295,18,ok
complete,5,0.31,0.5175,0.10575696303055726,25,7,295,18,ok
complete,5,0.32,0.51,0.10575696303055726,25,7,295,18,ok
complete,5,0.33,0.5025,0.14967045626535974,28,10,295,18,ok
complete,5,0.34,0.49499999999999994,0.14967045626535974,28,10,295,18,ok
complete,5,0.35000000000000003,0.48749999999999993,0.14967045626535974,28,10,295,18,ok
complete,5,0.36000000000000004,0.4799999999999999,0.14967045626535974,28,10,295,18,ok
complete,5,0.37,0.47250000000000003,0.14967045626535974,28,10,295,18,ok
complete,5,0.38,0.46499999999999997,0.18203670178955075,29,11,295,18,ok
complete,5,0.39,0.4575,0.19253546029840302,30,12,295,18,ok
complete,5,0.4,0.44999999999999996,0.19253546029840302,30,12,295,18,ok
complete,5,0.41000000000000003,0.4425,0.22369780738072695,13,13,313,0,ok
complete,5,0.42000000000000004,0.43499999999999994,0.23222596843273624,14,14,313,0,ok
complete,5,0.43,0.42750000000000005,0.23222596843273624,14,14,313,0,ok
complete,5,0.44,0.42000000000000004,0.23222596843273624,14,14,313,0,ok
complete,5,0.45,0.41250000000000003,0.23858206997432208,15,15,313,0,ok
complete,5,0.46,0.405,0.24982838882175903,16,16,313,0,ok
complete,5,0.47000000000000003,0.3975,0.24982838882175903,16,16,313,0,ok
complete,5,0.48000000000000004,0.39,0.24982838882175903,16,16,313,0,ok
complete,5,0.49,0.3825,0.2558630622091521,17,17,313,0,ok
complete,5,0.5,0.375,0.2558630622091521,17,17,313,0,ok
complete,5,0.51,0.3675,0.26185430869943765,18,18,313,0,ok
complete,5,0.52,0.36,0.2639535363758466,19,19,313,0,ok
complete,5,0.53,0.3525,0.26809731504668405,20,20,313,0,ok
complete,5,0.54,0.345,0.26809731504668405,20,20,313,0,ok
complete,5,0.55,0.33749999999999997,0.26809731504668405,20,20,313,0,ok
complete,5,0.56,0.32999999999999996,0.2901044889129259,22,22,313,0,ok
complete,5,0.5700000000000001,0.32249999999999995,0.29975662982346507,23,23,313,0,ok
complete,5,0.5800000000000001,0.31499999999999995,0.29975662982346507,23,23,313,0,ok
complete,5,0.59,0.3075,0.29975662982346507,23,23,313,0,ok
complete,5,0.6,0.30000000000000004,0.28196934025653464,24,24,313,0,ok
complete,5,0.61,0.2925,0.28196934025653464,24,24,313,0,ok
complete,5,0.62,0.28500000000000003,0.28196934025653464,24,24,313,0,ok
complete,5,0.63,0.27749999999999997,0.28196934025653464,24,24,313,0,ok
complete,5,0.64,0.27,0.28196934025653464,24,24,313,0,ok
complete,5,0.65,0.26249999999999996,0.3018545481569659,25,25,313,0,ok
complete,5,0.66,0.255,0.31099037806000884,27,27,313,0,ok
complete,5,0.67,0.24749999999999997,0.3158255818320668,28,28,313,0,ok
complete,5,0.68,0.23999999999999996,0.31363604242203513,29,29,313,0,ok
complete,5,0.6900000000000001,0.23249999999999996,0.32798851890357655,30,30,313,0,ok
complete,5,0.7000000000000001,0.22499999999999995,0.32798851890357655,30,30,313,0,ok
complete,5,0.7100000000000001,0.21749999999999994,0.32798851890357655,30,30,313,0,ok
complete,5,0.72,0.21000000000000002,0.3531306054420403,31,31,313,0,ok
complete,5,0.73,0.2025,0.3666673539053319,32,32,313,0,ok
complete,5,0.74,0.195,0.3666673539053319,32,32,313,0,ok
complete,5,0.75,0.1875,0.3666673539053319,32,32,313,0,ok
complete,5,0.76,0.18,0.3858457267048234,33,33,313,0,ok
complete,5,0.77,0.1725,0.3858457267048234,33,33,313,0,ok
complete,5,0.78,0.16499999999999998,0.38651076205260276,34,34,313,0,ok
complete,5,0.79,0.15749999999999997,0.38651076205260276,34,34,313,0,ok
complete,5,0.8,0.14999999999999997,0.38651076205260276,34,34,313,0,ok
complete,5,0.81,0.14249999999999996,0.38651076205260276,34,34,313,0,ok
complete,5,0.8200000000000001,0.13499999999999995,0.38651076205260276,34,34,313,0,ok
complete,5,0.8300000000000001,0.12749999999999995,0.38651076205260276,34,34,313,0,ok
complete,5,0.8400000000000001,0.11999999999999994,0.38651076205260276,34,34,313,0,ok
complete,5,0.85,0.11250000000000002,0.38651076205260276,34,34,313,0,ok
complete,5,0.86,0.10500000000000001,0.38651076205260276,34,34,313,0,ok
complete,5,0.87,0.0975,0.38651076205260276,34,34,313,0,ok
complete,5,0.88,0.09,0.40896288402351644,35,35,313,0,ok
complete,5,0.89,0.08249999999999999,0.40896288402351644,35,35,313,0,ok
complete,5,0.9,0.07499999999999998,0.40896288402351644,35,35,313,0,ok
complete,5,0.91,0.06749999999999998,0.40896288402351644,35,35,313,0,ok
complete,5,0.92,0.05999999999999997,0.40896288402351644,35,35,313,0,ok
complete,5,0.93,0.05249999999999996,0.40896288402351644,35,35,313,0,ok
complete,5,0.9400000000000001,0.04499999999999996,0.40896288402351644,35,35,313,0,ok
complete,5,0.9500000000000001,0.03749999999999995,0.40896288402351644,35,35,313,0,ok
complete,5,0.9600000000000001,0.029999999999999943,0.40896288402351644,35,35,313,0,ok
complete,5,0.97,0.02250000000000002,0.40896288402351644,35,35,313,0,ok
complete,5,0.98,0.015000000000000013,0.40896288402351644,35,35,313,0,ok
complete,5,0.99,0.007500000000000007,0.40896288402351644,35,35,313,0,ok
complete,5,1,0,0.40896288402351644,35,35,313,0,ok
complete,10,0.01,0.7424999999999999,0,313,0,0,313,ok
complete,10,0.02,0.735,0,313,0,0,313,ok
complete,10,0.03,0.7275,0,313,0,0,313,ok
complete,10,0.04,0.72,0,313,0,0,313,ok
complete,10,0.05,0.7124999999999999,0,313,0,0,313,ok
complete,10,0.060000000000000005,0.705,0,313,0,0,313,ok
complete,10,0.06999999999999999,0.6975,0,313,0,0,313,ok
complete,10,0.08,0.6900000000000001,0,313,0,0,313,ok
complete,10,0.09,0.6825,0,313,0,0,313,ok
complete,10,0.09999999999999999,0.675,0,313,0,0,313,ok
complete,10,0.11,0.6675,0,313,0,0,313,ok
complete,10,0.12,0.66,0,313,0,0,313,ok
complete,10,0.13,0.6525,0,313,0,0,313,ok
complete,10,0.14,0.645,0,313,0,0,313,ok
complete,10,0.15000000000000002,0.6375,0,313,0,0,313,ok
complete,10,0.16,0.63,0,313,0,0,313,ok
complete,10,0.17,0.6224999999999999,0,313,0,0,313,ok
complete,10,0.18000000000000002,0.615,0,313,0,0,313,ok
complete,10,0.19,0.6075,0,313,0,0,313,ok
complete,10,0.2,0.6000000000000001,0,313,0,0,313,ok
complete,10,0.21000000000000002,0.5925,0.004122858144915687,20,2,295,18,ok
complete,10,0.22,0.585,0.004122858144915687,20,2,295,18,ok
complete,10,0.23,0.5775,0.004122858144915687,20,2,295,18,ok
complete,10,0.24000000000000002,0.5700000000000001,0.0306897452871336,21,3,295,18,ok
complete,10,0.25,0.5625,0.0306897452871336,21,3,295,18,ok
complete,10,0.26,0.5549999999999999,0.0306897452871336,21,3,295,18,ok
complete,10,0.27,0.5475,0.0306897452871336,21,3,295,18,ok
complete,10,0.28,0.54,0.050074293019116645,22,4,295,18,ok
complete,10,0.29000000000000004,0.5325,0.050074293019116645,22,4,295,18,ok
complete,10,0.3,0.5249999999999999,0.07388221046267744,23,5,295,18,ok
complete,10,0.31,0.5175,0.09906958252377071,24,6,295,18,ok
complete,10,0.32,0.51,0.09906958252377071,24,6,295,18,ok
complete,10,0.33,0.5025,0.099278672453063,25,7,295,18,ok
complete,10,0.34,0.49499999999999994,0.099278672453063,25,7,295,18,ok
complete,10,0.35000000000000003,0.48749999999999993,0.103267390739093,26,8,295,18,ok
complete,10,0.36000000000000004,0.4799999999999999,0.103267390739093,26,8,295,18,ok
complete,10,0.37,0.47250000000000003,0.103267390739093,26,8,295,18,ok
complete,10,0.38,0.46499999999999997,0.103267390739093,26,8,295,18,ok
complete,10,0.39,0.4575,0.12932805465019512,27,9,295,18,ok
complete,10,0.4,0.44999999999999996,0.12932805465019512,27,9,295,18,ok
complete,10,0.41000000000000003,0.4425,0.19769814737632177,12,12,313,0,ok
complete,10,0.42000000000000004,0.43499999999999994,0.19769814737632177,12,12,313,0,ok
complete,10,0.43,0.42750000000000005,0.19769814737632177,12,12,313,0,ok
complete,10,0.44,0.42000000000000004,0.19769814737632177,12,12,313,0,ok
complete,10,0.45,0.41250000000000003,0.19769814737632177,12,12,313,0,ok
complete,10,0.46,0.405,0.19769814737632177,12,12,313,0,ok
complete,10,0.47000000000000003,0.3975,0.2241105573882177,13,13,313,0,ok
complete,10,0.48000000000000004,0.39,0.2241105573882177,13,13,313,0,ok
complete,10,0.49,0.3825,0.2241105573882177,13,13,313,0,ok
complete,10,0.5,0.375,0.2241105573882177,13,13,313,0,ok
complete,10,0.51,0.3675,0.2241105573882177,13,13,313,0,ok
complete,10,0.52,0.36,0.2241105573882177,13,13,313,0,ok
complete,10,0.53,0.3525,0.2241105573882177,13,13,313,0,ok
complete,10,0.54,0.345,0.2241105573882177,13,13,313,0,ok
complete,10,0.55,0.33749999999999997,0.2241105573882177,13,13,313,0,ok
complete,10,0.56,0.32999999999999996,0.2241105573882177,13,13,313,0,ok
complete,10,0.5700000000000001,0.32249999999999995,0.2241105573882177,13,13,313,0,ok
complete,10,0.5800000000000001,0.31499999999999995,0.2241105573882177,13,13,313,0,ok
complete,10,0.59,0.3075,0.2241105573882177,13,13,313,0,ok
complete,10,0.6,0.30000000000000004,0.22850179157477635,14,14,313,0,ok
complete,10,0.61,0.2925,0.2348213438317949,15,15,313,0,ok
complete,10,0.62,0.28500000000000003,0.2348213438317949,15,15,313,0,ok
complete,10,0.63,0.27749999999999997,0.24120644891050436,16,16,313,0,ok
complete,10,0.64,0.27,0.24120644891050436,16,16,313,0,ok
complete,10,0.65,0.26249999999999996,0.24120644891050436,16,16,313,0,ok
complete,10,0.66,0.255,0.24120644891050436,16,16,313,0,ok
complete,10,0.67,0.24749999999999997,0.24065437591880962,16,16,313,0,ok
complete,10,0.68,0.23999999999999996,0.24065437591880962,16,16,313,0,ok
complete,10,0.6900000000000001,0.23249999999999996,0.24065437591880962,16,16,313,0,ok
complete,10,0.7000000000000001,0.22499999999999995,0.24065437591880962,16,16,313,0,ok
complete,10,0.7100000000000001,0.21749999999999994,0.24065437591880962,16,16,313,0,ok
complete,10,0.72,0.21000000000000002,0.25758077226162335,17,17,313,0,ok
complete,10,0.73,0.2025,0.2711769499869714,18,18,313,0,ok
complete,10,0.74,0.195,0.2711769499869714,18,18,313,0,ok
complete,10,0.75,0.1875,0.2711769499869714,18,18,313,0,ok
complete,10,0.76,0.18,0.2711769499869714,18,18,313,0,ok
complete,10,0.77,0.1725,0.2711769499869714,18,18,313,0,ok
complete,10,0.78,0.16499999999999998,0.2711769499869714,18,18,313,0,ok
complete,10,0.79,0.15749999999999997,0.2711769499869714,18,18,313,0,ok
complete,10,0.8,0.14999999999999997,0.2711769499869714,18,18,313,0,ok
complete,10,0.81,0.14249999999999996,0.2711769499869714,18,18,313,0,ok
complete,10,0.8200000000000001,0.13499999999999995,0.2711769499869714,18,18,313,0,ok
complete,10,0.8300000000000001,0.12749999999999995,0.2711769499869714,18,18,313,0,ok
complete,10,0.8400000000000001,0.11999999999999994,0.2711769499869714,18,18,313,0,ok
complete,10,0.85,0.11250000000000002,0.2711769499869714,18,18,313,0,ok
complete,10,0.86,0.10500000000000001,0.2711769499869714,18,18,313,0,ok
complete,10,0.87,0.0975,0.2711769499869714,18,18,313,0,ok
complete,10,0.88,0.09,0.2711769499869714,18,18,313,0,ok
complete,10,0.89,0.08249999999999999,0.2711769499869714,18,18,313,0,ok
complete,10,0.9,0.07499999999999998,0.2711769499869714,18,18,313,0,ok
complete,10,0.91,0.06749999999999998,0.2711769499869714,18,18,313,0,ok
complete,10,0.92,0.05999999999999997,0.2711769499869714,18,18,313,0,ok
complete,10,0.93,0.05249999999999996,0.2711769499869714,18,18,313,0,ok
complete,10,0.9400000000000001,0.04499999999999996,0.2711769499869714,18,18,313,0,ok
complete,10,0.9500000000000001,0.03749999999999995,0.2711769499869714,18,18,313,0,ok
complete,10,0.9600000000000001,0.029999999999999943,0.2711769499869714,18,18,313,0,ok
complete,10,0.97,0.02250000000000002,0.2711769499869714,18,18,313,0,ok
complete,10,0.98,0.015000000000000013,0.2711769499869714,18,18,313,0,ok
complete,10,0.99,0.007500000000000007,0.2711769499869714,18,18,313,0,ok
complete,10,1,0,0.2711769499869714,18,18,313,0,ok
complete,15,0.01,0.7424999999999999,0,313,0,0,313,ok
complete,15,0.02,0.735,0,313,0,0,313,ok
complete,15,0.03,0.7275,0,313,0,0,313,ok
complete,15,0.04,0.72,0,313,0,0,313,ok
complete,15,0.05,0.7124999999999999,0,313,0,0,313,ok
complete,15,0.060000000000000005,0.705,0,313,0,0,313,ok
complete,15,0.06999999999999999,0.6975,0,313,0,0,313,ok
complete,15,0.08,0.6900000000000001,0,313,0,0,313,ok
complete,15,0.09,0.6825,0,313,0,0,313,ok
complete,15,0.09999999999999999,0.675,0,313,0,0,313,ok
complete,15,0.11,0.6675,0,313,0,0,313,ok
complete,15,0.12,0.66,0,313,0,0,313,ok
complete,15,0.13,0.6525,0,313,0,0,313,ok
complete,15,0.14,0.645,0,313,0,0,313,ok
complete,15,0.15000000000000002,0.6375,0,313,0,0,313,ok
complete,15,0.16,0.63,0,313,0,0,313,ok
complete,15,0.17,0.6224999999999999,0,313,0,0,313,ok
complete,15,0.18000000000000002,0.615,0,313,0,0,313,ok
complete,15,0.19,0.6075,0,313,0,0,313,ok
complete,15,0.2,0.6000000000000001,0,313,0,0,313,ok
complete,15,0.21000000000000002,0.5925,0,313,0,0,313,ok
complete,15,0.22,0.585,0.004130252297652193,20,2,295,18,ok
complete,15,0.23,0.5775,0.004130252297652193,20,2,295,18,ok
complete,15,0.24000000000000002,0.5700000000000001,0.004130252297652193,20,2,295,18,ok
complete,15,0.25,0.5625,0.004130252297652193,20,2,295,18,ok
complete,15,0.26,0.5549999999999999,0.004130252297652193,20,2,295,18,ok
complete,15,0.27,0.5475,0.004130252297652193,20,2,295,18,ok
complete,15,0.28,0.54,0.004130252297652193,20,2,295,18,ok
complete,15,0.29000000000000004,0.5325,0.004130252297652193,20,2,295,18,ok
complete,15,0.3,0.5249999999999999,0.004130252297652193,20,2,295,18,ok
complete,15,0.31,0.5175,0.004130252297652193,20,2,295,18,ok
complete,15,0.32,0.51,0.05455570736366949,22,4,295,18,ok
complete,15,0.33,0.5025,0.05455570736366949,22,4,295,18,ok
complete,15,0.34,0.49499999999999994,0.05455570736366949,22,4,295,18,ok
complete,15,0.35000000000000003,0.48749999999999993,0.07270020466184254,23,5,295,18,ok
complete,15,0.36000000000000004,0.4799999999999999,0.07270020466184254,23,5,295,18,ok
complete,15,0.37,0.47250000000000003,0.07270020466184254,23,5,295,18,ok
complete,15,0.38,0.46499999999999997,0.07270020466184254,23,5,295,18,ok
complete,15,0.39,0.4575,0.07270020466184254,23,5,295,18,ok
complete,15,0.4,0.44999999999999996,0.07270020466184254,23,5,295,18,ok
complete,15,0.41000000000000003,0.4425,0.11653992363062746,25,7,295,18,ok
complete,15,0.42000000000000004,0.43499999999999994,0.15976927759537757,9,9,313,0,ok
complete,15,0.43,0.42750000000000005,0.15976927759537757,9,9,313,0,ok
complete,15,0.44,0.42000000000000004,0.15976927759537757,9,9,313,0,ok
complete,15,0.45,0.41250000000000003,0.15959777594573743,9,9,313,0,ok
complete,15,0.46,0.405,0.15959777594573743,9,9,313,0,ok
complete,15,0.47000000000000003,0.3975,0.15959777594573743,9,9,313,0,ok
complete,15,0.48000000000000004,0.39,0.1848692127213357,10,10,313,0,ok
complete,15,0.49,0.3825,0.1848692127213357,10,10,313,0,ok
complete,15,0.5,0.375,0.1848692127213357,10,10,313,0,ok
complete,15,0.51,0.3675,0.1848692127213357,10,10,313,0,ok
complete,15,0.52,0.36,0.1848692127213357,10,10,313,0,ok
complete,15,0.53,0.3525,0.1848692127213357,10,10,313,0,ok
complete,15,0.54,0.345,0.1848692127213357,10,10,313,0,ok
complete,15,0.55,0.33749999999999997,0.1848692127213357,10,10,313,0,ok
complete,15,0.56,0.32999999999999996,0.1848692127213357,10,10,313,0,ok
complete,15,0.5700000000000001,0.32249999999999995,0.1848692127213357,10,10,313,0,ok
complete,15,0.5800000000000001,0.31499999999999995,0.1848692127213357,10,10,313,0,ok
complete,15,0.59,0.3075,0.1848692127213357,10,10,313,0,ok
complete,15,0.6,0.30000000000000004,0.1848692127213357,10,10,313,0,ok
complete,15,0.61,0.2925,0.1848692127213357,10,10,313,0,ok
complete,15,0.62,0.28500000000000003,0.1848692127213357,10,10,313,0,ok
complete,15,0.63,0.27749999999999997,0.1848692127213357,10,10,313,0,ok
complete,15,0.64,0.27,0.1848692127213357,10,10,313,0,ok
complete,15,0.65,0.26249999999999996,0.1848692127213357,10,10,313,0,ok
complete,15,0.66,0.255,0.1848692127213357,10,10,313,0,ok
complete,15,0.67,0.24749999999999997,0.1848692127213357,10,10,313,0,ok
complete,15,0.68,0.23999999999999996,0.1848692127213357,10,10,313,0,ok
complete,15,0.6900000000000001,0.23249999999999996,0.1848692127213357,10,10,313,0,ok
complete,15,0.7000000000000001,0.22499999999999995,0.1848692127213357,10,10,313,0,ok
complete,15,0.7100000000000001,0.21749999999999994,0.1848692127213357,10,10,313,0,ok
complete,15,0.72,0.21000000000000002,0.1848692127213357,10,10,313,0,ok
complete,15,0.73,0.2025,0.1848692127213357,10,10,313,0,ok
complete,15,0.74,0.195,0.1848692127213357,10,10,313,0,ok
complete,15,0.75,0.1875,0.1848692127213357,10,10,313,0,ok
complete,15,0.76,0.18,0.1848692127213357,10,10,313,0,ok
complete,15,0.77,0.1725,0.1848692127213357,10,10,313,0,ok
complete,15,0.78,0.16499999999999998,0.1848692127213357,10,10,313,0,ok
complete,15,0.79,0.15749999999999997,0.1848692127213357,10,10,313,0,ok
complete,15,0.8,0.14999999999999997,0.1848692127213357,10,10,313,0,ok
complete,15,0.81,0.14249999999999996,0.1848692127213357,10,10,313,0,ok
complete,15,0.8200000000000001,0.13499999999999995,0.1848692127213357,10,10,313,0,ok
complete,15,0.8300000000000001,0.12749999999999995,0.1848692127213357,10,10,313,0,ok
complete,15,0.8400000000000001,0.11999999999999994,0.1848692127213357,10,10,313,0,ok
complete,15,0.85,0.11250000000000002,0.1848692127213357,10,10,313,0,ok
complete,15,0.86,0.10500000000000001,0.1848692127213357,10,10,313,0,ok
complete,15,0.87,0.0975,0.1848692127213357,10,10,313,0,ok
complete,15,0.88,0.09,0.1848692127213357,10,10,313,0,ok
complete,15,0.89,0.08249999999999999,0.1848692127213357,10,10,313,0,ok
complete,15,0.9,0.07499999999999998,0.1848692127213357,10,10,313,0,ok
complete,15,0.91,0.06749999999999998,0.1848692127213357,10,10,313,0,ok
complete,15,0.92,0.05999999999999997,0.1848692127213357,10,10,313,0,ok
complete,15,0.93,0.05249999999999996,0.1848692127213357,10,10,313,0,ok
complete,15,0.9400000000000001,0.04499999999999996,0.1848692127213357,10,10,313,0,ok
complete,15,0.9500000000000001,0.03749999999999995,0.1848692127213357,10,10,313,0,ok
complete,15,0.9600000000000001,0.029999999999999943,0.1848692127213357,10,10,313,0,ok
complete,15,0.97,0.02250000000000002,0.1848692127213357,10,10,313,0,ok
complete,15,0.98,0.015000000000000013,0.1848692127213357,10,10,313,0,ok
complete,15,0.99,0.007500000000000007,0.1848692127213357,10,10,313,0,ok
complete,15,1,0,0.1848692127213357,10,10,313,0,ok
complete,20,0.01,0.7424999999999999,0,313,0,0,313,ok
complete,20,0.02,0.735,0,313,0,0,313,ok
complete,20,0.03,0.7275,0,313,0,0,313,ok
complete,20,0.04,0.72,0,313,0,0,313,ok
complete,20,0.05,0.7124999999999999,0,313,0,0,313,ok
complete,20,0.060000000000000005,0.705,0,313,0,0,313,ok
complete,20,0.06999999999999999,0.6975,0,313,0,0,313,ok
complete,20,0.08,0.6900000000000001,0,313,0,0,313,ok
complete,20,0.09,0.6825,0,313,0,0,313,ok
complete,20,0.09999999999999999,0.675,0,313,0,0,313,ok
complete,20,0.11,0.6675,0,313,0,0,313,ok
complete,20,0.12,0.66,0,313,0,0,313,ok
complete,20,0.13,0.6525,0,313,0,0,313,ok
complete,20,0.14,0.645,0,313,0,0,313,ok
complete,20,0.15000000000000002,0.6375,0,313,0,0,313,ok
complete,20,0.16,0.63,0,313,0,0,313,ok
complete,20,0.17,0.6224999999999999,0,313,0,0,313,ok
complete,20,0.18000000000000002,0.615,0,313,0,0,313,ok
complete,20,0.19,0.6075,0,313,0,0,313,ok
complete,20,0.2,0.6000000000000001,0,313,0,0,313,ok
complete,20,0.21000000000000002,0.5925,0,313,0,0,313,ok
complete,20,0.22,0.585,0,313,0,0,313,ok
complete,20,0.23,0.5775,0.004122858144915687,20,2,295,18,ok
complete,20,0.24000000000000002,0.5700000000000001,0.004122858144915687,20,2,295,18,ok
complete,20,0.25,0.5625,0.004122858144915687,20,2,295,18,ok
complete,20,0.26,0.5549999999999999,0.004130252297652193,20,2,295,18,ok
complete,20,0.27,0.5475,0.004130252297652193,20,2,295,18,ok
complete,20,0.28,0.54,0.004130252297652193,20,2,295,18,ok
complete,20,0.29000000000000004,0.5325,0.004130252297652193,20,2,295,18,ok
complete,20,0.3,0.5249999999999999,0.004130252297652193,20,2,295,18,ok
complete,20,0.31,0.5175,0.004130252297652193,20,2,295,18,ok
complete,20,0.32,0.51,0.004130252297652193,20,2,295,18,ok
complete,20,0.33,0.5025,0.0306897452871336,21,3,295,18,ok
complete,20,0.34,0.49499999999999994,0.03032850548072607,21,3,295,18,ok
complete,20,0.35000000000000003,0.48749999999999993,0.05455570736366949,22,4,295,18,ok
complete,20,0.36000000000000004,0.4799999999999999,0.05455570736366949,22,4,295,18,ok
complete,20,0.37,0.47250000000000003,0.05455570736366949,22,4,295,18,ok
complete,20,0.38,0.46499999999999997,0.05455570736366949,22,4,295,18,ok
complete,20,0.39,0.4575,0.05455570736366949,22,4,295,18,ok
complete,20,0.4,0.44999999999999996,0.07270020466184254,23,5,295,18,ok
complete,20,0.41000000000000003,0.4425,0.07270020466184254,23,5,295,18,ok
complete,20,0.42000000000000004,0.43499999999999994,0.09415181896907976,24,6,295,18,ok
complete,20,0.43,0.42750000000000005,0.10853590055387002,25,7,295,18,ok
complete,20,0.44,0.42000000000000004,0.13616994397718274,26,8,295,18,ok
complete,20,0.45,0.41250000000000003,0.13616994397718274,26,8,295,18,ok
complete,20,0.46,0.405,0.13616994397718274,26,8,295,18,ok
complete,20,0.47000000000000003,0.3975,0.1579587661683568,27,9,295,18,ok
complete,20,0.48000000000000004,0.39,0.1579587661683568,27,9,295,18,ok
complete,20,0.49,0.3825,0.15854733756283174,27,9,295,18,ok
complete,20,0.5,0.375,0.15854733756283174,27,9,295,18,ok
complete,20,0.51,0.3675,0.15854733756283174,27,9,295,18,ok
complete,20,0.52,0.36,0.15854733756283174,27,9,295,18,ok
complete,20,0.53,0.3525,0.15854733756283174,27,9,295,18,ok
complete,20,0.54,0.345,0.15854733756283174,27,9,295,18,ok
complete,20,0.55,0.33749999999999997,0.15854733756283174,27,9,295,18,ok
complete,20,0.56,0.32999999999999996,0.15854733756283174,27,9,295,18,ok
complete,20,0.5700000000000001,0.32249999999999995,0.15854733756283174,27,9,295,18,ok
complete,20,0.5800000000000001,0.31499999999999995,0.15854733756283174,27,9,295,18,ok
complete,20,0.59,0.3075,0.15854733756283174,27,9,295,18,ok
complete,20,0.6,0.30000000000000004,0.15854733756283174,27,9,295,18,ok
complete,20,0.61,0.2925,0.15854733756283174,27,9,295,18,ok
complete,20,0.62,0.28500000000000003,0.15854733756283174,27,9,295,18,ok
complete,20,0.63,0.27749999999999997,0.15854733756283174,27,9,295,18,ok
complete,20,0.64,0.27,0.15854733756283174,27,9,295,18,ok
complete,20,0.65,0.26249999999999996,0.15854733756283174,27,9,295,18,ok
complete,20,0.66,0.255,0.15854733756283174,27,9,295,18,ok
complete,20,0.67,0.24749999999999997,0.15854733756283174,27,9,295,18,ok
complete,20,0.68,0.23999999999999996,0.15854733756283174,27,9,295,18,ok
complete,20,0.6900000000000001,0.23249999999999996,0.15854733756283174,27,9,295,18,ok
complete,20,0.7000000000000001,0.22499999999999995,0.15854733756283174,27,9,295,18,ok
complete,20,0.7100000000000001,0.21749999999999994,0.15854733756283174,27,9,295,18,ok
complete,20,0.72,0.21000000000000002,0.15854733756283174,27,9,295,18,ok
complete,20,0.73,0.2025,0.15854733756283174,27,9,295,18,ok
complete,20,0.74,0.195,0.15854733756283174,27,9,295,18,ok
complete,20,0.75,0.1875,0.15854733756283174,27,9,295,18,ok
complete,20,0.76,0.18,0.15854733756283174,27,9,295,18,ok
complete,20,0.77,0.1725,0.15854733756283174,27,9,295,18,ok
complete,20,0.78,0.16499999999999998,0.15854733756283174,27,9,295,18,ok
complete,20,0.79,0.15749999999999997,0.15854733756283174,27,9,295,18,ok
complete,20,0.8,0.14999999999999997,0.15854733756283174,27,9,295,18,ok
complete,20,0.81,0.14249999999999996,0.15854733756283174,27,9,295,18,ok
complete,20,0.8200000000000001,0.13499999999999995,0.15854733756283174,27,9,295,18,ok
complete,20,0.8300000000000001,0.12749999999999995,0.15854733756283174,27,9,295,18,ok
complete,20,0.8400000000000001,0.11999999999999994,0.15854733756283174,27,9,295,18,ok
complete,20,0.85,0.11250000000000002,0.15854733756283174,27,9,295,18,ok
complete,20,0.86,0.10500000000000001,0.15854733756283174,27,9,295,18,ok
complete,20,0.87,0.0975,0.15854733756283174,27,9,295,18,ok
complete,20,0.88,0.09,0.15854733756283174,27,9,295,18,ok
complete,20,0.89,0.08249999999999999,0.15854733756283174,27,9,295,18,ok
complete,20,0.9,0.07499999999999998,0.15854733756283174,27,9,295,18,ok
complete,20,0.91,0.06749999999999998,0.15854733756283174,27,9,295,18,ok
complete,20,0.92,0.05999999999999997,0.15854733756283174,27,9,295,18,ok
complete,20,0.93,0.05249999999999996,0.15854733756283174,27,9,295,18,ok
complete,20,0.9400000000000001,0.04499999999999996,0.15854733756283174,27,9,295,18,ok
complete,20,0.9500000000000001,0.03749999999999995,0.15854733756283174,27,9,295,18,ok
complete,20,0.9600000000000001,0.029999999999999943,0.15854733756283174,27,9,295,18,ok
complete,20,0.97,0.02250000000000002,0.15854733756283174,27,9,295,18,ok
complete,20,0.98,0.015000000000000013,0.15854733756283174,27,9,295,18,ok
complete,20,0.99,0.007500000000000007,0.15854733756283174,27,9,295,18,ok
complete,20,1,0,0.15854733756283174,27,9,295,18,ok
